{"type": "FeatureCollection", "features": [{"type": "Feature", "properties": {"category": "pipeline", "name": "20\" New Kolo Creek MF - Rumuekpe MF", "source": "TNP_BACKUP_LINE-v2.geojson", "stroke": "#d62728", "stroke-width": 1.6, "stroke-opacity": 1}, "geometry": {"type": "LineString", "coordinates": [[6.3764975, 4.8868454], [6.4318721, 4.9128401], [6.4913049, 4.9296416], [6.5522492, 4.9331242], [6.5807661, 4.9477783], [6.6067728, 4.9616309], [6.6285124, 4.9663834], [6.650189, 4.9653154], [6.679436, 4.9699888], [6.6919936, 4.9740122]]}}, {"type": "Feature", "properties": {"category": "pipeline", "name": "20\" Rumuekpe MF - Npoku MF", "source": "TNP_BACKUP_LINE-v2.geojson", "stroke": "#d62728", "stroke-width": 1.6, "stroke-opacity": 1}, "geometry": {"type": "LineString", "coordinates": [[6.6786498, 4.9700222], [6.6987622, 4.9640536], [6.7600114, 4.9423129], [6.8070116, 4.9351012], [6.8310222, 4.9338858], [6.8597849, 4.9278309], [6.8838247, 4.9285328], [6.9087389, 4.9215623], [6.9423347, 4.9164163], [6.9739695, 4.9074592], [6.9893033, 4.9025068], [6.9951934, 4.9120261]]}}, {"type": "Feature", "properties": {"category": "pipeline", "name": "28\" K-Dere MF - Bonny Terminal", "source": "TNP_BACKUP_LINE-v2.geojson", "stroke": "#d62728", "stroke-width": 1.6, "stroke-opacity": 1}, "geometry": {"type": "LineString", "coordinates": [[7.2707104, 4.6627032], [7.2677373, 4.6380601], [7.2448457, 4.5729746], [7.224719, 4.5111864], [7.2247121, 4.5105192], [7.1826775, 4.467691], [7.1790551, 4.4410393]]}}, {"type": "Feature", "properties": {"category": "pipeline", "name": "28\" Ebubu MF - KDere MF", "source": "TNP_BACKUP_LINE-v2.geojson", "stroke": "#d62728", "stroke-width": 1.6, "stroke-opacity": 1}, "geometry": {"type": "LineString", "coordinates": [[7.1444008, 4.7804487], [7.2393101, 4.7066881], [7.2700359, 4.6744044], [7.2714829, 4.6620584]]}}, {"type": "Feature", "properties": {"category": "pipeline", "name": "28\" Npoku MF - Ebubu MF", "source": "TNP_BACKUP_LINE-v2.geojson", "stroke": "#d62728", "stroke-width": 1.6, "stroke-opacity": 1}, "geometry": {"type": "LineString", "coordinates": [[6.9902983, 4.9042389], [7.081564, 4.8422066], [7.1420687, 4.7818054]]}}, {"type": "Feature", "properties": {"category": "pipeline", "name": "Soku to Bonny-NLNG", "source": "nlng.geojson", "stroke": "#00aaff", "stroke-width": 1.75, "stroke-opacity": 1}, "geometry": {"type": "LineString", "coordinates": [[6.6120515, 4.6568363], [6.6407912, 4.6436179], [6.6494107, 4.628291], [6.6564783, 4.6169898], [6.6754242, 4.5943243], [6.6952917, 4.5804462], [6.7008273, 4.5747705], [6.727213, 4.567994], [6.7585305, 4.5691367], [6.8034417, 4.5668787], [6.8291215, 4.5664987], [6.8523961, 4.5661525], [6.8845297, 4.5672703], [6.8861353, 4.5672462], [6.9190803, 4.5683485], [6.9474449, 4.5831113], [6.9739856, 4.5843072], [6.9747891, 4.584295], [7.0214087, 4.5835809], [7.0414411, 4.5792722], [7.0558044, 4.5726499], [7.063492, 4.5525333], [7.0721833, 4.5435996], [7.0864347, 4.5305793], [7.0950702, 4.5184475], [7.1052868, 4.5046912], [7.1163945, 4.4957174], [7.1291416, 4.4883151], [7.1554614, 4.4742924], [7.1689054, 4.4604777], [7.166966, 4.4421218], [7.1642953, 4.4277776], [7.1593386, 4.4206671], [7.1567276, 4.4095216], [7.1525504, 4.400801]]}}, {"type": "Feature", "properties": {"category": "pipeline", "name": "GTS4", "source": "nlng.geojson", "stroke": "#00aaff", "stroke-width": 1.75, "stroke-opacity": 1}, "geometry": {"type": "LineString", "coordinates": [[5.9171066, 4.5449], [5.9418313, 4.6464857], [5.9525016, 4.7101371], [5.9526857, 4.7514153], [5.9529269, 4.8081545], [6.1920055, 4.9930249], [6.3272058, 5.0810643], [6.4743496, 5.2219626], [6.6538865, 5.3987556], [6.6521757, 5.355796], [6.6216729, 5.317249], [6.6013552, 5.2915626], [6.5824602, 5.2601565], [6.5721796, 5.2215739], [6.580566, 5.17148], [6.597635, 5.1284994], [6.6205667, 5.1055103], [6.6563699, 5.0595632], [6.6922555, 5.0264722], [6.7180405, 4.9862618], [6.746748, 4.9503108], [6.7711469, 4.9143661], [6.7754726, 4.9129073], [6.8028374, 4.8926812], [6.8243679, 4.8509857], [6.841618, 4.820765], [6.8646911, 4.7990909], [6.8690224, 4.7961908], [6.8891721, 4.7558717], [6.9151139, 4.70399], [6.9629016, 4.6877852], [6.9934097, 4.6810262], [7.0045012, 4.6688126], [7.0229608, 4.6144253], [7.0475215, 4.582909], [7.0575265, 4.5378866], [7.0624824, 4.5047656], [7.0641518, 4.4971186], [7.0682977, 4.4716342], [7.0750291, 4.4512233], [7.0834848, 4.4341937], [7.1328337, 4.3973642], [7.138801, 4.3947763]]}}, {"type": "Feature", "properties": {"category": "pipeline", "name": "GTS04-02", "source": "nlng.geojson", "stroke": "#00aaff", "stroke-width": 1.75, "stroke-opacity": 1}, "geometry": {"type": "LineString", "coordinates": [[6.2504242, 5.4909119], [6.2657155, 5.5003217], [6.2911726, 5.5077879], [6.3147024, 5.5114706], [6.3312509, 5.5215032], [6.3497204, 5.5384769], [6.3745401, 5.556053], [6.377084, 5.5573048], [6.4056903, 5.5685436], [6.4222539, 5.5880581], [6.4235255, 5.5886841], [6.4451582, 5.605017], [6.4476992, 5.605637], [6.4763217, 5.6244694], [6.4782299, 5.6257251], [6.499842, 5.6357413], [6.5208561, 5.6558857], [6.5392461, 5.6520032], [6.5646076, 5.6468255], [6.6001125, 5.6409735], [6.6292631, 5.6338893], [6.6305318, 5.6338838], [6.6641047, 5.6236233], [6.6722862, 5.6103124], [6.6735517, 5.609675], [6.6823629, 5.5957327], [6.6855215, 5.5931915], [6.6898416, 5.5691631], [6.6897075, 5.5420045], [6.6921474, 5.5224204], [6.6965106, 5.5072511], [6.6965075, 5.5066199], [6.6906442, 5.4738273], [6.6911783, 5.4530037], [6.6892114, 5.4391334], [6.6840802, 5.4259092], [6.671333, 5.409566], [6.6573302, 5.395122]]}}, {"type": "Feature", "properties": {"category": "pipeline", "name": "GTS3-2", "source": "nlng.geojson", "stroke": "#00aaff", "stroke-width": 1.75, "stroke-opacity": 1}, "geometry": {"type": "LineString", "coordinates": [[4.9537727, 4.8795371], [5.0180716, 4.8592342], [5.0822961, 4.8289001]]}}, {"type": "Feature", "properties": {"category": "pipeline", "name": "GTS5", "source": "nlng.geojson", "stroke": "#00aaff", "stroke-width": 1.75, "stroke-opacity": 1}, "geometry": {"type": "LineString", "coordinates": [[6.8533542, 3.1930689], [6.9057759, 3.234607], [7.0060059, 3.3052902], [7.0785093, 3.3467151], [7.1217256, 3.3928131], [7.1310033, 3.448216], [7.1711657, 3.5004578], [7.1727124, 3.5050714], [7.229928, 3.5926687], [7.2717427, 3.6679938], [7.2732908, 3.6695301], [7.2763912, 3.6756804], [7.312062, 3.7402632], [7.3136144, 3.7433394], [7.3260518, 3.7756469], [7.3260637, 3.7818041], [7.3385453, 3.8295138], [7.3385591, 3.8356722], [7.3401142, 3.8387501], [7.3650219, 3.8926279], [7.366579, 3.8957073], [7.4023628, 3.94653], [7.4646716, 4.0236086], [7.4881789, 4.0776168], [7.5240277, 4.1023414], [7.5552175, 4.1209029], [7.5848712, 4.137931], [7.5897039, 4.1688482], [7.6743893, 4.252554], [7.6636564, 4.2819532], [7.6605347, 4.2819452], [7.5935324, 4.2910721], [7.5904253, 4.2926131], [7.5204345, 4.3063859], [7.5188876, 4.3079304], [7.4660855, 4.3217472], [7.4614217, 4.3217375], [7.3869036, 4.3308764], [7.3776051, 4.333954], [7.2892278, 4.3430894], [7.2644557, 4.3492401], [7.2366052, 4.358482], [7.2304149, 4.3600205], [7.2273233, 4.3615632], [7.1777843, 4.3661425], [7.1607855, 4.373857]]}}, {"type": "Feature", "properties": {"category": "pipeline", "name": "GTS3-03", "source": "nlng.geojson", "stroke": "#00aaff", "stroke-width": 1.75, "stroke-opacity": 1}, "geometry": {"type": "LineString", "coordinates": [[5.0817873, 4.8354365], [5.2370268, 4.8383543], [5.3074475, 4.836726], [5.3136971, 4.838274], [5.3715156, 4.8413278], [5.3730778, 4.8413264], [5.4419228, 4.786922], [5.4497314, 4.7838133], [5.4920452, 4.6860501], [5.4951711, 4.6813971], [5.5451364, 4.613181], [5.6043575, 4.5620568], [5.7008848, 4.4490179], [5.7537565, 4.4010373], [5.8469988, 4.3298495], [5.8501054, 4.3298512], [5.9075797, 4.298902], [6.0256159, 4.2509135], [6.1545375, 4.2292081], [6.2757487, 4.235345], [6.4001753, 4.2507375], [6.5575011, 4.2660488], [6.6839222, 4.289125], [6.7276915, 4.2797337], [6.8717507, 4.3074082], [6.8748873, 4.3074018], [6.9533781, 4.3134511], [7.000544, 4.3335631], [7.005264, 4.3366636], [7.0509233, 4.3614571], [7.0540739, 4.3614507], [7.1076795, 4.3722342], [7.110835, 4.3722277], [7.1439929, 4.386172]]}}, {"type": "Feature", "properties": {"category": "pipeline", "name": "Kolo Creek FS - Soku FS", "source": "nlng.geojson", "stroke": "#0000ff", "stroke-width": 1.75, "stroke-opacity": 1}, "geometry": {"type": "LineString", "coordinates": [[6.3738624, 4.8875016], [6.373919, 4.8875155], [6.378613, 4.8888605], [6.3804072, 4.8881555], [6.3809254, 4.8882891], [6.3851734, 4.8876838], [6.3875516, 4.8865584], [6.3934303, 4.8865988], [6.3978397, 4.8811327], [6.4061532, 4.8832226], [6.4090204, 4.8835831], [6.4432518, 4.836841], [6.4443593, 4.8355526], [6.4880717, 4.7878415], [6.5252072, 4.7473643], [6.5266285, 4.7457766], [6.5406219, 4.7306678], [6.5420388, 4.7291476], [6.5551514, 4.714792], [6.5602576, 4.7090847], [6.5611474, 4.7080709], [6.5625092, 4.7067053], [6.5660499, 4.7034695], [6.5680842, 4.7018467], [6.5700051, 4.6997533], [6.5722374, 4.6973841], [6.5771855, 4.6910986], [6.5782998, 4.6895324], [6.5847594, 4.6824578], [6.5907394, 4.6759802], [6.5959972, 4.6702825], [6.6002596, 4.6651058], [6.6048168, 4.659149], [6.6066677, 4.6554439], [6.610173, 4.6558538]]}}, {"type": "Feature", "properties": {"category": "pipeline", "name": "GTS3", "source": "nlng.geojson", "stroke": "#00aaff", "stroke-width": 1.75, "stroke-opacity": 1}, "geometry": {"type": "LineString", "coordinates": [[4.6313476, 4.6590667], [5.0924326, 4.8322177], [5.1835319, 4.7549804], [5.2676887, 4.6544213], [5.2710525, 4.6510694], [5.3516698, 4.54725], [5.3651005, 4.533852], [5.5158915, 4.3497664], [5.5326539, 4.3397128], [5.6331445, 4.2727102], [5.7704381, 4.2123115], [5.7838223, 4.2056026], [6.0414643, 4.1281597], [6.0548433, 4.1247827], [6.2087025, 4.0942595], [6.2287587, 4.0875129], [6.3993415, 4.0601782], [6.4093818, 4.0601395], [6.7174503, 4.0721573], [6.7241504, 4.0721245], [6.8483459, 4.1316547], [6.8516984, 4.1316373], [6.8785206, 4.1314967], [7.0463821, 4.1606571], [7.0631821, 4.163904], [7.1137163, 4.2070749], [7.1475022, 4.257027], [7.1712911, 4.3237481], [7.1715546, 4.3872506]]}}, {"type": "Feature", "properties": {"category": "pipeline", "name": "GTS3-5", "source": "nlng.geojson", "stroke": "#00aaff", "stroke-width": 1.75, "stroke-opacity": 1}, "geometry": {"type": "LineString", "coordinates": [[4.5571194, 4.6177079], [4.6805675, 4.6664131], [4.7236744, 4.6831036], [4.7759218, 4.6983], [4.8274619, 4.7142743], [4.8297371, 4.7157952], [4.9003386, 4.7401781], [4.9026204, 4.7417023], [4.9049004, 4.7424653], [4.9459761, 4.7584964], [4.950546, 4.7607874], [5.0084774, 4.7845019], [5.0115372, 4.7867971], [5.0123036, 4.787562], [5.0352531, 4.8021147], [5.0367766, 4.8021166], [5.0398298, 4.8028854], [5.068936, 4.8197662], [5.0835074, 4.8282174], [5.0858784, 4.8366568]]}}, {"type": "Feature", "properties": {"category": "pipeline", "name": null, "source": "nlng.geojson", "stroke": "#00aaff", "stroke-width": 1.55, "stroke-opacity": 1}, "geometry": {"type": "LineString", "coordinates": [[6.5918054, 5.1738918], [6.5922811, 5.1763402], [6.5927717, 5.179021], [6.5936769, 5.1837496], [6.5941369, 5.1862428], [6.5946055, 5.1884782], [6.5947778, 5.1894864], [6.5933283, 5.1908647], [6.5921091, 5.1921147], [6.5902101, 5.1939915], [6.5891414, 5.1950662], [6.5899817, 5.1987089], [6.5901938, 5.2007014], [6.5905186, 5.2028076], [6.5909299, 5.2052987], [6.591204, 5.2074125], [6.5915166, 5.2096983], [6.5918597, 5.212195], [6.5921491, 5.2143909], [6.592458, 5.2166064], [6.5927205, 5.2186967], [6.5930524, 5.2210216], [6.5933763, 5.2234441], [6.5942526, 5.2299536], [6.5944612, 5.2315375], [6.5962799, 5.2343493], [6.5971988, 5.2358245], [6.5989906, 5.2385093], [6.5996069, 5.2395618], [6.6008636, 5.241413], [6.6023602, 5.2438234], [6.6034229, 5.2454436], [6.6057493, 5.2491611], [6.6070057, 5.2511178], [6.6082701, 5.253051], [6.6092859, 5.2546789], [6.6108215, 5.2570973], [6.611725, 5.2585236], [6.611901, 5.2596139], [6.6123407, 5.2623882], [6.6127198, 5.2645922], [6.6131629, 5.267515], [6.6134155, 5.2690156], [6.6138013, 5.2715985], [6.6144742, 5.2758304], [6.6148107, 5.2779561], [6.6153005, 5.2809104], [6.6155913, 5.2826766], [6.615936, 5.284654], [6.6163487, 5.2873189], [6.6166399, 5.2889446], [6.6169402, 5.2908066], [6.618845, 5.2929117], [6.6200642, 5.2943215], [6.6206468, 5.2949521], [6.6228508, 5.2953923], [6.6255144, 5.295912], [6.6275394, 5.2963204], [6.6275787, 5.298789], [6.627617, 5.3016012], [6.6276193, 5.302771], [6.6292154, 5.304553], [6.6310872, 5.3066599], [6.6321979, 5.3078819], [6.635359, 5.31143], [6.6368893, 5.3130907], [6.6384428, 5.3147983], [6.6393399, 5.3157892], [6.6412663, 5.3179158], [6.6428733, 5.3186667], [6.6454611, 5.3198501], [6.6491731, 5.3216345], [6.6529981, 5.3234544], [6.6558037, 5.3247946], [6.6570722, 5.3253921], [6.6591034, 5.3263668], [6.6615548, 5.327542], [6.6625498, 5.3290565], [6.6637291, 5.330847], [6.6650957, 5.332554], [6.6666717, 5.3345975], [6.6678518, 5.33614], [6.6692105, 5.3378899], [6.6704177, 5.3394793], [6.6718036, 5.3412528], [6.6745636, 5.3448387], [6.6774831, 5.348558], [6.6787175, 5.3501747], [6.6801055, 5.3519053], [6.6784521, 5.3542536], [6.6771801, 5.3561168], [6.6758376, 5.3580775], [6.6748983, 5.3594378], [6.67428, 5.3616272], [6.672969, 5.3660993], [6.6724727, 5.3678867], [6.6710955, 5.3696988], [6.6697418, 5.3714875], [6.668388, 5.3733036], [6.6662792, 5.3760704], [6.6653869, 5.3773449], [6.6637041, 5.3796951], [6.6628824, 5.3808175], [6.6617669, 5.3824038], [6.661729, 5.3846456], [6.661656, 5.3868951], [6.6615984, 5.3892189], [6.6615506, 5.3921325], [6.6594932, 5.392056]]}}, {"type": "Feature", "properties": {"category": "pipeline", "name": null, "source": "nlng.geojson", "stroke": "#00aaff", "stroke-width": 1.55, "stroke-opacity": 1}, "geometry": {"type": "LineString", "coordinates": [[6.7744566, 4.9543678], [6.7751264, 4.9580128], [6.7742664, 4.9601028], [6.7730724, 4.9629655], [6.7724121, 4.964524], [6.7706867, 4.9687359], [6.7689135, 4.972998], [6.7682159, 4.9746865], [6.7673104, 4.9769316], [6.7658087, 4.9785277], [6.7624814, 4.9821223], [6.759674, 4.9851717], [6.7565589, 4.9885493], [6.7534914, 4.9918898], [6.7520612, 4.9934383], [6.7504128, 4.9949596], [6.7487484, 4.9964916], [6.7470801, 4.9980234], [6.7454224, 4.9995394], [6.7437593, 5.0010753], [6.7423655, 5.0023598], [6.7408806, 5.0040554], [6.7393983, 5.0057509], [6.7363408, 5.0092479], [6.7349395, 5.0108441], [6.7314096, 5.0148625], [6.7300985, 5.0163767], [6.7289253, 5.0177268], [6.7272691, 5.0196169], [6.725958, 5.0211125], [6.7229907, 5.0244875], [6.7207771, 5.0270235], [6.7193976, 5.0283358], [6.7161821, 5.0314845], [6.7145717, 5.0330536], [6.7081088, 5.0393854], [6.7064957, 5.0409518], [6.7038959, 5.0434282], [6.7020069, 5.0452538], [6.7006102, 5.0470197], [6.6992109, 5.048791], [6.6978089, 5.0505489], [6.6964069, 5.0523122], [6.6950102, 5.0540861], [6.6936082, 5.0558546], [6.6930134, 5.0565959], [6.6930766, 5.0586127], [6.6931004, 5.0595732], [6.6924872, 5.0612352], [6.6912556, 5.0645405], [6.6897358, 5.0686861], [6.6888133, 5.0711724], [6.6877387, 5.0731541], [6.6862838, 5.0758352], [6.6855078, 5.077969], [6.6847265, 5.0801373], [6.6839876, 5.0822207], [6.6806069, 5.0875285], [6.6792443, 5.0893157], [6.6778765, 5.0911294], [6.6765377, 5.0929511], [6.6752121, 5.0947649], [6.6738733, 5.0965892], [6.6716578, 5.0996104], [6.6719398, 5.101909], [6.6722218, 5.1041572], [6.672344, 5.1049456], [6.6707911, 5.1057053], [6.6678337, 5.1072119], [6.6667998, 5.1078723], [6.665057, 5.1093611], [6.6618432, 5.111655], [6.6603902, 5.112675], [6.6563454, 5.1150036], [6.6546199, 5.115991], [6.6527062, 5.1170654], [6.6509757, 5.117018], [6.6490054, 5.1175482], [6.6468258, 5.1181495], [6.6446462, 5.1187402], [6.6424401, 5.1193706], [6.6410879, 5.1211868], [6.6397411, 5.1229872], [6.6384022, 5.1247729], [6.6370248, 5.1266169], [6.6356753, 5.1284172], [6.6343098, 5.1302307], [6.6315576, 5.1339108], [6.6297616, 5.1363677], [6.6280057, 5.1377396], [6.626255, 5.1391487], [6.6244832, 5.1405603], [6.6227325, 5.1419747], [6.6207643, 5.1435555], [6.6170375, 5.1465321], [6.6133664, 5.1494557], [6.6114777, 5.1509837], [6.6103955, 5.1518481], [6.6086897, 5.1532758], [6.6067946, 5.1547321], [6.6048396, 5.1562917], [6.6030544, 5.1577111], [6.6018898, 5.1586787], [6.6002585, 5.1599633], [6.5984441, 5.1614225], [6.5969347, 5.1626278], [6.5952211, 5.1640024], [6.5934703, 5.1653927], [6.5925988, 5.1674596], [6.5917351, 5.1695451], [6.591114, 5.1710449], [6.5913798, 5.1715472]]}}, {"type": "Feature", "properties": {"category": "pipeline", "name": null, "source": "nlng.geojson", "stroke": "#00aaff", "stroke-width": 1.55, "stroke-opacity": 1}, "geometry": {"type": "LineString", "coordinates": [[6.7744342, 4.9543161], [6.7721042, 4.9521278], [6.7682385, 4.9484994], [6.7669513, 4.947299], [6.7638095, 4.9443566], [6.7603626, 4.9411296], [6.7587273, 4.9396175], [6.7571427, 4.9381208], [6.7556365, 4.9367373], [6.7523422, 4.9336544], [6.7490128, 4.9305482], [6.7455738, 4.9273015], [6.7441125, 4.9259217], [6.7408437, 4.9228406], [6.7375455, 4.919695], [6.7359883, 4.9181943], [6.7346935, 4.9170329], [6.7330311, 4.9155364], [6.7313725, 4.9140399], [6.7296865, 4.9125161], [6.728028, 4.9110157], [6.7263655, 4.9095231], [6.724081, 4.9074379], [6.7230248, 4.9064714], [6.7213662, 4.9049396], [6.7196959, 4.9034313], [6.7180178, 4.9019074], [6.7163358, 4.9003875], [6.7146656, 4.8988811], [6.7129993, 4.8973846], [6.7113094, 4.8958313], [6.7095375, 4.8942373], [6.7079885, 4.8928323], [6.7061828, 4.8921987], [6.7040061, 4.8914587], [6.7018743, 4.8907107], [6.6997696, 4.8899021], [6.6976086, 4.889162], [6.6959659, 4.8877122], [6.6949062, 4.8868551], [6.6941864, 4.8873543], [6.6931917, 4.8872871], [6.6915246, 4.8879341], [6.6901536, 4.8884588], [6.6873365, 4.8895521], [6.6851655, 4.8899425], [6.6831894, 4.8903284], [6.6809406, 4.8907699], [6.6789211, 4.8897751], [6.6748275, 4.8877816], [6.6728079, 4.8867711], [6.6719704, 4.8846458], [6.6711445, 4.8825087], [6.6703265, 4.880399], [6.6695204, 4.8783205], [6.6687064, 4.8762264], [6.6678884, 4.8741187], [6.6670686, 4.8720168], [6.6662447, 4.8698973], [6.665381, 4.8677994], [6.6645641, 4.8655527], [6.662958, 4.8614602], [6.662207, 4.859542], [6.6620652, 4.8569684], [6.6619352, 4.8547137], [6.6618052, 4.8524687], [6.6614768, 4.8467115], [6.6613746, 4.8452293], [6.6612115, 4.8429883], [6.6610425, 4.8407376], [6.660893, 4.8384829], [6.660724, 4.8362205], [6.6605726, 4.8339697], [6.6604056, 4.831715], [6.6602561, 4.8294584], [6.6600969, 4.8272076], [6.6599513, 4.824949], [6.6597922, 4.8227198], [6.6591049, 4.8211846], [6.6581897, 4.8191182], [6.6574319, 4.8174551], [6.6565109, 4.8154004], [6.6555802, 4.8133398], [6.6546593, 4.8112753], [6.6537267, 4.8092109], [6.6528038, 4.8071483], [6.6518692, 4.8050819], [6.6509405, 4.8030272], [6.6500157, 4.8009666], [6.6490909, 4.798906], [6.6481623, 4.7968591], [6.6481512, 4.7945551], [6.6481402, 4.792298], [6.6481156, 4.7900468], [6.648091, 4.7877819], [6.6480801, 4.7855169], [6.6475542, 4.7831949], [6.6470086, 4.7807928], [6.6466031, 4.778934], [6.6459525, 4.776628], [6.6453199, 4.774455], [6.6446971, 4.7722819], [6.6440898, 4.7701127], [6.6434592, 4.7679299], [6.6428402, 4.7657627], [6.6422566, 4.7636638], [6.6416455, 4.7614751], [6.6409953, 4.7592747], [6.6402543, 4.7567108], [6.6396334, 4.7545358], [6.6393213, 4.7532243], [6.6388173, 4.7510098], [6.6384142, 4.7492585], [6.6379103, 4.7470616], [6.6376418, 4.74406], [6.6375182, 4.7425622], [6.6373222, 4.7403017], [6.6371398, 4.7380705], [6.6369418, 4.7358052], [6.6367614, 4.7335564], [6.6365693, 4.7313135], [6.6363811, 4.7290559], [6.6361968, 4.7268062], [6.6360104, 4.7245105], [6.635949, 4.7222887], [6.6356417, 4.7199816], [6.6354595, 4.7177602], [6.6352732, 4.7155153], [6.6350949, 4.7132881], [6.6347933, 4.7096529], [6.6345055, 4.7060665], [6.6343271, 4.703806], [6.6341448, 4.7015768], [6.6339528, 4.6993182], [6.6337744, 4.6970753], [6.6334206, 4.6929082], [6.6330647, 4.6886962], [6.6328946, 4.6866273], [6.632737, 4.6847892], [6.6325718, 4.6830293], [6.6323915, 4.6807825], [6.6322311, 4.6786764], [6.6302326, 4.6772859], [6.6284002, 4.6760123], [6.6265269, 4.6747603], [6.624675, 4.6734691], [6.6228171, 4.6721779], [6.6213931, 4.6712003], [6.6202233, 4.6692303], [6.619079, 4.6672934], [6.6179308, 4.6653292], [6.6167826, 4.6633845], [6.6156344, 4.6614202], [6.6148822, 4.6602176]]}}, {"type": "Feature", "properties": {"category": "pipeline", "name": null, "source": "nlng.geojson", "stroke": "#00aaff", "stroke-width": 1.55, "stroke-opacity": 1}, "geometry": {"type": "LineString", "coordinates": [[6.5933025, 5.1738694], [6.5954625, 5.1739833], [6.597665, 5.1740674], [6.6002611, 5.1741926], [6.6015167, 5.1742613], [6.6036369, 5.1743476], [6.6055207, 5.176027], [6.6076232, 5.177902], [6.6107695, 5.1806894], [6.6127005, 5.1824289], [6.6146142, 5.1841034], [6.615842, 5.1851713], [6.617681, 5.1868556], [6.6201117, 5.1889964], [6.6212847, 5.1900541], [6.62378, 5.192265], [6.6246599, 5.193032], [6.6269711, 5.1951224], [6.6279803, 5.1959998], [6.6297846, 5.197604], [6.6317332, 5.1993486], [6.6336618, 5.2010581], [6.63483, 5.2020909], [6.6364008, 5.2034945], [6.637718, 5.2046776], [6.6406646, 5.2042866], [6.6422158, 5.2055952], [6.6440407, 5.2070296], [6.6463776, 5.2089202], [6.6473521, 5.2097125], [6.6476001, 5.210108], [6.6491947, 5.2119164], [6.6506006, 5.2134845], [6.652215, 5.215318], [6.6535763, 5.216801], [6.6565096, 5.2201373], [6.6578212, 5.2215951], [6.6578938, 5.2240437], [6.6579904, 5.226797], [6.6580499, 5.228616], [6.6581771, 5.2311296], [6.6583002, 5.2333584], [6.6584213, 5.2362518], [6.6585539, 5.2386356], [6.6586339, 5.2402497]]}}, {"type": "Feature", "properties": {"category": "pipeline", "name": null, "source": "nlng.geojson", "stroke": "#00aaff", "stroke-width": 1.55, "stroke-opacity": 1}, "geometry": {"type": "LineString", "coordinates": [[6.7781587, 4.9540664], [6.7797144, 4.9524202], [6.7845655, 4.9474331], [6.7863339, 4.9456114], [6.7894042, 4.9424499], [6.7898855, 4.9410302], [6.7913667, 4.9397769], [6.7927185, 4.9380155], [6.7940826, 4.9362255], [6.7954427, 4.9344273], [6.7991377, 4.9295639], [6.8018904, 4.9259838], [6.8032402, 4.9241978], [6.8073733, 4.9188011], [6.8115268, 4.9133736], [6.8199895, 4.9022405], [6.8200058, 4.9022405], [6.8200221, 4.9022406], [6.8210584, 4.9008919], [6.8228525, 4.8985295], [6.8231953, 4.89696], [6.8249344, 4.8904043], [6.8266697, 4.8837339], [6.828376, 4.8772027], [6.828685, 4.8760815], [6.8367664, 4.8718755], [6.8447864, 4.8677021], [6.8491193, 4.8654441], [6.8514656, 4.8642623], [6.8511683, 4.8622674], [6.8554018, 4.860566], [6.8659611, 4.8563165], [6.8679757, 4.8555147], [6.8709751, 4.8542893], [6.8736843, 4.8498446], [6.8795737, 4.8401945], [6.8856802, 4.8301599], [6.8904093, 4.8224642], [6.8915936, 4.8205506], [6.8927574, 4.8186327], [6.8939867, 4.8166659], [6.8951997, 4.8147113], [6.89874, 4.8090275], [6.8999528, 4.8071139], [6.900135, 4.8068686], [6.9002255, 4.8065986], [6.9004185, 4.8043385], [6.9014902, 4.7933427], [6.9016912, 4.7911646], [6.9019251, 4.7888883], [6.9021261, 4.7866774], [6.9023688, 4.7841472], [6.9025781, 4.7818872], [6.902745, 4.7803479], [6.903156, 4.7791203], [6.9046343, 4.777109], [6.9086666, 4.7703328], [6.9203862, 4.7505886], [6.9215418, 4.7486338], [6.9224513, 4.7471453], [6.9245509, 4.7464866], [6.9267117, 4.7458405], [6.9288766, 4.7451902], [6.9419069, 4.7411737], [6.9440635, 4.7405561], [6.945781, 4.7391512], [6.9511132, 4.7349288], [6.9528796, 4.7335731], [6.9550141, 4.7318743], [6.9604843, 4.7316571], [6.9734904, 4.731088], [6.9757112, 4.7309865], [6.9786749, 4.7308865], [6.9808075, 4.7300394], [6.9828952, 4.7292003], [6.9836673, 4.7289031], [6.9856038, 4.7281292], [6.9876021, 4.7270893], [6.98976, 4.7258736], [6.9918844, 4.725051], [6.998282, 4.722534], [7.0024818, 4.7208558], [7.0066396, 4.7197263], [7.00811, 4.7193036], [7.0109206, 4.7182448], [7.0129796, 4.7174138], [7.0150957, 4.716632], [7.0160925, 4.7162574], [7.0177041, 4.7146801], [7.0203137, 4.7121383], [7.0243875, 4.7082319], [7.0251484, 4.7074636], [7.0258388, 4.7052536], [7.0265127, 4.7031008], [7.0272275, 4.7009236], [7.0278688, 4.6987872], [7.0286575, 4.6963809], [7.030057, 4.6947006], [7.032377, 4.6920067], [7.0342664, 4.6902988], [7.0358777, 4.6888115], [7.0376034, 4.6872466], [7.0409282, 4.6842312], [7.0425885, 4.6827112], [7.0442488, 4.6812075], [7.0450994, 4.6804394], [7.0450151, 4.6777608], [7.0445649, 4.6664813], [7.0442849, 4.6597152], [7.0441005, 4.6541123], [7.0460356, 4.6499555], [7.0489217, 4.6437528], [7.0498483, 4.6417152], [7.0508157, 4.6396695], [7.0518815, 4.6374111], [7.0540463, 4.6366046], [7.0561702, 4.6358554], [7.0583186, 4.6350899], [7.0648946, 4.6327361], [7.0670185, 4.6319541], [7.0678027, 4.6316854], [7.0680853, 4.6251088], [7.068401, 4.6183274], [7.0685978, 4.6138065], [7.0687697, 4.6094903], [7.0689704, 4.6050267], [7.0691917, 4.6004935], [7.0693884, 4.5960135], [7.0695688, 4.5915171], [7.0697728, 4.5874385], [7.0701108, 4.5857355], [7.0705478, 4.5835412], [7.0709767, 4.5812896], [7.0715042, 4.5787351], [7.0720644, 4.5761152], [7.0737736, 4.5661913], [7.0751433, 4.5587076], [7.0764419, 4.5520797], [7.0772996, 4.547601], [7.0778028, 4.5448908], [7.0781408, 4.5431632], [7.0789616, 4.5387253], [7.0793816, 4.536789], [7.081302, 4.5356297], [7.0849057, 4.5334252], [7.0984132, 4.5252033], [7.1002763, 4.5240438], [7.1024581, 4.5227375], [7.1040037, 4.521135], [7.1068086, 4.5183309], [7.1077594, 4.5162358], [7.1122429, 4.5062514], [7.1128495, 4.5048519], [7.1157968, 4.5043251], [7.1187442, 4.5037901], [7.1253736, 4.5027133], [7.1298066, 4.5020582], [7.1322967, 4.5016369], [7.1338525, 4.5011156], [7.1391474, 4.4978246], [7.145356, 4.4947563], [7.1511234, 4.4919001], [7.1543584, 4.4902842], [7.1627831, 4.489284], [7.1640403, 4.4891225], [7.1656755, 4.4875692], [7.1860206, 4.4704454], [7.1876063, 4.4691131], [7.1875199, 4.4672372], [7.1874423, 4.4649435], [7.1879359, 4.4627327], [7.1888987, 4.4582866], [7.1923132, 4.4426883], [7.1928727, 4.4401172], [7.1920952, 4.4367411], [7.1897759, 4.4329854], [7.1885142, 4.4310909], [7.1878671, 4.430156], [7.184338, 4.427508], [7.1793788, 4.4236534], [7.1758662, 4.4209195], [7.1740896, 4.4195565], [7.1725412, 4.4183333], [7.1663912, 4.4209926]]}}, {"type": "Feature", "properties": {"category": "pipeline", "name": "12\" Abiteye - Escravos", "source": "pipelines-manifolds-geo.json", "stroke": "#ffaaff", "stroke-width": 0.9, "stroke-opacity": 0.6}, "geometry": {"type": "LineString", "coordinates": [[5.276261, 5.6700468], [5.2722131, 5.6649749], [5.2641704, 5.654734], [5.2499819, 5.6477201], [5.2334224, 5.6396314], [5.2197779, 5.6328335], [5.2101169, 5.6281078], [5.2082607, 5.6269273], [5.2063199, 5.6246877], [5.2048919, 5.6232224], [5.202473, 5.6198885], [5.2003515, 5.6172584], [5.1987179, 5.6151313], [5.1978956, 5.6142023]]}}, {"type": "Feature", "properties": {"category": "pipeline", "name": "Forcados S/B FS to Forcados Termial", "source": "pipelines-manifolds-geo.json", "stroke": "#ffffff", "stroke-width": 0.9, "stroke-opacity": 0.6}, "geometry": {"type": "LineString", "coordinates": [[5.3257758, 5.361667], [5.3260089, 5.3615814], [5.3263308, 5.362236], [5.3303122, 5.3604337], [5.330954, 5.3601751], [5.3319371, 5.359718], [5.3324185, 5.3594942], [5.3328229, 5.3592186], [5.3330376, 5.3590293], [5.3332034, 5.3588234], [5.3343555, 5.3570132], [5.3378114, 5.3544154], [5.3388947, 5.3536423], [5.3422553, 5.3510682], [5.3442013, 5.3495845], [5.3450223, 5.3491576]]}}, {"type": "Feature", "properties": {"category": "pipeline", "name": "Forcados N/B FS - Forcados River MF", "source": "pipelines-manifolds-geo.json", "stroke": "#ff0000", "stroke-width": 0.9, "stroke-opacity": 0.6}, "geometry": {"type": "LineString", "coordinates": [[5.3210981, 5.4111482], [5.3299766, 5.407275], [5.3442642, 5.4008651], [5.3511577, 5.3981344], [5.3536972, 5.3972221], [5.369098, 5.3935799]]}}, {"type": "Feature", "properties": {"category": "pipeline", "name": "Otumara - Saghara Tie-in Manifold", "source": "pipelines-manifolds-geo.json", "stroke": "#ff0000", "stroke-width": 0.9, "stroke-opacity": 0.6}, "geometry": {"type": "LineString", "coordinates": [[5.1463732, 5.6564104], [5.1464984, 5.6529849], [5.1450208, 5.6489782], [5.1672024, 5.6221573]]}}, {"type": "Feature", "properties": {"category": "pipeline", "name": "Saghara - Escravos Beach FS", "source": "pipelines-manifolds-geo.json", "stroke": "#ff0000", "stroke-width": 0.9, "stroke-opacity": 0.6}, "geometry": {"type": "LineString", "coordinates": [[5.1671686, 5.6222267], [5.1761561, 5.6113551], [5.1818843, 5.6060592], [5.1861957, 5.6021276], [5.2088973, 5.5838034], [5.195725, 5.5335875], [5.1938068, 5.5340515]]}}, {"type": "Feature", "properties": {"category": "pipeline", "name": "TEP - Escravos MF - Yokri FS", "source": "pipelines-manifolds-geo.json", "stroke": "#ff0000", "stroke-width": 0.9, "stroke-opacity": 0.6}, "geometry": {"type": "LineString", "coordinates": [[5.1957378, 5.5335044], [5.1946749, 5.5292702], [5.1949088, 5.5236248], [5.1953422, 5.5080347], [5.1956669, 5.5040965], [5.1994259, 5.4943131], [5.2009222, 5.4897655], [5.2023227, 5.4870484], [5.2042332, 5.484955], [5.2195381, 5.4676212], [5.2344183, 5.4568036], [5.2661734, 5.4335778], [5.2669379, 5.4329433], [5.2669021, 5.4324662]]}}, {"type": "Feature", "properties": {"category": "pipeline", "name": "Escravos Beach FS - Escravos Manifold", "source": "pipelines-manifolds-geo.json", "stroke": "#ffffff", "stroke-width": 0.9, "stroke-opacity": 0.6}, "geometry": {"type": "LineString", "coordinates": [[5.1964419, 5.5333793], [5.1938612, 5.5340472]]}}, {"type": "Feature", "properties": {"category": "pipeline", "name": "Yokri FS - Cluster 95", "source": "pipelines-manifolds-geo.json", "stroke": "#ff0000", "stroke-width": 0.9, "stroke-opacity": 0.6}, "geometry": {"type": "LineString", "coordinates": [[5.2678814, 5.4323629], [5.2823889, 5.4276415], [5.289021, 5.4254919], [5.2907477, 5.4248056], [5.2924316, 5.424011], [5.2969645, 5.4219438], [5.3135483, 5.4145896], [5.3210879, 5.4111875], [5.3198387, 5.4092277]]}}, {"type": "Feature", "properties": {"category": "pipeline", "name": "Makara FS - Abiteye FS", "source": "pipelines-manifolds-geo.json", "stroke": "#ff0000", "stroke-width": 0.9, "stroke-opacity": 0.6}, "geometry": {"type": "LineString", "coordinates": [[5.43212, 5.7826601], [5.4106149, 5.7736632], [5.393056, 5.7665049], [5.3388496, 5.7209945], [5.3314038, 5.6996302], [5.3064001, 5.698951], [5.3019807, 5.6931347], [5.2877, 5.6853671], [5.276999, 5.6715126]]}}, {"type": "Feature", "properties": {"category": "pipeline", "name": "Opuama FS - Otumara FS", "source": "pipelines-manifolds-geo.json", "stroke": "#ff0000", "stroke-width": 0.9, "stroke-opacity": 0.6}, "geometry": {"type": "LineString", "coordinates": [[5.0507894, 5.9485687], [5.0454918, 5.9434322], [5.0422518, 5.9401368], [5.0410798, 5.9387033], [5.0407806, 5.9378928], [5.040705, 5.937544], [5.040729, 5.9370789], [5.0407372, 5.9366018], [5.0407775, 5.9361587], [5.0409672, 5.9354693], [5.0412435, 5.9349191], [5.0432122, 5.9315386], [5.0477178, 5.9240966], [5.0523357, 5.9164354], [5.0537051, 5.914287], [5.0580543, 5.9086563], [5.0679729, 5.8959823], [5.0745392, 5.8874755], [5.0870804, 5.8713981], [5.0931809, 5.8633394], [5.0939572, 5.8620818], [5.0944243, 5.8606056], [5.1060338, 5.8232453], [5.1106433, 5.8070516], [5.1181836, 5.7806751], [5.1188397, 5.7779244], [5.1191983, 5.7755312], [5.120754, 5.7699234], [5.1272969, 5.7462733], [5.1294706, 5.7391677], [5.1330722, 5.7282768], [5.1384777, 5.7132621], [5.1391038, 5.7105777], [5.1400291, 5.7083138], [5.1400298, 5.7082711], [5.1405469, 5.7058168], [5.1447955, 5.6922818], [5.149309, 5.6775811], [5.150056, 5.6748285], [5.1504139, 5.6729813], [5.1507416, 5.6682059], [5.1507234, 5.6674025], [5.1506222, 5.6661141], [5.1496861, 5.6612542], [5.1489095, 5.6589859], [5.1476139, 5.6565035]]}}, {"type": "Feature", "properties": {"category": "pipeline", "name": "Benisede - Brass Creek Manifold", "source": "pipelines-manifolds-geo.json", "stroke": "#ff0000", "stroke-width": 0.9, "stroke-opacity": 0.6}, "geometry": {"type": "LineString", "coordinates": [[5.6873884, 5.0001932], [5.6838748, 4.9996069], [5.6806585, 4.9991169], [5.6792788, 4.9989719], [5.6780041, 4.9987105], [5.6743305, 4.9991975], [5.6665366, 5.0004065], [5.6660517, 5.000441], [5.6651747, 4.9998392], [5.6505221, 4.9889159], [5.6404361, 4.9816228], [5.6351917, 4.9779754], [5.6320611, 4.9781387], [5.6296354, 4.9725744], [5.6289318, 4.9710673], [5.6291493, 4.9642541], [5.6268116, 4.9595869], [5.6260707, 4.9583867], [5.6237665, 4.954824]]}}, {"type": "Feature", "properties": {"category": "pipeline", "name": "Tunu CPF - Benisede FS", "source": "pipelines-manifolds-geo.json", "stroke": "#ff0000", "stroke-width": 0.9, "stroke-opacity": 0.6}, "geometry": {"type": "LineString", "coordinates": [[5.6166125, 4.8805116], [5.6295264, 4.8994896], [5.6353638, 4.9042458], [5.6382064, 4.9122968], [5.6483245, 4.9271778], [5.6623442, 4.9477804], [5.6702907, 4.9626401], [5.680718, 4.9817307], [5.686736, 4.9933165], [5.688484, 4.996695], [5.6888485, 4.9978799], [5.6887375, 4.9989761], [5.6886762, 5.0000537], [5.6885513, 5.0008245]]}}, {"type": "Feature", "properties": {"category": "pipeline", "name": "Tunu CPF - Brass Creek MF", "source": "pipelines-manifolds-geo.json", "stroke": "#ff0000", "stroke-width": 0.9, "stroke-opacity": 0.6}, "geometry": {"type": "LineString", "coordinates": [[5.614119, 4.8820013], [5.6186314, 4.8869159], [5.6163027, 4.8984139], [5.6114468, 4.9264714], [5.6089809, 4.9400155], [5.6082273, 4.9446149], [5.6080265, 4.9502225], [5.6079566, 4.9558004]]}}, {"type": "Feature", "properties": {"category": "pipeline", "name": "Agge MF - Forcados River MF", "source": "pipelines-manifolds-geo.json", "stroke": "#ff0000", "stroke-width": 0.9, "stroke-opacity": 0.6}, "geometry": {"type": "LineString", "coordinates": [[5.4055375, 5.148102], [5.4059399, 5.1490678], [5.4046437, 5.1538906], [5.4025264, 5.1621115], [5.3915732, 5.2050621], [5.3782675, 5.2577477], [5.3726241, 5.2803416], [5.3684486, 5.3003121], [5.362432, 5.3301312], [5.3592949, 5.3465332]]}}, {"type": "Feature", "properties": {"category": "pipeline", "name": "Brass Creek MF - Ogbotobo", "source": "pipelines-manifolds-geo.json", "stroke": "#ff0000", "stroke-width": 0.9, "stroke-opacity": 0.6}, "geometry": {"type": "LineString", "coordinates": [[5.6080377, 4.9558466], [5.6000968, 4.9599877], [5.5955998, 4.9625486], [5.5901873, 4.9668503], [5.5723682, 4.9815077], [5.5563613, 4.9948276], [5.5559584, 4.9949768], [5.5555361, 4.9945986]]}}, {"type": "Feature", "properties": {"category": "pipeline", "name": "Ogbotobo FS - Agge Manifold", "source": "pipelines-manifolds-geo.json", "stroke": "#ff0000", "stroke-width": 0.9, "stroke-opacity": 0.6}, "geometry": {"type": "LineString", "coordinates": [[5.5544165, 4.9964995], [5.5424368, 5.0062781], [5.5267922, 5.0190955], [5.4829394, 5.0549121], [5.481176, 5.0566773], [5.4779698, 5.0594325], [5.4731445, 5.0648149], [5.4665699, 5.0719721], [5.4625564, 5.0763687], [5.4567172, 5.0823714], [5.4523949, 5.087289], [5.4457301, 5.0946763], [5.4435539, 5.097059], [5.4330671, 5.1087432], [5.4258554, 5.1166885], [5.418461, 5.1250962], [5.4136996, 5.1301545], [5.4055324, 5.1480989]]}}, {"type": "Feature", "properties": {"category": "pipeline", "name": "Opukushi FS - Brass Creek MF", "source": "pipelines-manifolds-geo.json", "stroke": "#ff0000", "stroke-width": 0.9, "stroke-opacity": 0.6}, "geometry": {"type": "LineString", "coordinates": [[5.607996, 4.9558492], [5.6115477, 4.9534684], [5.6291004, 4.955109], [5.6304937, 4.95513], [5.631103, 4.9549159], [5.6619916, 4.9475969], [5.6708403, 4.9456304], [5.6844196, 4.942554], [5.708989, 4.9366292], [5.713165, 4.9337966], [5.7177496, 4.9296711], [5.7355402, 4.9231482], [5.7660189, 4.9119118], [5.7692718, 4.9129667], [5.7708642, 4.9139149], [5.772697, 4.9122779], [5.7733616, 4.9119567]]}}, {"type": "Feature", "properties": {"category": "pipeline", "name": "TFP - Jones Creek FS - Forcados River Manifold", "source": "pipelines-manifolds-geo.json", "stroke": "#ff0000", "stroke-width": 0.9, "stroke-opacity": 0.6}, "geometry": {"type": "LineString", "coordinates": [[5.3787088, 5.6881955], [5.3814864, 5.6870401], [5.3890072, 5.6824205], [5.4102863, 5.6695454], [5.4224581, 5.657803], [5.4233235, 5.6564662], [5.4244213, 5.6521308], [5.4270913, 5.6366571], [5.4294546, 5.6225364], [5.4350854, 5.6108126], [5.4471298, 5.5938527], [5.450457, 5.5819731], [5.4539704, 5.5686568], [5.4556091, 5.5621212], [5.4563482, 5.5549681], [5.4572395, 5.5467487], [5.45777, 5.5417149], [5.4572942, 5.5383994], [5.4569879, 5.536829], [5.4560023, 5.5317621], [5.455339, 5.5281421], [5.454853, 5.5250164], [5.4545774, 5.5237057], [5.454266, 5.5219648], [5.4540072, 5.5203923], [5.4534198, 5.5180285], [5.4528384, 5.5159131], [5.4524515, 5.5143695], [5.4516884, 5.5119746], [5.4513487, 5.5108233], [5.4504327, 5.507828], [5.4493807, 5.5040637], [5.4476987, 5.4983652], [5.4469741, 5.4959787], [5.4459766, 5.4940397], [5.4450742, 5.4925327], [5.443698, 5.4899608], [5.4408848, 5.4848679], [5.4393912, 5.4822536], [5.4357423, 5.475607], [5.435083, 5.4744279], [5.4348509, 5.4740627], [5.4348607, 5.4737883], [5.4348638, 5.4719839], [5.4348877, 5.4715265], [5.4347465, 5.4710923], [5.4344204, 5.4709474], [5.4336152, 5.4709051], [5.4326662, 5.4706896], [5.4306386, 5.4698762], [5.426398, 5.4679711], [5.4203919, 5.465806], [5.4154123, 5.4637141], [5.4120374, 5.4622532], [5.4093923, 5.4606939], [5.4047756, 5.457783], [5.4033266, 5.4567959], [5.4026405, 5.4562667], [5.401798, 5.4555319], [5.400562, 5.454354], [5.3997081, 5.4536211], [5.399062, 5.4530292], [5.398356, 5.4522505], [5.3975682, 5.4512942], [5.3965986, 5.449641], [5.3955601, 5.4479405], [5.3938924, 5.4451157], [5.3929954, 5.443497], [5.392372, 5.4424395], [5.3909251, 5.4399732], [5.3897345, 5.4380125], [5.3885763, 5.4360436], [5.3871291, 5.4335922], [5.3861018, 5.4318997], [5.377463, 5.4170945], [5.3754527, 5.4122167], [5.3735066, 5.4074943], [5.3721532, 5.4039133], [5.3714169, 5.4023577], [5.3695556, 5.3953732], [5.3690521, 5.3935223]]}}, {"type": "Feature", "properties": {"category": "pipeline", "name": "Forcados River MF - Forcados Terminal", "source": "pipelines-manifolds-geo.json", "stroke": "#ffaa00", "stroke-width": 0.9, "stroke-opacity": 0.6}, "geometry": {"type": "LineString", "coordinates": [[5.3690638, 5.3935488], [5.3593125, 5.3464642], [5.3528277, 5.3472402]]}}, {"type": "Feature", "properties": {"category": "pipeline", "name": "Hold", "source": "pipelines-manifolds-geo.json", "stroke": "#ff0000", "stroke-width": 0.9, "stroke-opacity": 0.6}, "geometry": {"type": "LineString", "coordinates": [[5.3691003, 5.3936907], [5.3714109, 5.4024512], [5.3774179, 5.4169633], [5.3974044, 5.451138], [5.402311, 5.4558863], [5.4117121, 5.462089], [5.4345593, 5.4710909], [5.4374734, 5.4711487], [5.4406717, 5.4721527], [5.4439686, 5.4733513], [5.4516786, 5.4745959], [5.4562318, 5.4765736], [5.4622804, 5.4810141], [5.4693367, 5.493607], [5.4747068, 5.5052876], [5.4810232, 5.5177261], [5.4839111, 5.5210145], [5.4877361, 5.5254141], [5.4933939, 5.5307784], [5.4977302, 5.5351383], [5.4990102, 5.5365213], [5.5024563, 5.5381025], [5.5081895, 5.5408166], [5.5234954, 5.5478056], [5.5251709, 5.5484798], [5.5272739, 5.5500889], [5.5330899, 5.5546111], [5.5385572, 5.5591443], [5.5385819, 5.5591876], [5.5405474, 5.5602194], [5.543662, 5.5611942], [5.5493695, 5.5623573], [5.5543006, 5.5627963], [5.5567851, 5.563005], [5.5587971, 5.5629238], [5.5605632, 5.563128], [5.5665517, 5.5632243], [5.5706525, 5.561835], [5.5745606, 5.560878], [5.5746387, 5.5608781], [5.5830289, 5.5620186], [5.5992803, 5.5649758], [5.6048405, 5.5647607], [5.6116116, 5.5655126], [5.6223595, 5.5677068], [5.6328571, 5.5699139], [5.6380274, 5.5722085], [5.6422475, 5.5738726], [5.649759, 5.574801], [5.666854, 5.5773635]]}}, {"type": "Feature", "properties": {"category": "pipeline", "name": "Kokori - Eriemu", "source": "pipelines-manifolds-geo.json", "stroke": "#ff0000", "stroke-width": 0.9, "stroke-opacity": 0.6}, "geometry": {"type": "LineString", "coordinates": [[6.0700832, 5.643126], [6.0716247, 5.6375582], [6.0716702, 5.6344012], [6.0717588, 5.6340999], [6.0681978, 5.6235791], [6.0679615, 5.6219051], [6.0676959, 5.6201323], [6.0677018, 5.6170852], [6.0674408, 5.6071187], [6.067418, 5.6062504], [6.0667674, 5.6040411], [6.0665641, 5.6030663], [6.0668976, 5.6012998], [6.0678932, 5.5974881], [6.0642225, 5.5823365], [6.0625257, 5.5797144], [6.0590824, 5.5659864], [6.0582901, 5.5576316], [6.0581184, 5.5569002], [6.0552, 5.5448935], [6.0533417, 5.537399], [6.0506659, 5.5293258], [6.0506761, 5.5286325], [6.0515805, 5.526102], [6.0522611, 5.5247941], [6.0579667, 5.5203488]]}}, {"type": "Feature", "properties": {"category": "pipeline", "name": "Hold 2", "source": "pipelines-manifolds-geo.json", "stroke": "#ff0000", "stroke-width": 0.9, "stroke-opacity": 0.6}, "geometry": {"type": "LineString", "coordinates": [[6.0581632, 5.5201513], [6.0520734, 5.5252679], [6.0503909, 5.526112], [6.0292194, 5.5220891], [6.0265949, 5.524823], [6.0211918, 5.5231834], [6.0181512, 5.5223949], [6.0168773, 5.5221452], [6.0151515, 5.5219318], [6.0130904, 5.5216886], [6.0113958, 5.5214988], [6.0094668, 5.5211943], [6.0072808, 5.5209085], [6.0053859, 5.5206843], [6.0040693, 5.5206091], [6.0037023, 5.520498], [6.0023048, 5.5205221], [5.9997696, 5.5203776], [5.9972395, 5.5202441], [5.9951811, 5.5202267], [5.9859498, 5.5199553], [5.9836432, 5.5198925], [5.9752443, 5.5195108], [5.9736541, 5.5193297], [5.9696627, 5.5184953], [5.9692014, 5.5182466], [5.9688789, 5.5176836], [5.9688703, 5.5176836], [5.9672323, 5.5171817], [5.9639288, 5.5164558], [5.9612805, 5.5158061], [5.9582793, 5.5150432], [5.9545862, 5.5140637], [5.9508136, 5.5128976], [5.9437582, 5.5111714], [5.9431287, 5.5097442], [5.9384746, 5.5104665], [5.937585, 5.5114002], [5.9377156, 5.5122718], [5.9315969, 5.5162635], [5.9294054, 5.5178764], [5.9270321, 5.5197157], [5.9249759, 5.5213757], [5.922591, 5.5230497], [5.9206846, 5.5244071], [5.9188115, 5.5256201], [5.9158045, 5.5277664], [5.9122182, 5.5305558], [5.9073199, 5.5323735], [5.9040718, 5.5337379], [5.8978352, 5.5358739], [5.8932442, 5.5375345], [5.8910769, 5.5388837], [5.8667434, 5.5532071], [5.8542833, 5.5603385], [5.8437124, 5.5665047], [5.8385141, 5.5697553], [5.8347487, 5.5714204], [5.8315862, 5.5721377], [5.8227947, 5.5728027], [5.8098024, 5.5738729], [5.8015047, 5.5743116], [5.7987476, 5.5741229], [5.7896343, 5.5741466], [5.784393, 5.5738953], [5.7540262, 5.573371], [5.7252764, 5.5736464], [5.7107706, 5.5728437], [5.7055982, 5.5731976], [5.6970463, 5.5746837], [5.6918143, 5.5757519], [5.688864, 5.5761285], [5.684543, 5.5768905], [5.6789738, 5.5783352], [5.6755635, 5.5785034], [5.6716852, 5.5780704], [5.6669368, 5.5775112]]}}, {"type": "Feature", "properties": {"category": "pipeline", "name": "Uzere FS - Eriemu FS", "source": "pipelines-manifolds-geo.json", "stroke": "#ff0000", "stroke-width": 0.9, "stroke-opacity": 0.6}, "geometry": {"type": "LineString", "coordinates": [[6.0582253, 5.5200763], [6.0802914, 5.5021052], [6.1198376, 5.4693772], [6.1498144, 5.4486762], [6.1780855, 5.4295184], [6.1849061, 5.4248772], [6.1951429, 5.4178527], [6.2043975, 5.403828], [6.2157594, 5.3862633], [6.2236639, 5.3748665], [6.2264231, 5.3706226], [6.2370705, 5.3546882], [6.2392675, 5.3508904], [6.2466341, 5.3369316], [6.247592, 5.3350371], [6.2470484, 5.3346352], [6.2444484, 5.3330185], [6.2444597, 5.3330186], [6.2462147, 5.3301344]]}}, {"type": "Feature", "properties": {"category": "pipeline", "name": "Oweh FS - Oweh Tie-in MF", "source": "pipelines-manifolds-geo.json", "stroke": "#ffaa00", "stroke-width": 0.9, "stroke-opacity": 0.6}, "geometry": {"type": "LineString", "coordinates": [[6.1347629, 5.4873043], [6.1310003, 5.4839307], [6.1307346, 5.4837172], [6.1303315, 5.4833897], [6.124878, 5.4792746], [6.1181975, 5.4709417], [6.1197972, 5.4694521]]}}, {"type": "Feature", "properties": {"category": "pipeline", "name": "Akri F/S to EOC", "source": "pipelines-manifolds-geo.json", "stroke": "#aaaa00", "stroke-width": 0.9, "stroke-opacity": 0.6}, "geometry": {"type": "LineString", "coordinates": [[6.6712754, 5.6305589], [6.6774808, 5.6229699], [6.6811652, 5.6184685], [6.6858733, 5.6126269], [6.689411, 5.6083235], [6.695162, 5.601253], [6.7066989, 5.5651011], [6.713891, 5.5420962], [6.7180584, 5.530186], [6.7187376, 5.5275565], [6.7181385, 5.5256949], [6.715038, 5.5207363], [6.7119818, 5.5144426], [6.7114394, 5.5118289], [6.7104162, 5.5079815], [6.7094719, 5.5044325], [6.7068315, 5.4954272], [6.7045794, 5.4873931], [6.7032804, 5.4827562], [6.6987267, 5.4665483], [6.698861, 5.4630492]]}}, {"type": "Feature", "properties": {"category": "pipeline", "name": "Clough Creek - Tebidaba Flow Station", "source": "pipelines-manifolds-geo.json", "stroke": "#aaaa00", "stroke-width": 0.9, "stroke-opacity": 0.6}, "geometry": {"type": "LineString", "coordinates": [[5.6919535, 4.8508347], [5.6941471, 4.8448326], [5.6949454, 4.8425992], [5.6973274, 4.8357295], [5.6978081, 4.8342195], [5.6978141, 4.8342137], [5.6986498, 4.8330704], [5.699593, 4.8324369], [5.7026869, 4.8299177], [5.7065497, 4.8272764], [5.7146851, 4.8213001], [5.7419119, 4.7999622], [5.7429646, 4.7990429], [5.7444073, 4.7973181], [5.7447965, 4.794351], [5.7483621, 4.7930727], [5.7572121, 4.7904552], [5.7704439, 4.7865523], [5.7704726, 4.7823905], [5.7796085, 4.7788779], [5.7824217, 4.777807], [5.7850741, 4.776791], [5.7858481, 4.7759967], [5.7870818, 4.7746975], [5.7889118, 4.7731285], [5.7902082, 4.7722752], [5.7922083, 4.7707773], [5.8200243, 4.7513052], [5.8399682, 4.7374876], [5.8423734, 4.7359951], [5.8454895, 4.7341981], [5.8514871, 4.7306725], [5.8529313, 4.7300127], [5.8544338, 4.7286998], [5.8759222, 4.7064489], [5.9023431, 4.6794984], [5.9142415, 4.66516], [5.9154626, 4.662907], [5.916871, 4.6588908], [5.9243803, 4.637304], [5.9300833, 4.620791], [5.9324829, 4.6141046], [5.9353418, 4.6060072], [5.9353446, 4.6050554], [5.9360841, 4.5987038], [5.9369775, 4.5911119], [5.9372557, 4.5889639], [5.9388238, 4.5760855], [5.9395913, 4.5704521], [5.9369118, 4.5647168], [5.9335545, 4.5576596], [5.9324021, 4.5557203], [5.9313367, 4.554571], [5.9304379, 4.5539938], [5.9292799, 4.5534731], [5.9280122, 4.5530091], [5.9263233, 4.5529643], [5.9201051, 4.5561016]]}}, {"type": "Feature", "properties": {"category": "pipeline", "name": "EOC - OB/OB F/S", "source": "pipelines-manifolds-geo.json", "stroke": "#aaaa00", "stroke-width": 0.9, "stroke-opacity": 0.6}, "geometry": {"type": "LineString", "coordinates": [[6.6963175, 5.459136], [6.6953802, 5.4571783], [6.6949796, 5.4571783], [6.6946428, 5.4571497], [6.6944198, 5.4569963], [6.6915604, 5.4554671], [6.6846116, 5.4516805], [6.68381, 5.4512724], [6.6768389, 5.4474868], [6.6762465, 5.4473502], [6.6757403, 5.4474087], [6.6727875, 5.4478809], [6.6721735, 5.4478912], [6.671368, 5.4479022], [6.6695283, 5.4479237], [6.6687188, 5.4478143], [6.6663312, 5.4460206], [6.6646486, 5.4445682], [6.6621528, 5.4421949], [6.6548906, 5.4347392], [6.6528975, 5.4326937], [6.6503316, 5.4301014], [6.6491961, 5.4288937], [6.6485942, 5.4282745], [6.6462644, 5.4248598], [6.6448703, 5.4228954], [6.6428656, 5.4200194], [6.6429883, 5.4162323], [6.6358386, 5.4095383], [6.6335975, 5.4074604], [6.6271699, 5.4012976], [6.6287871, 5.4000571], [6.6291911, 5.3999053], [6.6292237, 5.3998944], [6.6299982, 5.3995361], [6.6305502, 5.3992306], [6.6369907, 5.3957797], [6.6385325, 5.3948997], [6.6398325, 5.394114], [6.6479558, 5.3902361], [6.6496981, 5.3896384], [6.6501528, 5.3896372], [6.6522384, 5.3898203], [6.6536862, 5.3903277], [6.6539701, 5.3907131]]}}, {"type": "Feature", "properties": {"category": "pipeline", "name": "Kwale G/P - Akri F/S", "source": "pipelines-manifolds-geo.json", "stroke": "#aaaa00", "stroke-width": 0.9, "stroke-opacity": 0.6}, "geometry": {"type": "LineString", "coordinates": [[6.5180573, 5.657236], [6.5196267, 5.6564957], [6.5258617, 5.6553791], [6.5334374, 5.6539467], [6.5420097, 5.6564297], [6.565136, 5.6494674], [6.6042393, 5.6450467], [6.6051484, 5.6449052], [6.6066426, 5.6444689], [6.6105516, 5.6431592], [6.6156467, 5.6418002], [6.6300707, 5.6370147], [6.6344016, 5.6358259], [6.6411345, 5.6340222], [6.6471351, 5.6323415], [6.6478482, 5.6321845], [6.6490924, 5.6321152], [6.6614509, 5.6321588], [6.6702563, 5.6323709], [6.6704974, 5.6323899]]}}, {"type": "Feature", "properties": {"category": "pipeline", "name": "Obama F/S - Brass River Manifold", "source": "pipelines-manifolds-geo.json", "stroke": "#aaaa00", "stroke-width": 0.9, "stroke-opacity": 0.6}, "geometry": {"type": "LineString", "coordinates": [[6.2654079, 4.6304408], [6.2658246, 4.6272428], [6.266194, 4.6234102], [6.2665002, 4.6218762], [6.2668324, 4.6198534], [6.2672707, 4.6160837], [6.2682835, 4.6076056], [6.2684622, 4.6064979], [6.2704434, 4.6020863], [6.2777717, 4.5861652], [6.2777894, 4.5840872], [6.2776869, 4.5826738], [6.2777621, 4.5816941], [6.2774675, 4.5800085], [6.2759735, 4.5765818], [6.2752315, 4.5748842], [6.269715, 4.5624887], [6.264081, 4.5495987], [6.2627681, 4.5468483], [6.2620712, 4.543854], [6.2612264, 4.5412497], [6.2604798, 4.5386122], [6.2596366, 4.5361215], [6.2591394, 4.534626], [6.2586118, 4.5320687], [6.2560588, 4.5240313], [6.2560774, 4.5163738], [6.2562558, 4.5083447], [6.2561274, 4.5037638], [6.2565534, 4.5011167], [6.2570552, 4.4998125], [6.2574518, 4.4982593], [6.2581301, 4.4962126], [6.2583797, 4.493963], [6.2583712, 4.486921], [6.2584496, 4.4760775], [6.2584249, 4.4665778], [6.260447, 4.4616063], [6.2630878, 4.4557973], [6.2656465, 4.4500566], [6.2691127, 4.4333265], [6.271229, 4.4230564], [6.2715573, 4.4222728], [6.2722131, 4.4211868], [6.2734199, 4.4195406], [6.2779574, 4.4128712], [6.2798581, 4.4084368], [6.2811579, 4.4054868], [6.281954, 4.4032591], [6.2823493, 4.4025741], [6.2833898, 4.4015933], [6.2919272, 4.392824]]}}, {"type": "Feature", "properties": {"category": "pipeline", "name": "Ogboinbiri F/S - Tebidaba F/S", "source": "pipelines-manifolds-geo.json", "stroke": "#aaaa00", "stroke-width": 0.9, "stroke-opacity": 0.6}, "geometry": {"type": "LineString", "coordinates": [[5.9617932, 4.8121042], [5.97133, 4.7944148], [5.9777817, 4.7825703], [5.9804508, 4.7776142], [5.9807035, 4.776956], [5.9806092, 4.7759072], [5.9783306, 4.7637024], [5.976798, 4.7557595], [5.976635, 4.7546993], [5.9768623, 4.7523438], [5.9771043, 4.7490744], [5.9770699, 4.7480858], [5.9769747, 4.7471063], [5.9749547, 4.7372517], [5.9718126, 4.7219291], [5.9695527, 4.710805], [5.9681636, 4.7035138], [5.9668926, 4.6974914], [5.9667997, 4.6970495], [5.9665685, 4.6964597], [5.9642013, 4.6914985], [5.962314, 4.6825204], [5.9613843, 4.6782025], [5.961158, 4.6774514], [5.9601947, 4.6725055], [5.9605164, 4.6682578], [5.9583908, 4.6564089], [5.9565473, 4.6464076], [5.9540826, 4.6329369], [5.9538804, 4.6314716], [5.9524313, 4.6245266], [5.9502049, 4.612123], [5.9494577, 4.6091496], [5.947248, 4.5978073], [5.9452755, 4.5884215], [5.9451868, 4.5874399], [5.9450339, 4.5862044], [5.9441089, 4.5844274], [5.9429926, 4.5790768], [5.9411069, 4.5706884], [5.9405798, 4.5684535], [5.938859, 4.56576], [5.934253, 4.557999], [5.9315452, 4.5544992], [5.9282611, 4.5528667], [5.9260626, 4.5530002], [5.9199364, 4.5561185]]}}, {"type": "Feature", "properties": {"category": "pipeline", "name": "Ogoda M/F - Brass Terminal", "source": "pipelines-manifolds-geo.json", "stroke": "#aaaa00", "stroke-width": 0.9, "stroke-opacity": 0.6}, "geometry": {"type": "LineString", "coordinates": [[6.5726876, 5.1153663], [6.5713409, 5.1099934], [6.5707221, 5.1076431], [6.5702304, 5.1061511], [6.5699781, 5.1057317], [6.5655022, 5.0945342], [6.5611209, 5.0834486], [6.555763, 5.0700585], [6.5439807, 5.0409957], [6.5276078, 4.9999791], [6.5147565, 4.9681068], [6.5146992, 4.9673291], [6.5131164, 4.9656421], [6.5105563, 4.9632202], [6.5027358, 4.9409068], [6.4981714, 4.9279862], [6.4882942, 4.9009728], [6.4768649, 4.8679935], [6.4682157, 4.8428831], [6.4654917, 4.8350147], [6.4641991, 4.8314768], [6.4628898, 4.8249564], [6.4613765, 4.8171032], [6.4605731, 4.8141542], [6.4577287, 4.8057013], [6.451675, 4.7881322], [6.4482541, 4.7781496], [6.4451736, 4.7689515], [6.4407504, 4.7558169], [6.4382729, 4.7485878], [6.4331693, 4.7333806], [6.432521, 4.7312273], [6.4289178, 4.7209889], [6.4255044, 4.710732], [6.4208844, 4.6970513], [6.4181389, 4.689043], [6.413166, 4.6740189], [6.4053471, 4.6510292], [6.3949372, 4.6209748], [6.3935841, 4.6168282], [6.3929928, 4.6143035], [6.392838, 4.6130367], [6.3927752, 4.6117795], [6.3923466, 4.610438], [6.3923445, 4.6104037], [6.3920867, 4.6094011], [6.388195, 4.5971176], [6.3829176, 4.5807375], [6.3797817, 4.570518], [6.3753472, 4.5564936], [6.3661892, 4.5275452], [6.3582437, 4.5019189], [6.3596049, 4.489743], [6.3567462, 4.4589103], [6.3559131, 4.4487766], [6.3554106, 4.442988], [6.3544067, 4.4334072], [6.3539553, 4.4251963], [6.3537112, 4.4124389], [6.3489633, 4.4074826], [6.3454816, 4.4035948], [6.3352241, 4.3937222], [6.3334916, 4.3886261], [6.2946301, 4.3435025], [6.2932548, 4.3430774], [6.2913809, 4.3421756], [6.2897204, 4.3405744], [6.2836213, 4.3323957], [6.2829178, 4.3314351], [6.2796436, 4.3290123], [6.2760341, 4.3264244], [6.2745896, 4.325145], [6.2733128, 4.3231862], [6.268882, 4.3190704], [6.2655615, 4.315865], [6.2630244, 4.3134752], [6.2623953, 4.3127827], [6.2616091, 4.3120096], [6.260093, 4.3106007], [6.2518942, 4.3029603], [6.2513239, 4.3029914]]}}, {"type": "Feature", "properties": {"category": "pipeline", "name": "Tuomo F/S - Ogboingiri F/S", "source": "pipelines-manifolds-geo.json", "stroke": "#aaaa00", "stroke-width": 0.9, "stroke-opacity": 0.6}, "geometry": {"type": "LineString", "coordinates": [[5.8907481, 5.1347169], [5.9037866, 5.1226298], [5.906812, 5.1228495], [5.9095023, 5.1099217], [5.9102174, 5.1061518], [5.9104984, 5.1043094], [5.9120092, 5.0935643], [5.9120441, 5.0930927], [5.9153824, 5.0728217], [5.9155298, 5.0720244], [5.9154502, 5.0708749], [5.9162327, 5.065892], [5.9173553, 5.0597279], [5.9186666, 5.0511336], [5.921142, 5.0366028], [5.9234398, 5.0221327], [5.9249816, 5.0137128], [5.926393, 5.0051947], [5.9275806, 4.9975928], [5.9284829, 4.9918275], [5.9319474, 4.9712781], [5.9346949, 4.9537268], [5.9367804, 4.9523472], [5.9357567, 4.948645], [5.9361114, 4.9441066], [5.9380232, 4.9339928], [5.9405992, 4.9169974], [5.9406266, 4.9165511], [5.9409484, 4.9158987], [5.9415124, 4.9144378], [5.9421235, 4.9125228], [5.9420661, 4.910832], [5.9422773, 4.9077892], [5.9426484, 4.9058298], [5.9438109, 4.8997967], [5.9453062, 4.8910536], [5.946312, 4.8849046], [5.9573878, 4.8300488], [5.9597125, 4.8231121], [5.9602329, 4.8221307], [5.9599691, 4.8206339], [5.9601859, 4.8200158], [5.9612341, 4.8165619]]}}, {"type": "Feature", "properties": {"category": "pipeline", "name": "Oshie FS - Ogoda MF", "source": "pipelines-manifolds-geo.json", "stroke": "#aaaa00", "stroke-width": 0.9, "stroke-opacity": 0.6}, "geometry": {"type": "LineString", "coordinates": [[6.5064884, 5.1008704], [6.5085025, 5.1011669], [6.5129882, 5.1025086], [6.5183429, 5.1040796], [6.5192083, 5.1043556], [6.5205689, 5.1045717], [6.5263305, 5.1058285], [6.530088, 5.1066065], [6.5344286, 5.1075076], [6.5378519, 5.1082008], [6.5468293, 5.1100469], [6.5486492, 5.1103982], [6.5491519, 5.113327], [6.5579496, 5.1156621], [6.5626024, 5.1132629], [6.5630077, 5.1133579], [6.5726906, 5.1153725]]}}, {"type": "Feature", "properties": {"category": "pipeline", "name": "Samabri Cluster - Idu Manifold", "source": "pipelines-manifolds-geo.json", "stroke": "#aaaa00", "stroke-width": 0.9, "stroke-opacity": 0.6}, "geometry": {"type": "LineString", "coordinates": [[6.4608479, 5.2725032], [6.4645384, 5.2737082], [6.4651781, 5.2740958], [6.4672566, 5.2760015], [6.4706177, 5.2764268], [6.4724173, 5.2751462], [6.4763457, 5.2758004], [6.4782025, 5.2752236], [6.4813504, 5.2705811], [6.4820401, 5.2697418], [6.4828154, 5.2688018], [6.4840447, 5.2668513], [6.4850265, 5.2653328], [6.4872426, 5.2615856], [6.4900123, 5.2571032], [6.4915585, 5.2542344], [6.492372, 5.253532], [6.4924448, 5.2519077], [6.4926051, 5.2515289], [6.4928118, 5.2511727], [6.4931594, 5.2509087], [6.4934303, 5.2508543], [6.4936678, 5.250752], [6.4940388, 5.2506665], [6.4943309, 5.2506123], [6.4945978, 5.2504981], [6.4948884, 5.2503803], [6.4951592, 5.2501335], [6.4951755, 5.250128], [6.4954029, 5.2500573], [6.4958008, 5.2499153], [6.4961266, 5.2499251], [6.4965276, 5.2500052], [6.4969062, 5.2501574], [6.499044, 5.2507768], [6.4999828, 5.251015], [6.5007289, 5.2512106], [6.5009513, 5.2512454], [6.5011735, 5.2513304], [6.5014068, 5.2513975], [6.501649, 5.251437], [6.5047104, 5.2522608], [6.5070227, 5.252897], [6.5071793, 5.2530082], [6.5074209, 5.2530794], [6.5074377, 5.2530849], [6.50773, 5.2532136], [6.508575, 5.2532467], [6.509123, 5.2534545], [6.509673, 5.2536077], [6.5104213, 5.2537939], [6.5111964, 5.254038], [6.5113049, 5.2540818], [6.5114674, 5.2541044], [6.5116805, 5.2541556], [6.5122121, 5.2542275], [6.5128582, 5.2544695], [6.5207245, 5.2566167], [6.522212, 5.2573664], [6.5227214, 5.2576789], [6.52426, 5.2585189], [6.5255933, 5.259129], [6.5268142, 5.2596722], [6.5280901, 5.2600049], [6.5298701, 5.2604462], [6.5314097, 5.2608945], [6.5361767, 5.2621739], [6.5371704, 5.2624206], [6.5399398, 5.2627544], [6.54681, 5.2635828], [6.5473182, 5.2636891], [6.5475917, 5.2638846], [6.5484985, 5.264776], [6.5534422, 5.263777], [6.5541763, 5.2636771], [6.5543592, 5.2636871], [6.5545981, 5.2638036], [6.5552075, 5.2640751], [6.5555562, 5.2641045], [6.5557888, 5.2640478], [6.5558798, 5.2638963], [6.5561033, 5.2633258], [6.5562308, 5.2631802], [6.5566824, 5.2631093], [6.559936, 5.2625066], [6.5602838, 5.2624319], [6.5605127, 5.2624296], [6.5610381, 5.2622601], [6.5614587, 5.2621774], [6.5620265, 5.2620172], [6.562003, 5.2621299], [6.5622621, 5.262365], [6.5626552, 5.2623533], [6.5631251, 5.2622306], [6.5633144, 5.2621918], [6.5634324, 5.2619579], [6.5634922, 5.261674], [6.563746, 5.2616192], [6.5736106, 5.2597425], [6.5741007, 5.2597453], [6.5741667, 5.2597161], [6.5768702, 5.259099], [6.5831489, 5.2576689], [6.5869116, 5.2504693], [6.5880615, 5.2498345], [6.5901395, 5.2498545], [6.5926511, 5.2501665], [6.5945284, 5.2501609], [6.5957389, 5.2501361], [6.5970676, 5.2500715], [6.5977613, 5.2500581], [6.5982383, 5.2494842], [6.5988592, 5.2480889], [6.5993601, 5.246868], [6.6002755, 5.245634], [6.6005297, 5.2458791]]}}, {"type": "Feature", "properties": {"category": "pipeline", "name": "Ogoda M/F - Rumuekpe M/F", "source": "pipelines-manifolds-geo.json", "stroke": "#aaaa00", "stroke-width": 0.9, "stroke-opacity": 0.6}, "geometry": {"type": "LineString", "coordinates": [[6.5727484, 5.1152856], [6.5737082, 5.1148225], [6.5747749, 5.1144403], [6.5787501, 5.112786], [6.5836755, 5.1107468], [6.588665, 5.1086822], [6.5888217, 5.108576], [6.5889061, 5.1082828], [6.5897922, 5.1014123], [6.5909151, 5.0931823], [6.5919583, 5.0855026], [6.5921332, 5.0850883], [6.5926844, 5.0844753], [6.5949204, 5.0822846], [6.599658, 5.0774893], [6.6050052, 5.0722124], [6.6114866, 5.0656498], [6.6150424, 5.0620532], [6.6155393, 5.0616394], [6.6163154, 5.0612419], [6.6216704, 5.0584996], [6.6434268, 5.047283], [6.6675453, 5.0347719], [6.6683938, 5.0337658], [6.6693614, 5.032124], [6.6775198, 5.0191039], [6.6882294, 5.001887], [6.6871916, 4.9937432], [6.6865354, 4.981852], [6.6883343, 4.9812294]]}}, {"type": "Feature", "properties": {"category": "pipeline", "name": "Perigbene Platform - Obama FS", "source": "pipelines-manifolds-geo.json", "stroke": "#aaaa00", "stroke-width": 0.9, "stroke-opacity": 0.6}, "geometry": {"type": "LineString", "coordinates": [[6.1727998, 4.6285963], [6.1978673, 4.6443355], [6.1982206, 4.6445644], [6.198992, 4.6445872], [6.2450675, 4.6460554], [6.2454409, 4.6460395], [6.2458963, 4.6458073], [6.2610987, 4.6335264], [6.2617754, 4.6326775], [6.2625449, 4.6320959], [6.2652835, 4.6303984], [6.265402, 4.6304452]]}}, {"type": "Feature", "properties": {"category": "pipeline", "name": "Brass River M/F - Brass Terminal", "source": "pipelines-manifolds-geo.json", "stroke": "#aaaa00", "stroke-width": 0.9, "stroke-opacity": 0.6}, "geometry": {"type": "LineString", "coordinates": [[6.291931, 4.3927629], [6.2938777, 4.3908559], [6.2864411, 4.3798956], [6.2860688, 4.3796019], [6.2859108, 4.3791922], [6.2856423, 4.3786593], [6.2805142, 4.3710017], [6.2787775, 4.3686301], [6.2785556, 4.3680896], [6.2783636, 4.3674506], [6.2780371, 4.3661401], [6.2771088, 4.3608658], [6.2765244, 4.3574752], [6.2738836, 4.3421574], [6.2738051, 4.3417017], [6.2736065, 4.3411466], [6.2678561, 4.3312949], [6.2669136, 4.3294441], [6.2594638, 4.3165398], [6.2593146, 4.3163696], [6.2519781, 4.3035415], [6.2516505, 4.3031466], [6.2513488, 4.3029818]]}}, {"type": "Feature", "properties": {"category": "pipeline", "name": "Tebidaba F/S - Brass River Manifold", "source": "pipelines-manifolds-geo.json", "stroke": "#aaaa00", "stroke-width": 0.9, "stroke-opacity": 0.6}, "geometry": {"type": "LineString", "coordinates": [[5.9199847, 4.5560035], [5.9258152, 4.5530593], [5.9297102, 4.5516812], [5.9335864, 4.5504503], [5.9398101, 4.5484565], [5.9431803, 4.5473325], [5.9491323, 4.545937], [5.9530309, 4.5446367], [5.9575594, 4.5437054], [5.9603247, 4.5427812], [5.9661074, 4.5410295], [5.978057, 4.5376054], [5.9855545, 4.5353882], [5.9884605, 4.5345833], [5.9910073, 4.5339831], [5.991123, 4.5339831], [5.9940521, 4.5327161], [5.9972235, 4.5313104], [6.0083054, 4.5259843], [6.0113891, 4.5244451], [6.0165432, 4.5220232], [6.0201642, 4.5198136], [6.0233257, 4.51785], [6.0277062, 4.5152938], [6.0304482, 4.5136135], [6.0310571, 4.5130918], [6.0329727, 4.5116095], [6.0358701, 4.5101256], [6.0385939, 4.5092289], [6.0413439, 4.5088538], [6.0432767, 4.508491], [6.0462815, 4.5076043], [6.0499245, 4.506644], [6.0522779, 4.5062772], [6.0549441, 4.5056128], [6.0571224, 4.5049492], [6.0608471, 4.5035324], [6.0657277, 4.5007657], [6.0699384, 4.4987772], [6.072534, 4.4979679], [6.0749604, 4.4969393], [6.0796461, 4.494715], [6.0815004, 4.493653], [6.0903913, 4.4886917], [6.0962755, 4.4858305], [6.0993203, 4.4820352], [6.0997384, 4.4818082], [6.1030341, 4.4782153], [6.1071907, 4.4756367], [6.1122515, 4.4747356], [6.1197429, 4.4746472], [6.1243383, 4.4748883], [6.1269577, 4.4749017], [6.1329269, 4.4747667], [6.134664, 4.4740729], [6.1380405, 4.4721154], [6.1412682, 4.4699646], [6.144066, 4.4692971], [6.1463207, 4.469146], [6.1494688, 4.468528], [6.1564571, 4.4676695], [6.1606756, 4.4652011], [6.1654006, 4.4626254], [6.1741845, 4.4576866], [6.1827248, 4.4533713], [6.1890817, 4.4506403], [6.195848, 4.4486743], [6.2021232, 4.4439896], [6.2091393, 4.4370099], [6.2132763, 4.4329377], [6.2177994, 4.429687], [6.2287374, 4.4272602], [6.2322612, 4.4263081], [6.2362619, 4.4223794], [6.2498896, 4.4092659], [6.261832, 4.4050035], [6.2815866, 4.4025625], [6.284012, 4.4012141], [6.2918485, 4.392918]]}}, {"type": "Feature", "properties": {"category": "pipeline", "name": "IRRI-KWALE", "source": "pipelines-manifolds-geo.json", "stroke": "#ffef08", "stroke-width": 0.9, "stroke-opacity": 0.6}, "geometry": {"type": "LineString", "coordinates": [[6.2454498, 5.4858996], [6.2694187, 5.4970002], [6.2800844, 5.4978631], [6.2898516, 5.4985436], [6.3033313, 5.4995507], [6.33409, 5.5019255], [6.3462494, 5.5243625], [6.3497509, 5.53088], [6.3509638, 5.5330223], [6.3552745, 5.5380324], [6.3577343, 5.5407572], [6.3580534, 5.5409484], [6.3618988, 5.5432908], [6.3664523, 5.5461199], [6.370496, 5.5487117], [6.3733353, 5.5505565], [6.3736148, 5.5506941], [6.3739, 5.5508349], [6.3741255, 5.5508292], [6.374445, 5.550759], [6.3859848, 5.5486606], [6.3925181, 5.5473718], [6.3933301, 5.5477156], [6.3944104, 5.5481311], [6.3954207, 5.548287], [6.3961261, 5.5483684], [6.3965033, 5.5484239], [6.3969506, 5.5489237], [6.3982013, 5.5505087], [6.3988747, 5.5557337], [6.3992547, 5.5560436], [6.399781, 5.5565163], [6.4016179, 5.5577306], [6.4042798, 5.5594804], [6.4061383, 5.5606362], [6.407989, 5.5617799], [6.4090704, 5.5626362], [6.4140091, 5.5675499], [6.4167181, 5.5701358], [6.4201132, 5.5734822], [6.4254997, 5.5780753], [6.4362829, 5.5873567], [6.4390479, 5.5891309], [6.441152, 5.5905622], [6.4438318, 5.5925333], [6.4473433, 5.5954173], [6.452935, 5.6001506], [6.4558747, 5.6024565], [6.4597702, 5.6057974], [6.4653849, 5.6113171], [6.4704555, 5.6161278], [6.4749562, 5.6177245], [6.4798061, 5.6193939], [6.4831837, 5.6204569], [6.4842256, 5.6207108], [6.4850236, 5.621021], [6.4875944, 5.6227719], [6.4891948, 5.6234518], [6.489945, 5.624123], [6.4908684, 5.6251916], [6.4926392, 5.6264276], [6.495023, 5.6280865], [6.4964729, 5.6293098], [6.4987807, 5.6310448], [6.5011388, 5.6326214], [6.5023686, 5.6335566], [6.5035757, 5.634277]]}}, {"type": "Feature", "properties": {"category": "pipeline", "name": "Idu F/S - Ogoda M/F", "source": "pipelines-manifolds-geo.json", "stroke": "#aaaa00", "stroke-width": 0.9, "stroke-opacity": 0.6}, "geometry": {"type": "LineString", "coordinates": [[6.6005107, 5.2459183], [6.601677, 5.2428628], [6.594546, 5.2316295], [6.594323, 5.2307306], [6.5929306, 5.219939], [6.5908381, 5.2041545], [6.5890703, 5.1951141], [6.5947566, 5.1894443], [6.5917076, 5.1739634], [6.5912121, 5.1710313], [6.5893267, 5.1673875], [6.5875043, 5.1635625], [6.5835007, 5.1551816], [6.5748197, 5.1369444], [6.5742398, 5.1356358], [6.5739512, 5.1348443], [6.5738677, 5.1335659], [6.5727135, 5.115378]]}}, {"type": "Feature", "properties": {"category": "pipeline", "name": "EOC - Ogoda MF", "source": "pipelines-manifolds-geo.json", "stroke": "#aaaa00", "stroke-width": 0.9, "stroke-opacity": 0.6}, "geometry": {"type": "LineString", "coordinates": [[6.5726894, 5.1153897], [6.5739366, 5.1348427], [6.5912123, 5.1711654], [6.5947393, 5.1894199], [6.5890759, 5.1951205], [6.594295, 5.2307502], [6.5945275, 5.231631], [6.6116119, 5.2586229], [6.6145553, 5.2770243], [6.6154622, 5.2823364], [6.6168574, 5.2900203], [6.6170785, 5.2908923], [6.617809, 5.2918007], [6.6221791, 5.2965874], [6.6367861, 5.3130607], [6.6411223, 5.3178816], [6.6585716, 5.3260232], [6.658998, 5.3297431], [6.6602846, 5.3312035], [6.6607055, 5.3314758], [6.6626477, 5.3315103], [6.6639837, 5.3326599], [6.6676223, 5.336336], [6.6685308, 5.337725], [6.67108, 5.342696], [6.6727071, 5.3463043], [6.6667715, 5.355316], [6.6716925, 5.368468], [6.6753289, 5.3783134], [6.6794981, 5.3889602], [6.682308, 5.396102], [6.6907728, 5.4065725], [6.6894333, 5.4241907], [6.6944511, 5.4437189], [6.6971678, 5.447329], [6.6988508, 5.4566266], [6.6994182, 5.4592851], [6.6995702, 5.4601638], [6.6988717, 5.4604226]]}}, {"type": "Feature", "properties": {"category": "pipeline", "name": "Nembe Creek III MF - Sego MF", "source": "pipelines-manifolds-geo.json", "stroke": "#eaff03", "stroke-width": 0.9, "stroke-opacity": 0.6}, "geometry": {"type": "LineString", "coordinates": [[6.3014857, 4.4292401], [6.3067879, 4.4362845], [6.3132602, 4.4343354], [6.3206494, 4.4356497], [6.3235778, 4.4354068], [6.3368669, 4.4445364], [6.3444106, 4.4439651], [6.3529124, 4.4435172], [6.3624616, 4.443285], [6.3656846, 4.4433525], [6.3688961, 4.4429356], [6.3714137, 4.4426819], [6.3745835, 4.4424019], [6.3774171, 4.4431057], [6.4140848, 4.4553864], [6.4384479, 4.4638935], [6.4407816, 4.4647437], [6.4668007, 4.473255], [6.4782121, 4.4770286], [6.4796433, 4.4779691], [6.4808284, 4.4790025], [6.4965403, 4.4829821], [6.5011159, 4.4843717], [6.5021265, 4.4845364], [6.5024402, 4.4845603], [6.5301825, 4.4828433], [6.5744731, 4.4802505], [6.5776272, 4.4803638], [6.5798101, 4.480123], [6.5832495, 4.4834447], [6.5877503, 4.4878178], [6.6027983, 4.5005643], [6.6567176, 4.4953339]]}}, {"type": "Feature", "properties": {"category": "pipeline", "name": "Awoba FS to Awoba MF", "source": "pipelines-manifolds-geo.json", "stroke": "#ffea03", "stroke-width": 0.9, "stroke-opacity": 0.6}, "geometry": {"type": "LineString", "coordinates": [[6.8195564, 4.5320695], [6.8206462, 4.5333492], [6.8174131, 4.537107], [6.8150687, 4.546068], [6.8137312, 4.5521367], [6.8130942, 4.5552165], [6.8129321, 4.5566095]]}}, {"type": "Feature", "properties": {"category": "pipeline", "name": "San Barth MF - Awoba Manifold", "source": "pipelines-manifolds-geo.json", "stroke": "#ffff06", "stroke-width": 0.9, "stroke-opacity": 0.6}, "geometry": {"type": "LineString", "coordinates": [[6.6868118, 4.5070504], [6.6982919, 4.5075727], [6.7026131, 4.5085567], [6.7111321, 4.511978], [6.7187619, 4.5163481], [6.7596172, 4.5402616], [6.7738429, 4.5479259], [6.7885277, 4.555079], [6.7918375, 4.5570495], [6.7983985, 4.5569762], [6.8055878, 4.5568275], [6.8129643, 4.5567288]]}}, {"type": "Feature", "properties": {"category": "pipeline", "name": "CawC III MF - Bonny Terminal", "source": "pipelines-manifolds-geo.json", "stroke": "#ffda08", "stroke-width": 0.9, "stroke-opacity": 0.6}, "geometry": {"type": "LineString", "coordinates": [[6.9661276, 4.575675], [6.9980736, 4.5781804], [7.0252347, 4.5789522], [7.0464972, 4.5573755], [7.0615101, 4.5572528], [7.0618083, 4.5569623], [7.0618523, 4.5561687], [7.0614063, 4.5545714], [7.0607453, 4.5529881], [7.060662, 4.5520501], [7.060342, 4.5507042], [7.0620411, 4.5492174], [7.0631059, 4.5483078], [7.0688993, 4.5429335], [7.099551, 4.5243693], [7.1024528, 4.5220545], [7.1045015, 4.5208217], [7.1070436, 4.5175124], [7.112374, 4.5052948], [7.1142021, 4.5042872], [7.1297209, 4.5020326], [7.1336676, 4.500844], [7.1362254, 4.4987159], [7.1388413, 4.49787], [7.1493663, 4.4920977], [7.1536964, 4.4649413], [7.1605897, 4.4348216]]}}, {"type": "Feature", "properties": {"category": "pipeline", "name": "Soku - Ekulama Delivery Line", "source": "pipelines-manifolds-geo.json", "stroke": "#aaffff", "stroke-width": 0.9, "stroke-opacity": 0.6}, "geometry": {"type": "LineString", "coordinates": [[6.6131794, 4.6552673], [6.6109221, 4.6461679], [6.6227342, 4.6423439], [6.6338219, 4.639365], [6.6403332, 4.6305214], [6.6440039, 4.6259452], [6.6510241, 4.6102058], [6.6612255, 4.6008282], [6.6777094, 4.5767251], [6.6768652, 4.5764049], [6.6750356, 4.5745989], [6.6740847, 4.5731968], [6.6725485, 4.5704413], [6.6631131, 4.551678], [6.6795315, 4.546216], [6.6868589, 4.5071782], [6.6879413, 4.5072481]]}}, {"type": "Feature", "properties": {"category": "pipeline", "name": "Awoba MF - KraKrama Manifold", "source": "pipelines-manifolds-geo.json", "stroke": "#fbff03", "stroke-width": 0.9, "stroke-opacity": 0.6}, "geometry": {"type": "LineString", "coordinates": [[6.8129993, 4.5565985], [6.8225284, 4.5570398], [6.8301407, 4.5575591], [6.839157, 4.5587253], [6.8617362, 4.5678672], [6.8922231, 4.5678006], [6.9223504, 4.5631623], [6.9263828, 4.5625343]]}}, {"type": "Feature", "properties": {"category": "pipeline", "name": "Belema FS - Sego MF", "source": "pipelines-manifolds-geo.json", "stroke": "#ffe206", "stroke-width": 0.9, "stroke-opacity": 0.6}, "geometry": {"type": "LineString", "coordinates": [[6.6489505, 4.4019373], [6.6515902, 4.4014879], [6.658247, 4.4188277], [6.6589611, 4.4192526], [6.6601123, 4.4200032], [6.6595555, 4.4340386], [6.658617, 4.4438704], [6.6568571, 4.4893781], [6.6567601, 4.4911083], [6.6567031, 4.4929069], [6.6568568, 4.4952505]]}}, {"type": "Feature", "properties": {"category": "pipeline", "name": "Ekulama 1 - Awoba MF", "source": "pipelines-manifolds-geo.json", "stroke": "#aaffff", "stroke-width": 0.9, "stroke-opacity": 0.6}, "geometry": {"type": "LineString", "coordinates": [[6.8127551, 4.5566391], [6.8123459, 4.5567248], [6.8055062, 4.5567415], [6.8008043, 4.5565731], [6.7944857, 4.556813], [6.7909649, 4.5570296], [6.7773991, 4.5600899], [6.7697426, 4.5613759], [6.7659312, 4.5612521], [6.756115, 4.5612571], [6.7493381, 4.560947], [6.7429579, 4.5608667], [6.7286261, 4.5608708], [6.7122864, 4.559378]]}}, {"type": "Feature", "properties": {"category": "pipeline", "name": "KraKrama MF - CawC MF", "source": "pipelines-manifolds-geo.json", "stroke": "#fff708", "stroke-width": 0.9, "stroke-opacity": 0.6}, "geometry": {"type": "LineString", "coordinates": [[6.9265733, 4.5628106], [6.9262049, 4.5631814], [6.9309352, 4.5702585], [6.9332153, 4.5732823], [6.9657191, 4.5753443]]}}, {"type": "Feature", "properties": {"category": "pipeline", "name": "CawC III FS - CawC Tie-in Manifold", "source": "pipelines-manifolds-geo.json", "stroke": "#fff70e", "stroke-width": 0.9, "stroke-opacity": 0.6}, "geometry": {"type": "LineString", "coordinates": [[6.9776664, 4.5585414], [6.9776998, 4.559147], [6.9778818, 4.5591995], [6.9779122, 4.5595529], [6.9775654, 4.5601391], [6.9737655, 4.5649049], [6.9726096, 4.5663373], [6.9712393, 4.5682475], [6.9697664, 4.5702972], [6.9686917, 4.5715683], [6.966206, 4.5749469], [6.9660442, 4.5753221], [6.9657747, 4.5753399]]}}, {"type": "Feature", "properties": {"category": "pipeline", "name": "Sego MF - San Barth MF", "source": "pipelines-manifolds-geo.json", "stroke": "#fff703", "stroke-width": 0.9, "stroke-opacity": 0.6}, "geometry": {"type": "LineString", "coordinates": [[6.6566836, 4.495216], [6.663887, 4.5035336], [6.6881023, 4.507301]]}}, {"type": "Feature", "properties": {"category": "pipeline", "name": "Untitled Path 1", "source": "pipelines-manifolds-geo.json", "stroke": "#aaffff", "stroke-width": 0.9, "stroke-opacity": 0.6}, "geometry": {"type": "LineString", "coordinates": [[6.8995992, 4.5528315], [6.9001266, 4.5543101], [6.9012077, 4.5562315], [6.9090806, 4.5652421], [6.9264168, 4.5624537]]}}, {"type": "Feature", "properties": {"category": "pipeline", "name": "CawC I FS - CawC I Tie-in Manifold", "source": "pipelines-manifolds-geo.json", "stroke": "#aaffff", "stroke-width": 0.9, "stroke-opacity": 0.6}, "geometry": {"type": "LineString", "coordinates": [[7.0474159, 4.5511059], [7.0541124, 4.5530966], [7.0586743, 4.5504964], [7.0603766, 4.5506655]]}}, {"type": "Feature", "properties": {"category": "pipeline", "name": "CawC II FS - New Calabar River Manifold", "source": "pipelines-manifolds-geo.json", "stroke": "#ffec13", "stroke-width": 0.9, "stroke-opacity": 0.6}, "geometry": {"type": "LineString", "coordinates": [[7.0016789, 4.5578433], [7.0021117, 4.5616398], [7.002447, 4.5629676], [7.0002301, 4.5690207], [6.9984442, 4.5781659]]}}, {"type": "Feature", "properties": {"category": "pipeline", "name": "Rumuekpe - IBAA Manifold", "source": "pipelines-manifolds-geo.json", "stroke": "#0000ff", "stroke-width": 0.9, "stroke-opacity": 0.6}, "geometry": {"type": "LineString", "coordinates": [[6.6883341, 4.9812389], [6.6920126, 4.9800638], [6.7396475, 4.964455], [6.7667867, 4.9557072], [6.7709051, 4.9555542], [6.7753808, 4.9553628], [6.789013, 4.9548271], [6.802748, 4.9545903]]}}, {"type": "Feature", "properties": {"category": "pipeline", "name": "Buguma MF - Alakiri MF", "source": "pipelines-manifolds-geo.json", "stroke": "#0000ff", "stroke-width": 0.9, "stroke-opacity": 0.6}, "geometry": {"type": "LineString", "coordinates": [[6.8488229, 4.7335347], [6.8488609, 4.7335966], [6.8488745, 4.7336409], [6.8504658, 4.735945], [6.8517835, 4.7382427], [6.8544677, 4.7421428], [6.8583831, 4.7442415], [6.8638131, 4.7447588], [6.870301, 4.7460033], [6.8741992, 4.746732], [6.8862531, 4.7481367], [6.9077391, 4.7430947], [6.9180857, 4.7407272], [6.9216149, 4.7398111], [6.9325853, 4.7369058], [6.9467396, 4.7337695], [6.952932, 4.7331826], [6.959981, 4.7329369], [6.9698428, 4.731552], [6.9753088, 4.7310031], [6.9812256, 4.7295837], [6.9873387, 4.7271236], [6.9960215, 4.7233213], [7.0045148, 4.7200811], [7.0124179, 4.7173567], [7.0154682, 4.7157954], [7.0175715, 4.7124928], [7.0203187, 4.7062021], [7.023031, 4.7026076], [7.0317427, 4.6921224], [7.0407856, 4.684203], [7.0444659, 4.6800586], [7.0536769, 4.6647606], [7.0593529, 4.6555951], [7.0606658, 4.6546318], [7.0621957, 4.6523166], [7.0622669, 4.6508388], [7.0631584, 4.649341], [7.0692401, 4.6404981], [7.0683148, 4.6366899], [7.0676336, 4.6342746], [7.0691051, 4.6008221], [7.073793, 4.5642966], [7.0790864, 4.536849]]}}, {"type": "Feature", "properties": {"category": "pipeline", "name": "K-Dere - Bonny Terminal", "source": "pipelines-manifolds-geo.json", "stroke": "#0000ff", "stroke-width": 0.9, "stroke-opacity": 0.6}, "geometry": {"type": "LineString", "coordinates": [[7.2775259, 4.6627876], [7.2768001, 4.6601184], [7.2766472, 4.6596345], [7.2765603, 4.6589479], [7.2766912, 4.657807], [7.2769402, 4.6543803], [7.2770602, 4.652684], [7.2771495, 4.6505935], [7.2772693, 4.6487148], [7.277408, 4.6467161], [7.2774647, 4.6457104], [7.2775628, 4.6446309], [7.2776736, 4.6435407], [7.2777467, 4.6420201], [7.2777425, 4.6410042], [7.2780458, 4.6365748], [7.2783285, 4.6322886], [7.2771923, 4.6301146], [7.2652989, 4.612385], [7.2631941, 4.6093373], [7.2533441, 4.5705747], [7.246172, 4.5380954], [7.2441796, 4.5294052], [7.2434861, 4.5276403], [7.2415455, 4.5252272], [7.233579, 4.5163459]]}}, {"type": "Feature", "properties": {"category": "pipeline", "name": "12\" Oguta F/S to Egbema M/F", "source": "pipelines-manifolds-geo.json", "stroke": "#ff73e8", "stroke-width": 0.9, "stroke-opacity": 0.6}, "geometry": {"type": "LineString", "coordinates": [[6.7621023, 5.5444188], [6.7622514, 5.5462463], [6.7621626, 5.5479585], [6.7619899, 5.5510443], [6.7617819, 5.5550882], [6.7613697, 5.5629377], [6.7587987, 5.6081806], [6.7576805, 5.6316629], [6.7535042, 5.6446015], [6.7508792, 5.6476547], [6.7177402, 5.6570859], [6.716355, 5.6575218], [6.7152724, 5.6582641], [6.7142678, 5.6591538], [6.7138917, 5.6595982], [6.7135633, 5.6603359], [6.7135213, 5.660566], [6.7133756, 5.6607813], [6.7131506, 5.6609037], [6.7127831, 5.6610338], [6.7120698, 5.6612118], [6.7102211, 5.6619562], [6.7088639, 5.6625708]]}}, {"type": "Feature", "properties": {"category": "pipeline", "name": "16\" Egbema to ASSA MF Trunkline", "source": "pipelines-manifolds-geo.json", "stroke": "#0000ff", "stroke-width": 0.9, "stroke-opacity": 0.6}, "geometry": {"type": "LineString", "coordinates": [[6.8001262, 5.3692826], [6.8002846, 5.3699557], [6.8003709, 5.3702015], [6.8004269, 5.3704511], [6.8003865, 5.370921], [6.8003252, 5.3711955], [6.8001364, 5.371652], [6.7952365, 5.3827125], [6.7934799, 5.3869385], [6.7927555, 5.3885645], [6.7895039, 5.396173], [6.7862685, 5.4037808], [6.7831671, 5.4112299], [6.7714478, 5.4380661], [6.7623385, 5.4597877], [6.7557449, 5.4757235], [6.7542533, 5.4794713], [6.7551996, 5.4869103], [6.7557449, 5.4916901], [6.7561332, 5.495218], [6.7568214, 5.5016778], [6.757208, 5.5042838], [6.757425, 5.505895], [6.7576596, 5.5079196], [6.7577421, 5.5087018], [6.7579713, 5.5100841], [6.7580723, 5.5109271], [6.7583248, 5.5130705], [6.7585568, 5.5153672], [6.7597663, 5.5253776], [6.7602631, 5.5294787], [6.7610101, 5.5359292], [6.7612613, 5.5380626], [6.7615952, 5.540411], [6.7617258, 5.5416203], [6.7619075, 5.5427397], [6.7620539, 5.5439502], [6.7621336, 5.5443452], [6.7628899, 5.5444609]]}}, {"type": "Feature", "properties": {"category": "pipeline", "name": "18\" ASSA TO RUMUEKPE TRUNKLINE", "source": "pipelines-manifolds-geo.json", "stroke": "#0000ff", "stroke-width": 0.9, "stroke-opacity": 0.6}, "geometry": {"type": "LineString", "coordinates": [[6.8001236, 5.3692833], [6.7988513, 5.3638519], [6.7986887, 5.3632724], [6.7984867, 5.3621641], [6.7983214, 5.3614271], [6.798094, 5.3604675], [6.7978867, 5.3596295], [6.7978108, 5.3592326], [6.7977184, 5.3588275], [6.7975893, 5.3582885], [6.7974101, 5.3576094], [6.7972769, 5.3569165], [6.7959597, 5.3515475], [6.7951848, 5.3483836], [6.7943388, 5.3446017], [6.7893599, 5.3234401], [6.7819719, 5.2915561], [6.7760475, 5.266121], [6.7722559, 5.2497422], [6.7653006, 5.2198657], [6.7642879, 5.2155053], [6.7632943, 5.2111216], [6.7621039, 5.2062443], [6.761097, 5.2016456], [6.7603003, 5.1982715], [6.7596179, 5.1957403], [6.759311, 5.1945896], [6.7588514, 5.1928454], [6.7552291, 5.1785833], [6.7532695, 5.1710967], [6.7524242, 5.1679204], [6.751171, 5.1630527], [6.7500138, 5.1585912], [6.7482459, 5.151936], [6.7481557, 5.1516516], [6.7481195, 5.1513428], [6.7475636, 5.1492687], [6.7474563, 5.148467], [6.7470932, 5.1475389], [6.7449504, 5.14322], [6.744696, 5.1429146], [6.7446344, 5.1425412], [6.7442083, 5.1417088], [6.74125, 5.1358617], [6.7045804, 5.0622455], [6.703948, 5.0608568], [6.7037005, 5.0603587], [6.7034773, 5.0597237], [6.7033241, 5.0585479], [6.7031301, 5.0564552], [6.7029561, 5.0538499], [6.701839, 5.0397154], [6.7017115, 5.0374697], [6.7016844, 5.0368253], [6.701513, 5.0355984], [6.7013847, 5.034353], [6.7012159, 5.0318003], [6.70105, 5.0303423], [6.7009137, 5.0288847], [6.6998019, 5.0147408], [6.699486, 5.0104139], [6.6991579, 5.0066559], [6.6989536, 5.004221], [6.6988127, 5.002023], [6.6968589, 4.9975475], [6.6956316, 4.9946931], [6.695465, 4.9941408], [6.6951731, 4.9935259], [6.694807, 4.9926894], [6.6945761, 4.99182], [6.6941656, 4.9904405], [6.6939028, 4.9893874], [6.6933965, 4.9871437], [6.6874086, 4.9840901], [6.6871671, 4.9839288], [6.6868646, 4.9834753], [6.6867564, 4.9830593], [6.6866376, 4.982525], [6.6864947, 4.9818939], [6.686456, 4.9817849], [6.6883444, 4.9812407]]}}, {"type": "Feature", "properties": {"category": "pipeline", "name": "36\" RUMUEKPE TO NKPOKU TRUNKLINE", "source": "pipelines-manifolds-geo.json", "stroke": "#0000ff", "stroke-width": 0.9, "stroke-opacity": 0.6}, "geometry": {"type": "LineString", "coordinates": [[6.8028175, 4.9546113], [6.8431516, 4.9531737], [6.8553274, 4.9527306], [6.8641239, 4.9525344], [6.8793532, 4.9520555], [6.8961759, 4.9514549], [6.9025274, 4.9512658], [6.9080738, 4.9510394], [6.9156396, 4.9500679], [6.9180427, 4.9496965], [6.9187555, 4.9494147], [6.9219478, 4.9490865], [6.9229554, 4.9491536], [6.9264272, 4.9487843], [6.9289869, 4.9484938], [6.9301343, 4.9483547], [6.9310547, 4.9481466], [6.9327473, 4.9475043], [6.9386198, 4.9452033], [6.9465341, 4.9420982], [6.9532117, 4.9395451], [6.9581416, 4.9376347], [6.9587474, 4.9372061], [6.9593852, 4.9368674], [6.9605401, 4.936149], [6.9641356, 4.9337804], [6.9714441, 4.92908], [6.9825675, 4.921798], [6.9920694, 4.9155436], [6.9979787, 4.911839], [6.9989123, 4.9116651]]}}, {"type": "Feature", "properties": {"category": "pipeline", "name": "4\" Obele - IBAA Delivery Line", "source": "pipelines-manifolds-geo.json", "stroke": "#0000ff", "stroke-width": 0.9, "stroke-opacity": 0.6}, "geometry": {"type": "LineString", "coordinates": [[6.8093067, 5.0076209], [6.8086987, 5.005868], [6.8079953, 5.0036748], [6.8073786, 5.0017141], [6.8071793, 5.0009376], [6.806863, 4.9980751], [6.8064589, 4.9935909], [6.8061521, 4.990568], [6.8069076, 4.9874334], [6.8089285, 4.9786118], [6.8049376, 4.9747544], [6.8046657, 4.9741708], [6.8040623, 4.969034], [6.8027631, 4.9546252]]}}, {"type": "Feature", "properties": {"category": "pipeline", "name": "8\" Imo River II F/S - Imo River II M/F", "source": "pipelines-manifolds-geo.json", "stroke": "#ffaaff", "stroke-width": 0.9, "stroke-opacity": 0.6}, "geometry": {"type": "LineString", "coordinates": [[7.1689903, 4.9868612], [7.1692549, 4.9866368], [7.1673843, 4.9835622], [7.1675399, 4.9834461]]}}, {"type": "Feature", "properties": {"category": "pipeline", "name": "8\" Isimiri FS - Imo Gate M/F", "source": "pipelines-manifolds-geo.json", "stroke": "#0000ff", "stroke-width": 0.9, "stroke-opacity": 0.6}, "geometry": {"type": "LineString", "coordinates": [[7.2478059, 4.8676678], [7.2495776, 4.8742819], [7.2389648, 4.8763693], [7.2298414, 4.8782897], [7.2235586, 4.8796777], [7.2128488, 4.881949], [7.2033046, 4.8839525], [7.1883203, 4.887023], [7.1813332, 4.8884949], [7.17899, 4.8890179], [7.1759647, 4.8896563], [7.1753178, 4.8898474], [7.1750036, 4.889882], [7.1749057, 4.8899439], [7.1747607, 4.8899808], [7.1745567, 4.8899546], [7.1742824, 4.8900291], [7.1740827, 4.890025], [7.1738766, 4.8899255]]}}, {"type": "Feature", "properties": {"category": "pipeline", "name": "Soku - Buguma (NCTL)", "source": "pipelines-manifolds-geo.json", "stroke": "#0000ff", "stroke-width": 0.9, "stroke-opacity": 0.6}, "geometry": {"type": "LineString", "coordinates": [[6.6339873, 4.6494099], [6.6421636, 4.651018], [6.6510861, 4.6505526], [6.6527353, 4.650425], [6.6650148, 4.6529269], [6.6705744, 4.6541818], [6.6767222, 4.6545156], [6.6774651, 4.6547462], [6.6834124, 4.655247], [6.6861309, 4.655328], [6.6876059, 4.6556371], [6.6892023, 4.6560232], [6.6931996, 4.6577537], [6.6960266, 4.6590421], [6.6973772, 4.6595816], [6.7000298, 4.6608239], [6.701186, 4.661254], [6.7022769, 4.6613707], [6.7037243, 4.6613725], [6.7057159, 4.6613263], [6.7071788, 4.6612855], [6.7089934, 4.6613005], [6.7117659, 4.6612914], [6.7136218, 4.6615852], [6.7144693, 4.6620868], [6.7176616, 4.6640135], [6.7212316, 4.6661527], [6.7261378, 4.6692117], [6.7320559, 4.6715166], [6.7337621, 4.6717674], [6.7374248, 4.6727676], [6.7420903, 4.6766178], [6.7513162, 4.6848799], [6.7549079, 4.6869671], [6.7586951, 4.6890993], [6.7600503, 4.6896373], [6.7615325, 4.6900923], [6.7723964, 4.6919011], [6.7803861, 4.6930901], [6.7848336, 4.6940111], [6.7892066, 4.6963796], [6.7984654, 4.7019199], [6.8026409, 4.7044279], [6.8049384, 4.7053351], [6.8110106, 4.7073224], [6.8171682, 4.7093086], [6.8186369, 4.7097017], [6.8233072, 4.7115937], [6.8257826, 4.7129164], [6.827352, 4.7137378], [6.8330373, 4.7166489], [6.8368139, 4.7195791], [6.8430938, 4.7256154], [6.84569, 4.7283103], [6.8489407, 4.7334955]]}}, {"type": "Feature", "properties": {"category": "pipeline", "name": "Diebu Creek FS - Nun-River FS", "source": "pipelines-manifolds-geo.json", "stroke": "#0000ff", "stroke-width": 0.9, "stroke-opacity": 0.6}, "geometry": {"type": "LineString", "coordinates": [[6.0782066, 4.6608619], [6.0785116, 4.6612532], [6.0785966, 4.6614623], [6.078652, 4.6616305], [6.0787849, 4.6631443], [6.0791462, 4.6693272], [6.0805156, 4.6953444], [6.0812777, 4.7103492], [6.0816501, 4.7174502], [6.0818921, 4.7188421], [6.0825742, 4.7203408], [6.083591, 4.721265], [6.0839462, 4.7215835], [6.0842108, 4.721729], [6.0844618, 4.7218777], [6.0846886, 4.7219681], [6.0851845, 4.7220894], [6.0856745, 4.7221422], [6.0863759, 4.7221857], [6.0869978, 4.722221], [6.0877814, 4.7222183], [6.0884431, 4.7222211], [6.093409, 4.7222059], [6.0940792, 4.7221704], [6.0953008, 4.7222148], [6.0960534, 4.7222597], [6.0967896, 4.7223589], [6.0971759, 4.7225391], [6.0976633, 4.7227811], [6.098102, 4.7231344], [6.098485, 4.7233986], [6.0989428, 4.7239063], [6.0992273, 4.7244022], [6.0995679, 4.7251033], [6.0997237, 4.7256866], [6.0999098, 4.7268019], [6.1001442, 4.7290731], [6.100681, 4.7340073], [6.1016521, 4.7423928], [6.1024676, 4.7495169], [6.10407, 4.763551], [6.1065762, 4.7860802], [6.1069184, 4.7898098], [6.1072438, 4.7933477], [6.1078411, 4.7997011], [6.1081381, 4.8021561], [6.1081351, 4.8024933], [6.105613, 4.8038287], [6.1030459, 4.8054344], [6.1019932, 4.8061902], [6.1009218, 4.8058634], [6.0987861, 4.8049455], [6.0908495, 4.8015858], [6.0903694, 4.801355], [6.0899802, 4.8012521], [6.0897252, 4.8012499], [6.0892474, 4.801216], [6.0887194, 4.8012443], [6.0884799, 4.801206], [6.0883193, 4.8010447], [6.0882303, 4.8008346], [6.0882158, 4.8007139], [6.0882558, 4.8006494]]}}, {"type": "Feature", "properties": {"category": "pipeline", "name": "Forcados River Manifold - Forcados Terminal", "source": "pipelines-manifolds-geo.json", "stroke": "#0000ff", "stroke-width": 0.9, "stroke-opacity": 0.6}, "geometry": {"type": "LineString", "coordinates": [[5.3690444, 5.3935935], [5.3612944, 5.3562473], [5.3593651, 5.3464438]]}}, {"type": "Feature", "properties": {"category": "pipeline", "name": "EBUBU-BOMU", "source": "pipelines-manifolds-geo.json", "stroke": "#0000ff", "stroke-width": 0.9, "stroke-opacity": 0.6}, "geometry": {"type": "LineString", "coordinates": [[7.1413503, 4.7805598], [7.1423762, 4.7790865], [7.1442787, 4.7762059], [7.1460299, 4.7735957], [7.1473631, 4.7716588], [7.14918, 4.7688986], [7.1527221, 4.7636501], [7.1537248, 4.7621798], [7.1542803, 4.761978], [7.1579036, 4.7605841], [7.1664143, 4.7573274], [7.1707602, 4.7557683], [7.1726022, 4.7551269], [7.1730309, 4.7547807], [7.1769714, 4.7520305], [7.1876249, 4.7443251], [7.2079283, 4.7342968], [7.231336, 4.7127961], [7.2527655, 4.6945661], [7.2542064, 4.6915392], [7.2556652, 4.6899401], [7.2564467, 4.6891514], [7.2565827, 4.6890353], [7.2566858, 4.6888835], [7.256984, 4.6886268], [7.2571726, 4.6884896], [7.257305, 4.6883142], [7.2590598, 4.6866835], [7.2612339, 4.6845744], [7.263632, 4.682197], [7.2665546, 4.6793848], [7.2698461, 4.6761499], [7.271153, 4.6749043], [7.2729571, 4.6731536], [7.2749081, 4.671344], [7.2755236, 4.6709731], [7.2770798, 4.6703719], [7.2778295, 4.6678528], [7.2779475, 4.6665824], [7.2775088, 4.6628557]]}}, {"type": "Feature", "properties": {"category": "pipeline", "name": "Imo Gate M/F - New Elelenwa Manifold", "source": "pipelines-manifolds-geo.json", "stroke": "#0000ff", "stroke-width": 0.9, "stroke-opacity": 0.6}, "geometry": {"type": "LineString", "coordinates": [[7.1738466, 4.8898962], [7.1726211, 4.8882286], [7.1721142, 4.8873765], [7.1718959, 4.8864649], [7.1718923, 4.8857416], [7.1724031, 4.8750837], [7.1721328, 4.8735366], [7.1712143, 4.8721609], [7.1705945, 4.8715456], [7.1650549, 4.865872], [7.1592138, 4.859782], [7.1575693, 4.8581262], [7.1564893, 4.8575665], [7.1546458, 4.8572207], [7.1514464, 4.8567086], [7.131756, 4.853186], [7.1091037, 4.8491757]]}}, {"type": "Feature", "properties": {"category": "pipeline", "name": "Kolo Creef MF - Rumuekpe MF", "source": "pipelines-manifolds-geo.json", "stroke": "#0000ff", "stroke-width": 0.9, "stroke-opacity": 0.6}, "geometry": {"type": "LineString", "coordinates": [[6.3580069, 4.9031383], [6.3608448, 4.9045925], [6.3718383, 4.9104129], [6.3853372, 4.9175981], [6.3921852, 4.9212597], [6.3923791, 4.9213776], [6.3926698, 4.9214283], [6.3970332, 4.9221128], [6.4029278, 4.9229904], [6.4106993, 4.9242016], [6.4140119, 4.9247075], [6.4181483, 4.9253444], [6.4237637, 4.9262114], [6.4315861, 4.9274028], [6.4532637, 4.930778], [6.487593, 4.9360992], [6.5137938, 4.9401815], [6.5385784, 4.9440791], [6.5537, 4.9464735], [6.557521, 4.9471217], [6.5596998, 4.9478293], [6.5607262, 4.9484082], [6.5650309, 4.9507032], [6.5688607, 4.9527725], [6.5771666, 4.9571604], [6.587152, 4.9624789], [6.5925911, 4.96535], [6.5927941, 4.9654079], [6.5929589, 4.9654253], [6.5932812, 4.9654331], [6.5961258, 4.9658282], [6.6004403, 4.9663052], [6.60843, 4.9671922], [6.6204395, 4.9686494], [6.6246667, 4.9690162], [6.6288205, 4.9695009], [6.6343216, 4.9701961], [6.6367712, 4.9704964], [6.6397928, 4.970955], [6.6399599, 4.9709517], [6.6400887, 4.9708961], [6.6402465, 4.9708842], [6.6405797, 4.9709172], [6.642694, 4.9711803], [6.6445464, 4.9714104], [6.6469287, 4.9716347], [6.6500438, 4.9719967], [6.6519276, 4.9721874], [6.6536419, 4.9723796], [6.6551479, 4.97257], [6.6566278, 4.9727494], [6.6573036, 4.9728025], [6.6577483, 4.9728961], [6.6581268, 4.973048], [6.6589809, 4.9733473], [6.6598393, 4.9736783], [6.6603109, 4.9738793], [6.6607275, 4.9741094], [6.6611033, 4.9742485], [6.6622928, 4.9746939], [6.6633042, 4.9750165], [6.6645245, 4.9754185], [6.6654014, 4.9757101], [6.6686218, 4.9768449], [6.6709853, 4.977698], [6.6730053, 4.9785106], [6.6751591, 4.979277], [6.6766124, 4.9797983], [6.6789589, 4.9806231], [6.6801371, 4.9810551], [6.6802238, 4.9811425], [6.6803109, 4.98116], [6.6804755, 4.9812161], [6.6807087, 4.9812778], [6.6809131, 4.98134], [6.6810984, 4.9814289], [6.6813483, 4.9815143], [6.6815215, 4.9815645], [6.6817701, 4.9816426], [6.6822375, 4.9818159], [6.6825999, 4.981935], [6.6829667, 4.9820716], [6.6832829, 4.9821621], [6.6834089, 4.9822079], [6.6835044, 4.9822272], [6.6835838, 4.9822574], [6.6836714, 4.982316], [6.6837995, 4.982377], [6.6839017, 4.9823979], [6.6840394, 4.9824355], [6.6842154, 4.9824656], [6.684342, 4.9825221], [6.6844728, 4.9825324], [6.6846476, 4.9824946], [6.6848395, 4.9824353], [6.6850795, 4.9824304], [6.6852639, 4.9823083], [6.6853542, 4.9822081], [6.6855101, 4.9821611], [6.6856051, 4.9821798], [6.6856905, 4.98214], [6.6857718, 4.9821043], [6.6859072, 4.9820545], [6.6862051, 4.9820081], [6.6862704, 4.981977], [6.6864495, 4.9818967], [6.686468, 4.9818564], [6.6864828, 4.9817801], [6.6866607, 4.9817116], [6.6871892, 4.9815408], [6.6876794, 4.9814111], [6.688328, 4.9812417]]}}, {"type": "Feature", "properties": {"category": "pipeline", "name": "Nembe III FS - Nembe II MF", "source": "pipelines-manifolds-geo.json", "stroke": "#ffff00", "stroke-width": 0.9, "stroke-opacity": 0.6}, "geometry": {"type": "LineString", "coordinates": [[6.2849303, 4.4503683], [6.2842953, 4.450306], [6.2839907, 4.4492633], [6.2839326, 4.4481355], [6.2842148, 4.4474053], [6.2851792, 4.4458588], [6.2871093, 4.4435888], [6.2883245, 4.4419918], [6.2904864, 4.4391902], [6.2934943, 4.4355796], [6.297032, 4.4314015], [6.2981379, 4.4303094], [6.3010456, 4.4283756], [6.3016301, 4.4292435]]}}, {"type": "Feature", "properties": {"category": "pipeline", "name": "Nun River - Kolo Creek MF", "source": "pipelines-manifolds-geo.json", "stroke": "#0000ff", "stroke-width": 0.9, "stroke-opacity": 0.6}, "geometry": {"type": "LineString", "coordinates": [[6.0887257, 4.800988], [6.0922504, 4.8021515], [6.0952739, 4.803445], [6.0986181, 4.8048425], [6.1040235, 4.8071687], [6.1074768, 4.8086224], [6.111679, 4.8103725], [6.1159101, 4.812037], [6.1198266, 4.8136504], [6.1277351, 4.8170199], [6.1324891, 4.819045], [6.1338838, 4.8196229], [6.1352133, 4.8201442], [6.1365502, 4.820535], [6.1384713, 4.8211437], [6.1401671, 4.8216881], [6.142206, 4.8222908], [6.1447998, 4.8231279], [6.1471536, 4.8239564], [6.1483707, 4.8243696], [6.1495554, 4.8245885], [6.1508998, 4.8248493], [6.1522892, 4.8252618], [6.1569637, 4.8263079], [6.1610155, 4.8272314], [6.1633415, 4.8277588], [6.1654709, 4.8282894], [6.1660761, 4.8283148], [6.1664922, 4.8282033], [6.1669067, 4.827946], [6.1677471, 4.8273995], [6.1682463, 4.8270746], [6.1686903, 4.8269953], [6.1692642, 4.8270831], [6.1696936, 4.8272141], [6.174392, 4.828625], [6.178814, 4.8299715], [6.180462, 4.8303688], [6.1822032, 4.8306243], [6.1876146, 4.8313828], [6.1926544, 4.8319456], [6.1987662, 4.832633], [6.2074237, 4.8336922], [6.208918, 4.8339076], [6.2118373, 4.8341123], [6.2200081, 4.8351272], [6.2213784, 4.8352065], [6.2219257, 4.8352504], [6.2228017, 4.8356539], [6.2234667, 4.8360922], [6.2243495, 4.8364893], [6.2261048, 4.8375981], [6.2276833, 4.8384747], [6.2290881, 4.8394291], [6.2318609, 4.8410684], [6.2474402, 4.8502648], [6.2509621, 4.8533101], [6.2555805, 4.8573487], [6.2617582, 4.8624885], [6.266458, 4.8643519], [6.2750074, 4.8680276], [6.2767424, 4.8687344], [6.2808252, 4.870422], [6.2837281, 4.8717075], [6.2881694, 4.8735339], [6.2904115, 4.8744594], [6.2915058, 4.8748942], [6.2943632, 4.8760955], [6.2967959, 4.8771198], [6.3181792, 4.8862778], [6.3213656, 4.8875561], [6.32588, 4.8893751], [6.3314087, 4.8916191], [6.3354282, 4.893321], [6.3370286, 4.8939802], [6.3476922, 4.898318], [6.3525862, 4.9003729], [6.354592, 4.9011947], [6.3559156, 4.9022361], [6.3572957, 4.90292], [6.3579068, 4.9029655]]}}, {"type": "Feature", "properties": {"category": "pipeline", "name": "Soku F/S to Awoba M/F", "source": "pipelines-manifolds-geo.json", "stroke": "#0000ff", "stroke-width": 0.9, "stroke-opacity": 0.6}, "geometry": {"type": "LineString", "coordinates": [[6.6339745, 4.6492087], [6.6344059, 4.6390108], [6.6391695, 4.6321255], [6.6437826, 4.6276772], [6.6461715, 4.6199725], [6.6461739, 4.6197925], [6.6509996, 4.6099132], [6.6549236, 4.6068435], [6.6623318, 4.5998543], [6.6763016, 4.5769803], [6.6888521, 4.5679215], [6.6928584, 4.5663223], [6.7135235, 4.5662658], [6.7405213, 4.5656073], [6.7437879, 4.5652085], [6.7524765, 4.5621947], [6.7575304, 4.5611028], [6.7697196, 4.561286], [6.7910887, 4.5569761], [6.8128109, 4.5566221]]}}, {"type": "Feature", "properties": {"category": "pipeline", "name": "Shell Agip MF - Nembe III Creek MF", "source": "pipelines-manifolds-geo.json", "stroke": "#ffff00", "stroke-width": 0.9, "stroke-opacity": 0.6}, "geometry": {"type": "LineString", "coordinates": [[6.2825422, 4.4022958], [6.2833167, 4.4029618], [6.2846268, 4.404336], [6.2867632, 4.4067066], [6.2899858, 4.4103284], [6.2944455, 4.4152044], [6.2963064, 4.4183704], [6.2979165, 4.4215126], [6.3012576, 4.4277559], [6.301608, 4.4292276]]}}, {"type": "Feature", "properties": {"category": "pipeline", "name": "6\" Etelebou MF - Gbaran CPF", "source": "pipelines-manifolds-geo.json", "stroke": "#0000ff", "stroke-width": 0.9, "stroke-opacity": 0.6}, "geometry": {"type": "LineString", "coordinates": [[6.3609038, 5.0245685], [6.3607264, 5.0232247], [6.3604251, 5.0223378], [6.3590875, 5.0194789], [6.3587429, 5.0186962], [6.3551813, 5.0111654], [6.3550861, 5.010927], [6.3496982, 5.0116835], [6.3422823, 5.0126615], [6.3339814, 5.0136323], [6.3274153, 5.014261], [6.321752, 5.0151906], [6.3188126, 5.0156066], [6.3068676, 5.0155852], [6.3020715, 5.0158331]]}}, {"type": "Feature", "properties": {"category": "pipeline", "name": "TNP - Bomu to New Ebubu MF", "source": "pipelines-manifolds-geo.json", "stroke": "#0000ff", "stroke-width": 0.9, "stroke-opacity": 0.6}, "geometry": {"type": "LineString", "coordinates": [[7.2775449, 4.6628629], [7.2775311, 4.6629], [7.2779839, 4.6665927], [7.27784, 4.6678329], [7.2773491, 4.6693456], [7.2769183, 4.671204], [7.2767584, 4.6733926], [7.2768031, 4.6749905], [7.2768864, 4.6795616], [7.2770592, 4.6825619], [7.2777783, 4.6857778], [7.278318, 4.6904385], [7.2792518, 4.7006705], [7.2798726, 4.7063901], [7.2804348, 4.7117685], [7.2811728, 4.7170099], [7.2812784, 4.717854], [7.28124, 4.718053], [7.2811281, 4.7181579], [7.2758829, 4.7209224], [7.2733676, 4.7225101], [7.2689306, 4.7257892], [7.2617646, 4.7313214], [7.255481, 4.736132], [7.2440566, 4.7448095], [7.2314729, 4.7543886], [7.2286124, 4.7569174], [7.220525, 4.7643748], [7.2156424, 4.7690002], [7.2106093, 4.7719424], [7.1881766, 4.785047], [7.1774662, 4.7914276], [7.1747595, 4.7929486], [7.1690462, 4.7977814], [7.1579098, 4.8072243], [7.1542763, 4.8104032], [7.1539687, 4.8106893], [7.1537154, 4.810845]]}}, {"type": "Feature", "properties": {"category": "pipeline", "name": "New Ebubu MF - Ebubu MF", "source": "pipelines-manifolds-geo.json", "stroke": "#0000ff", "stroke-width": 0.9, "stroke-opacity": 0.6}, "geometry": {"type": "LineString", "coordinates": [[7.1580771, 4.8508104], [7.1578015, 4.8505293], [7.1566437, 4.8403485], [7.1530767, 4.811714], [7.1515719, 4.7985423], [7.1510616, 4.7945003], [7.1505353, 4.7932016], [7.1503104, 4.7924866], [7.1505773, 4.7900187], [7.1501281, 4.7888732], [7.1488894, 4.7863503], [7.1480803, 4.7851578], [7.1460065, 4.7848441], [7.1451157, 4.7844312], [7.1451517, 4.7839765], [7.1445721, 4.783548], [7.1443265, 4.7831537], [7.1441373, 4.782316], [7.1441276, 4.7822639], [7.1435833, 4.7809649], [7.1431176, 4.7801552], [7.1413403, 4.7805177]]}}, {"type": "Feature", "properties": {"category": "pipeline", "name": "5", "source": "pipelines-manifolds-geo.json", "stroke": "#0000ff", "stroke-width": 0.9, "stroke-opacity": 0.6}, "geometry": {"type": "LineString", "coordinates": [[7.1675395, 4.98343], [7.1691399, 4.981877], [7.1700348, 4.9810339], [7.1705404, 4.9806978], [7.1709522, 4.9807216], [7.1713221, 4.9809416], [7.171801, 4.9810037], [7.1720664, 4.9810981], [7.172286, 4.98128], [7.1727127, 4.9813013], [7.1730976, 4.9812033], [7.1736172, 4.9809983], [7.1739913, 4.9807717], [7.1744513, 4.9805647], [7.174979, 4.9802664], [7.1758429, 4.9798409], [7.1766645, 4.9794053], [7.1772002, 4.9791097], [7.177832, 4.9789786], [7.1784965, 4.9789565], [7.1788864, 4.9789888], [7.1805806, 4.9789669], [7.1818408, 4.9789869], [7.1858313, 4.9789901]]}}, {"type": "Feature", "properties": {"category": "pipeline", "name": "36\" Npoku MF - Ogale MF", "source": "pipelines-manifolds-geo.json", "stroke": "#0000ff", "stroke-width": 0.9, "stroke-opacity": 0.6}, "geometry": {"type": "LineString", "coordinates": [[6.998921, 4.9116416], [7.0105483, 4.9137264], [7.0175261, 4.9150257], [7.0221432, 4.9158632], [7.0252474, 4.9164042], [7.0308465, 4.9187166], [7.0322712, 4.9193787], [7.0358802, 4.920879], [7.0386555, 4.9219286], [7.0421186, 4.9136099], [7.0455435, 4.9049829], [7.0468883, 4.9024946], [7.0526182, 4.8975812], [7.0698349, 4.8828359], [7.0898642, 4.8657272], [7.091998, 4.8647638], [7.0938933, 4.8634807], [7.0951289, 4.8621333], [7.0970727, 4.8593886], [7.1498922, 4.8141982]]}}, {"type": "Feature", "properties": {"category": "pipeline", "name": "Untitled Path 3", "source": "pipelines-manifolds-geo.json", "stroke": "#0000ff", "stroke-width": 0.9, "stroke-opacity": 0.6}, "geometry": {"type": "LineString", "coordinates": [[6.686847, 4.5073342], [6.6822686, 4.5322309], [6.6796727, 4.5463672], [6.6629806, 4.5513141], [6.6723955, 4.5714904], [6.6736592, 4.5735101], [6.6745768, 4.5746688], [6.6769281, 4.5767015], [6.6624827, 4.5999322], [6.6516941, 4.6095753], [6.6434466, 4.6281985], [6.6346272, 4.6391217], [6.6340142, 4.6500406]]}}, {"type": "Feature", "properties": {"category": "pipeline", "name": "Gbaran MF to Soku", "source": "pipelines-manifolds-geo.json", "stroke": "#0000ff", "stroke-width": 0.9, "stroke-opacity": 0.6}, "geometry": {"type": "LineString", "coordinates": [[6.3738624, 4.8875016], [6.373919, 4.8875155], [6.378613, 4.8888605], [6.3804072, 4.8881555], [6.3809254, 4.8882891], [6.3851734, 4.8876838], [6.3875516, 4.8865584], [6.3934303, 4.8865988], [6.3978397, 4.8811327], [6.4061532, 4.8832226], [6.4090204, 4.8835831], [6.4432518, 4.836841], [6.4443593, 4.8355526], [6.4880717, 4.7878415], [6.5252072, 4.7473643], [6.5266285, 4.7457766], [6.5406219, 4.7306678], [6.5420388, 4.7291476], [6.5551514, 4.714792], [6.5602576, 4.7090847], [6.5611474, 4.7080709], [6.5625092, 4.7067053], [6.5660499, 4.7034695], [6.5680842, 4.7018467], [6.5700051, 4.6997533], [6.5722374, 4.6973841], [6.5771855, 4.6910986], [6.5782998, 4.6895324], [6.5847594, 4.6824578], [6.5907394, 4.6759802], [6.5959972, 4.6702825], [6.6002596, 4.6651058], [6.6048168, 4.659149], [6.6066677, 4.6554439], [6.610173, 4.6558538]]}}, {"type": "Feature", "properties": {"category": "pipeline", "name": "14\" Okordia MF - Rumuekpe MF", "source": "pipelines-manifolds-geo.json", "stroke": "#0000ff", "stroke-width": 0.9, "stroke-opacity": 0.6}, "geometry": {"type": "LineString", "coordinates": [[6.4523408, 5.1541412], [6.4590016, 5.14647], [6.4714105, 5.1320285], [6.4790139, 5.1234862], [6.4814318, 5.1206416], [6.481852, 5.120395], [6.4826274, 5.1202864], [6.4844455, 5.1198392], [6.4890422, 5.1184765], [6.4892053, 5.1183967], [6.4972038, 5.1130302], [6.5088239, 5.1053785], [6.5144384, 5.1015348], [6.5250104, 5.0945689], [6.5420044, 5.0833053], [6.5568431, 5.0733727], [6.5573818, 5.0730675], [6.5593963, 5.0716502], [6.5605095, 5.0710255], [6.5609125, 5.0707015], [6.563139, 5.0699058], [6.5643847, 5.0690628], [6.5655128, 5.0683404], [6.5670541, 5.0671454], [6.5679786, 5.066598], [6.5698022, 5.0649969], [6.5714331, 5.0632948], [6.5731821, 5.0613764], [6.573746, 5.0608481], [6.5750191, 5.0596469], [6.5827177, 5.0515571], [6.5906377, 5.0433377], [6.5920128, 5.0420253], [6.5926416, 5.0413023], [6.5931489, 5.040661], [6.5938593, 5.04011], [6.5948961, 5.0394576], [6.5978643, 5.037674], [6.5987335, 5.0371757], [6.5991573, 5.0369903], [6.5994952, 5.0367268], [6.5998148, 5.0365448], [6.6002616, 5.036287], [6.6031163, 5.034652], [6.6041572, 5.0341088], [6.6085866, 5.0316071], [6.6158474, 5.0274579], [6.6176669, 5.0264256], [6.6266871, 5.0212103], [6.632082, 5.0182155], [6.6336168, 5.0173541], [6.6491383, 5.0084304], [6.6543475, 5.0054965], [6.6614573, 5.001313], [6.6634366, 5.0002961], [6.6641658, 4.9999009], [6.6651743, 4.9990741], [6.6661327, 4.9972279], [6.6667428, 4.9958658], [6.6675216, 4.9948353], [6.672005, 4.9918604], [6.676898, 4.9883755], [6.6853178, 4.9823119], [6.6863869, 4.9818642], [6.6870425, 4.9816398], [6.6881366, 4.9813116]]}}, {"type": "Feature", "properties": {"category": "pipeline", "name": "Adibawa FS - Okordia MF", "source": "pipelines-manifolds-geo.json", "stroke": "#0000ff", "stroke-width": 0.9, "stroke-opacity": 0.6}, "geometry": {"type": "LineString", "coordinates": [[6.4895144, 5.197727], [6.4889901, 5.1961278], [6.4878699, 5.1946377], [6.4867816, 5.1933469], [6.4821332, 5.1883015], [6.4706161, 5.1772251], [6.4547056, 5.1620106], [6.4495816, 5.1572232], [6.4523849, 5.1541443]]}}, {"type": "Feature", "properties": {"category": "pipeline", "name": "IMR Gate MF - KomKom MF", "source": "pipelines-manifolds-geo.json", "stroke": "#0000ff", "stroke-width": 0.9, "stroke-opacity": 0.6}, "geometry": {"type": "LineString", "coordinates": [[7.1581064, 4.8508812], [7.1620289, 4.8502119], [7.1679633, 4.8625133], [7.1648414, 4.865699], [7.1721955, 4.8733026], [7.1725084, 4.8749933], [7.1718594, 4.8857775], [7.172123, 4.8875304], [7.1739164, 4.8899493]]}}, {"type": "Feature", "properties": {"category": "pipeline", "name": "Alakiri - Bonny", "source": "pipelines-manifolds-geo.json", "stroke": "#0000ff", "stroke-width": 0.9, "stroke-opacity": 0.6}, "geometry": {"type": "LineString", "coordinates": [[7.0790669, 4.5368861], [7.079728, 4.5332233], [7.0800197, 4.5264281], [7.0813355, 4.5073259], [7.0830692, 4.4921063], [7.0850922, 4.4703602], [7.1026872, 4.4539115], [7.1524194, 4.4252699]]}}, {"type": "Feature", "properties": {"category": "pipeline", "name": "Nkali to Imo II Manifold", "source": "pipelines-manifolds-geo.json", "stroke": "#ffaaff", "stroke-width": 0.9, "stroke-opacity": 0.6}, "geometry": {"type": "LineString", "coordinates": [[7.1179933, 4.9834666], [7.1325396, 4.9848251], [7.1418145, 4.9850815], [7.1466903, 4.9859494], [7.1510918, 4.9858883], [7.1538572, 4.9859953], [7.1560078, 4.9861397], [7.1581573, 4.9869732], [7.1607885, 4.9870206], [7.1625471, 4.9866382], [7.1645134, 4.9856242], [7.1662389, 4.9843533], [7.1673731, 4.9833957], [7.167791, 4.9834386]]}}, {"type": "Feature", "properties": {"category": "pipeline", "name": "IMO RIVER III TO IMOM GATE MANIFOLD", "source": "pipelines-manifolds-geo.json", "stroke": "#0000ff", "stroke-width": 0.9, "stroke-opacity": 0.6}, "geometry": {"type": "LineString", "coordinates": [[7.1863996, 4.9788195], [7.1865281, 4.9747558], [7.1855701, 4.9730785], [7.1853324, 4.967842], [7.1851856, 4.9593837], [7.1849491, 4.9531349], [7.1849683, 4.9243936], [7.185005, 4.9163109], [7.1848816, 4.9105561], [7.1847943, 4.9056619], [7.1839734, 4.9046445], [7.1832732, 4.9033753], [7.1809958, 4.901234], [7.1797488, 4.8988502], [7.178026, 4.8972332], [7.1762912, 4.8950038], [7.1759887, 4.8935214], [7.175245, 4.8941427], [7.1732702, 4.8918122], [7.1734889, 4.8905857]]}}, {"type": "Feature", "properties": {"category": "pipeline", "name": "Orioni - Evwerni Pipeline", "source": "pipelines-manifolds-geo.json", "stroke": "#ff0000", "stroke-width": 0.9, "stroke-opacity": 0.6}, "geometry": {"type": "LineString", "coordinates": [[6.1422726, 5.3573805], [6.1412196, 5.3579123], [6.1397763, 5.3578948], [6.1333967, 5.3580688], [6.1329303, 5.3582039], [6.1322816, 5.3583675], [6.1302074, 5.3588746], [6.1244004, 5.3602939], [6.1231963, 5.3605941], [6.1206167, 5.3609449], [6.1174428, 5.3612894], [6.1143131, 5.3616562], [6.1122308, 5.3618699], [6.1092994, 5.3622538], [6.1088817, 5.3622433], [6.1083449, 5.3623163], [6.108064, 5.3623776], [6.1075004, 5.3624526], [6.1068234, 5.3625206], [6.1059578, 5.3625937], [6.1047462, 5.3626993], [6.0994412, 5.363106], [6.0950208, 5.3634129], [6.0948068, 5.3634441], [6.0945763, 5.3635018], [6.0942637, 5.3634856], [6.0924312, 5.3636018], [6.0922417, 5.3636225], [6.0920926, 5.3636584], [6.0916644, 5.3636513], [6.0889554, 5.363834], [6.0867851, 5.3639901], [6.0818865, 5.3643696], [6.080192, 5.3644767], [6.0790028, 5.3645544], [6.0781473, 5.3646113], [6.0776862, 5.364658], [6.077381, 5.3646898], [6.0769499, 5.3647261], [6.076276, 5.3647948], [6.074116, 5.3649324], [6.0720475, 5.3650973], [6.0698233, 5.3652648], [6.0664808, 5.3654536], [6.0639739, 5.3656375], [6.0615757, 5.3657735], [6.0613251, 5.3658171], [6.0600813, 5.365924], [6.0580458, 5.3671781], [6.0541422, 5.3674565], [6.0538638, 5.3674678], [6.0535454, 5.3675351], [6.0532018, 5.3675476], [6.0519308, 5.3676092], [6.0516887, 5.3676309], [6.0513949, 5.3678272], [6.0509753, 5.368168], [6.0505554, 5.3684941], [6.0501188, 5.3688228], [6.0496462, 5.3691607], [6.0493817, 5.3693072], [6.0489896, 5.3695672], [6.0480199, 5.3702796], [6.0476275, 5.3706004], [6.0471445, 5.3709892], [6.0464439, 5.3714809], [6.045926, 5.3718595], [6.041993, 5.3747507], [6.0416642, 5.3749906]]}}, {"type": "Feature", "properties": {"category": "pipeline", "name": "Evwreni FS - UPS", "source": "pipelines-manifolds-geo.json", "stroke": "#ff0000", "stroke-width": 0.9, "stroke-opacity": 0.6}, "geometry": {"type": "LineString", "coordinates": [[6.041363, 5.375195], [6.0403962, 5.3765513], [6.0382108, 5.3795749], [6.0308348, 5.3900723], [6.0196031, 5.4056023], [6.0096315, 5.4190834], [6.0078584, 5.4214447], [6.0038873, 5.4268605], [5.9975798, 5.4353198], [5.9961567, 5.4383775], [5.9935257, 5.4446234], [5.9918528, 5.4485605], [5.9915076, 5.449307], [5.9910267, 5.4502561], [5.9904104, 5.4513216], [5.9889746, 5.4536496], [5.9876637, 5.4558535], [5.9843611, 5.4613517], [5.9829171, 5.4637487], [5.9759143, 5.4753849], [5.9689207, 5.4823064], [5.9596784, 5.4915833], [5.9564941, 5.4946718], [5.9555004, 5.4957148], [5.9541486, 5.4970313], [5.9500055, 5.5011191], [5.9496744, 5.5014283], [5.9493458, 5.5017238], [5.9490866, 5.5019375], [5.9487512, 5.5023269], [5.9485128, 5.5026546], [5.943351, 5.5096623], [5.9427196, 5.5097191], [5.9385859, 5.5103528], [5.93757, 5.5113326], [5.9376824, 5.5122744]]}}, {"type": "Feature", "properties": {"category": "pipeline", "name": "Utorogu - UPS Pipeline", "source": "pipelines-manifolds-geo.json", "stroke": "#ff0000", "stroke-width": 0.9, "stroke-opacity": 0.6}, "geometry": {"type": "LineString", "coordinates": [[5.8826775, 5.4346814], [5.881998, 5.434896], [5.8895788, 5.4518729], [5.8898539, 5.4528245], [5.890013, 5.4538535], [5.8901923, 5.4588807], [5.893025, 5.4632916], [5.8956935, 5.4676917], [5.8978823, 5.4708606], [5.8999335, 5.4729913], [5.9022783, 5.4759296], [5.9071915, 5.481398], [5.9176006, 5.4928121], [5.9186773, 5.4960804], [5.933972, 5.5096014], [5.9355869, 5.5088384], [5.9376115, 5.5121462]]}}, {"type": "Feature", "properties": {"category": "pipeline", "name": "Olero FS - Dibi Flowstation", "source": "pipelines-manifolds-geo.json", "stroke": "#ffaaff", "stroke-width": 0.9, "stroke-opacity": 0.6}, "geometry": {"type": "LineString", "coordinates": [[5.132006, 5.8588746], [5.1352426, 5.8481796], [5.1626987, 5.8524196], [5.174668, 5.8334601], [5.1780092, 5.8268925]]}}, {"type": "Feature", "properties": {"category": "pipeline", "name": "Opuekeba FS - Olero FS", "source": "pipelines-manifolds-geo.json", "stroke": "#ffaaff", "stroke-width": 0.9, "stroke-opacity": 0.6}, "geometry": {"type": "LineString", "coordinates": [[5.0148149, 5.916767], [5.0138951, 5.9159725], [5.0155215, 5.9137791], [5.0284411, 5.9138563], [5.0535784, 5.9140849], [5.0554639, 5.9140742], [5.089493, 5.9143516], [5.0905502, 5.913954], [5.1239198, 5.891872], [5.1548853, 5.8720717], [5.130202, 5.8608597], [5.1295388, 5.8602925], [5.1315758, 5.8580851], [5.1321113, 5.8588161]]}}, {"type": "Feature", "properties": {"category": "pipeline", "name": "Dibi FS - Abiteye FS", "source": "pipelines-manifolds-geo.json", "stroke": "#ffaaff", "stroke-width": 0.9, "stroke-opacity": 0.6}, "geometry": {"type": "LineString", "coordinates": [[5.1780602, 5.82696], [5.1778942, 5.8268194], [5.1800072, 5.8220112], [5.1885951, 5.8040541], [5.2009332, 5.7753731], [5.2105173, 5.7517294], [5.2151258, 5.740902], [5.2156389, 5.7393657], [5.223169, 5.7201466], [5.22546, 5.7144528], [5.2434934, 5.6960486], [5.2588445, 5.681079], [5.2681076, 5.6724733], [5.2760528, 5.67053]]}}, {"type": "Feature", "properties": {"category": "pipeline", "name": "Oredo FS - Ologbo - Warri Refinery", "source": "pipelines-manifolds-geo.json", "stroke": "#ffaaff", "stroke-width": 0.9, "stroke-opacity": 0.6}, "geometry": {"type": "LineString", "coordinates": [[5.5857519, 6.0646953], [5.6246297, 6.0721525], [5.6636314, 6.0789492], [5.7043606, 6.0797256], [5.7163848, 5.966139], [5.7414209, 5.9436524], [5.738465, 5.901156], [5.7382314, 5.8956939], [5.7383832, 5.8947138], [5.7379765, 5.8929157], [5.7377464, 5.8911713], [5.7364824, 5.8695599], [5.7366961, 5.8691096], [5.7377958, 5.8639911], [5.73957, 5.8578816], [5.7394287, 5.8554056], [5.7407719, 5.842092], [5.7418756, 5.8104576], [5.7420058, 5.802601], [5.7447902, 5.7908625], [5.7556479, 5.7374735], [5.7584933, 5.7252505], [5.7594524, 5.7178485], [5.761091, 5.7101304], [5.7627358, 5.7024408], [5.7628825, 5.701385], [5.7625377, 5.6996389], [5.7584433, 5.6967753], [5.7568929, 5.6855897], [5.7536897, 5.6561359], [5.7521534, 5.6337302], [5.7502988, 5.6307877], [5.748178, 5.6218705], [5.7481662, 5.6157295], [5.7481463, 5.6027145], [5.7334812, 5.5806237], [5.728793, 5.5738399], [5.7285746, 5.5736294], [5.7208216, 5.5734593], [5.714211, 5.572324]]}}, {"type": "Feature", "properties": {"category": "pipeline", "name": "Amuokpe - Escravos Line", "source": "pipelines-manifolds-geo.json", "stroke": "#ffaaff", "stroke-width": 0.9, "stroke-opacity": 0.6}, "geometry": {"type": "LineString", "coordinates": [[5.6853861, 5.8607546], [5.6781333, 5.8596819], [5.669373, 5.8583924], [5.6574675, 5.8567427], [5.6313105, 5.8530827], [5.616084, 5.8507965], [5.5972365, 5.8471417], [5.5964703, 5.8473373], [5.5937, 5.8468589], [5.576348, 5.8438483], [5.5750839, 5.8436358], [5.5734381, 5.8434839], [5.5716946, 5.8430898], [5.5695396, 5.8426801], [5.5686001, 5.8426121], [5.5652466, 5.8421947], [5.5636172, 5.8418328], [5.5611827, 5.8412918], [5.5599355, 5.8408685], [5.5558029, 5.8392987], [5.5484631, 5.8366185], [5.5483274, 5.8365806], [5.5481892, 5.8365805], [5.5448844, 5.8356136], [5.5397235, 5.8340321], [5.5395861, 5.8340334], [5.5376493, 5.8332447], [5.5377452, 5.8332811], [5.5320065, 5.8339186], [5.5306188, 5.8339609], [5.5267272, 5.8328815], [5.5058035, 5.8277163], [5.4805329, 5.8228633], [5.4699351, 5.82016], [5.4609437, 5.8198795], [5.4556746, 5.8199759], [5.44746, 5.8196048], [5.444542, 5.8186522], [5.4384074, 5.8186911], [5.42821, 5.8185762], [5.4226688, 5.8188126], [5.4196219, 5.8178615], [5.4115052, 5.8156094], [5.4043293, 5.8129335], [5.3915904, 5.8071995], [5.3874123, 5.8052863], [5.3838709, 5.8040574], [5.3761475, 5.8015067], [5.3719311, 5.8000133], [5.3693164, 5.799219], [5.3628947, 5.7974254], [5.3598695, 5.795742], [5.3461361, 5.7899365], [5.3296617, 5.7834501], [5.3189986, 5.7699782], [5.3167346, 5.7692539], [5.313613, 5.7677017], [5.3121918, 5.7667217], [5.3096245, 5.7644579], [5.3057703, 5.7599642], [5.301979, 5.7556876], [5.2963446, 5.7494073], [5.2917674, 5.7440749], [5.2903539, 5.7427565], [5.2898047, 5.7412441], [5.2864626, 5.7381608], [5.2782303, 5.732104], [5.2762338, 5.730403], [5.271679, 5.7240854], [5.2691652, 5.7195923], [5.2652945, 5.7131489], [5.2604268, 5.7078567], [5.2562111, 5.7033026], [5.2529416, 5.7005025], [5.250504, 5.698553], [5.249156, 5.6972613], [5.2460767, 5.6942855], [5.2456288, 5.6937492], [5.2437064, 5.6920499], [5.2421458, 5.6910061], [5.2399798, 5.6894652], [5.2375351, 5.6863796], [5.2342356, 5.6814785], [5.2310291, 5.6762374], [5.2291269, 5.6731017], [5.228293, 5.6721055], [5.2269682, 5.6698311], [5.2256296, 5.6663072], [5.2231444, 5.6599016], [5.2219397, 5.6567624], [5.2206124, 5.6532014], [5.2190799, 5.6500582], [5.2184971, 5.6486975], [5.2150656, 5.642118], [5.2100904, 5.633954], [5.2078767, 5.6298765], [5.2061483, 5.6268744], [5.2037719, 5.6236284], [5.2020203, 5.621622], [5.2014373, 5.6207125], [5.1991313, 5.6175759]]}}, {"type": "Feature", "properties": {"category": "pipeline", "name": "Amukpe-Rapele (TFP)", "source": "pipelines-manifolds-geo.json", "stroke": "#ff0000", "stroke-width": 0.9, "stroke-opacity": 0.6}, "geometry": {"type": "LineString", "coordinates": [[5.6913501, 5.8636157], [5.689998, 5.8623686], [5.6906117, 5.8605374], [5.6909324, 5.8582537], [5.6918197, 5.855161], [5.6979794, 5.8331004], [5.6928943, 5.8112952], [5.6928115, 5.810831], [5.6928377, 5.8106295], [5.6930512, 5.8099814], [5.6931638, 5.8096489], [5.6960696, 5.8017572], [5.6983635, 5.7955699], [5.6986443, 5.7947951], [5.6987265, 5.7945999], [5.6992241, 5.7941689], [5.7070589, 5.7864443], [5.7075081, 5.7859671], [5.7077238, 5.785568], [5.7076059, 5.7850257], [5.7067389, 5.7799323], [5.7062357, 5.7760664], [5.7060963, 5.7744052], [5.705998, 5.774024], [5.7061875, 5.7736136], [5.7066995, 5.7729256], [5.7095919, 5.7688308], [5.7097672, 5.7684676], [5.7100118, 5.7676404], [5.7103515, 5.7656883], [5.7147899, 5.747822], [5.7150698, 5.7464947], [5.7150513, 5.7452028], [5.7135228, 5.7216125], [5.7122993, 5.7012376], [5.7120421, 5.6955465], [5.7119281, 5.6938907], [5.7181074, 5.6684177], [5.7198771, 5.6612997], [5.7222779, 5.6520174], [5.7223595, 5.6514896], [5.7221148, 5.6510741], [5.721409, 5.6503947], [5.7128736, 5.6424993], [5.7125348, 5.6421094], [5.7123998, 5.6418443], [5.7121415, 5.64106], [5.7081618, 5.6273943], [5.7081005, 5.626946], [5.7078885, 5.6266767], [5.7071826, 5.6262754], [5.6974345, 5.6217769], [5.6969972, 5.621466], [5.6967514, 5.6209217], [5.6965531, 5.6203524], [5.6944591, 5.6144463], [5.6942787, 5.6140109], [5.6938889, 5.6136039], [5.6931569, 5.6128888], [5.6931983, 5.612907], [5.6860336, 5.6059759], [5.681721, 5.6016828], [5.6805295, 5.5983168], [5.6796936, 5.595862], [5.6789815, 5.5939531], [5.6781628, 5.5916296], [5.6776153, 5.5903069], [5.6772798, 5.5890959], [5.6764569, 5.5867621], [5.6753124, 5.5851451], [5.6740455, 5.5835159], [5.6721724, 5.5809597], [5.6714715, 5.5801096], [5.669772, 5.577906], [5.6696564, 5.5777467], [5.667119, 5.5774632]]}}, {"type": "Feature", "properties": {"category": "pipeline", "name": "Oben FS - Amukpe FS", "source": "pipelines-manifolds-geo.json", "stroke": "#ff0000", "stroke-width": 0.9, "stroke-opacity": 0.6}, "geometry": {"type": "LineString", "coordinates": [[5.8694748, 6.0100269], [5.8680606, 6.0082692], [5.867208, 6.0077585], [5.8604379, 6.0015105], [5.8419958, 5.9849412], [5.8025701, 5.9491892], [5.773494, 5.9227516], [5.7535901, 5.902445], [5.7396361, 5.8880383], [5.7355399, 5.8838654], [5.7351854, 5.8834069], [5.7347676, 5.8834684], [5.7333207, 5.8839825], [5.7327409, 5.8835162], [5.7309168, 5.8816113], [5.7294342, 5.8801822], [5.7288359, 5.8803063], [5.7280832, 5.8803418], [5.7278843, 5.8801132], [5.7273181, 5.8776238], [5.7228537, 5.8763328], [5.7206687, 5.8758028], [5.7139889, 5.8740323], [5.7060621, 5.87187], [5.7055595, 5.8713617], [5.7045577, 5.8704334], [5.6932209, 5.8659498], [5.6925174, 5.8658121], [5.6899714, 5.8625201], [5.6895324, 5.8618631], [5.6877734, 5.8614691], [5.686373, 5.8607176], [5.6857665, 5.8604289]]}}, {"type": "Feature", "properties": {"category": "pipeline", "name": "Sapele West FS - Amukpe FS", "source": "pipelines-manifolds-geo.json", "stroke": "#ff0000", "stroke-width": 0.9, "stroke-opacity": 0.6}, "geometry": {"type": "LineString", "coordinates": [[5.5822811, 5.897023], [5.5827408, 5.8949088], [5.5841167, 5.894115], [5.5851313, 5.8929909], [5.5921397, 5.8925932], [5.5972604, 5.8925557], [5.6017951, 5.8927065], [5.604993, 5.8928262], [5.6085034, 5.8930959], [5.6142731, 5.8882143], [5.6146255, 5.8872911], [5.6332122, 5.8836459], [5.6351891, 5.8834856], [5.6429575, 5.880592], [5.644487, 5.8799744], [5.6453501, 5.8797472], [5.6466271, 5.8798279], [5.6472757, 5.8799196], [5.6521588, 5.8726568], [5.6620347, 5.858527], [5.6714526, 5.8617406], [5.6767222, 5.8596698], [5.6800813, 5.8636952], [5.6895639, 5.8618501], [5.6856291, 5.8601492]]}}, {"type": "Feature", "properties": {"category": "pipeline", "name": "Ovade/Ogharafe - Amukpe", "source": "pipelines-manifolds-geo.json", "stroke": "#ffaaff", "stroke-width": 0.9, "stroke-opacity": 0.6}, "geometry": {"type": "LineString", "coordinates": [[5.7167948, 6.0417929], [5.7148558, 6.0377665], [5.7141378, 6.0360124], [5.7101092, 6.0277704], [5.7097589, 6.0269461], [5.7095365, 6.0265359], [5.7049667, 6.0176256], [5.7020251, 6.0118101], [5.7018027, 6.0112605], [5.7015612, 6.0109147], [5.7014774, 6.0099811], [5.7013981, 6.008841], [5.7011628, 6.0063577], [5.7014365, 6.0044546], [5.7014336, 5.9999953], [5.701323, 5.9959215], [5.7006808, 5.9839245], [5.7006523, 5.9754974], [5.700606, 5.9707468], [5.7005073, 5.9655936], [5.7005281, 5.9630242], [5.7005144, 5.9576248], [5.7004477, 5.9561328], [5.700192, 5.934801], [5.6995935, 5.9319667], [5.6971121, 5.9228526], [5.6968422, 5.9216149], [5.696772, 5.9207615], [5.6977219, 5.9190975], [5.7005167, 5.9149385], [5.7041021, 5.9094934], [5.7105166, 5.8997579], [5.7138979, 5.8949805], [5.7143016, 5.8938159], [5.7149379, 5.8903519], [5.7119426, 5.8892165], [5.7090763, 5.8888036], [5.7074511, 5.8883334], [5.706627, 5.8849686], [5.7061448, 5.883458], [5.6935182, 5.8671785], [5.6905859, 5.8636353], [5.689018, 5.8623807], [5.6866616, 5.8614403], [5.6851242, 5.8608417]]}}, {"type": "Feature", "properties": {"category": "pipeline", "name": "41. Krakama - CAW-I", "source": "pipelines-manifolds-geo.json", "stroke": "#fc0280", "stroke-width": 0.9, "stroke-opacity": 0.6}, "geometry": {"type": "LineString", "coordinates": [[6.89965, 4.5525745], [6.9066224, 4.5496724], [6.9075093, 4.5487377], [6.9093035, 4.5487483], [6.9110835, 4.5490513], [6.9187823, 4.5485118], [6.9253079, 4.5484206], [6.9294454, 4.5478661], [6.9368359, 4.5494191], [6.9425888, 4.5494477], [6.952447, 4.5511266], [6.9662633, 4.549519], [6.9678887, 4.5510127], [6.9756576, 4.5509477], [6.9758368, 4.5585277], [7.0016638, 4.5581185], [7.0014947, 4.5593533], [7.0016892, 4.5601023], [7.0064848, 4.55822], [7.0117725, 4.5546785], [7.0357804, 4.5562758], [7.0472106, 4.5509999], [7.0489874, 4.5523149]]}}, {"type": "Feature", "properties": {"category": "pipeline", "name": "42. Alakiri - CAW-I", "source": "pipelines-manifolds-geo.json", "stroke": "#fc0280", "stroke-width": 0.9, "stroke-opacity": 0.6}, "geometry": {"type": "LineString", "coordinates": [[7.060233, 4.6547157], [7.0463205, 4.6456678], [7.0532592, 4.6243454], [7.0538755, 4.6221376], [7.0575342, 4.6148123], [7.0460045, 4.588118], [7.04487, 4.5863253], [7.0427593, 4.5804026], [7.0405405, 4.575138], [7.0302658, 4.5568368], [7.0302928, 4.5559]]}}, {"type": "Feature", "properties": {"category": "pipeline", "name": "43. Alakiri - Orubiri", "source": "pipelines-manifolds-geo.json", "stroke": "#fc0280", "stroke-width": 0.9, "stroke-opacity": 0.6}, "geometry": {"type": "LineString", "coordinates": [[7.0257996, 4.650505], [7.0282539, 4.6490158], [7.0301804, 4.6506662], [7.0325419, 4.651558], [7.0425502, 4.651329], [7.0596295, 4.650846], [7.0616992, 4.6514757], [7.0572535, 4.6590192], [7.0448878, 4.679609], [7.0362817, 4.6875605], [7.0334139, 4.690037], [7.0317781, 4.6924378], [7.0302172, 4.6936943], [7.0220434, 4.7035872], [7.0063612, 4.6991292], [7.0040409, 4.697465], [7.0003305, 4.6961802], [6.9996927, 4.6964374]]}}, {"type": "Feature", "properties": {"category": "pipeline", "name": "44. Alakiri - CAWC TIE-IN MFD", "source": "pipelines-manifolds-geo.json", "stroke": "#fc0280", "stroke-width": 0.9, "stroke-opacity": 0.6}, "geometry": {"type": "LineString", "coordinates": [[7.061696, 4.6514645], [7.0692644, 4.6404522], [7.0673861, 4.6340261], [7.0695949, 4.5887313], [7.0727401, 4.5721707], [7.0689971, 4.5719866], [7.0624383, 4.559594], [7.0599926, 4.5586705], [7.0596416, 4.5494329]]}}, {"type": "Feature", "properties": {"category": "pipeline", "name": "45. Alakiri/Bonny Intersection - Hawkiri", "source": "pipelines-manifolds-geo.json", "stroke": "#fc0280", "stroke-width": 0.9, "stroke-opacity": 0.6}, "geometry": {"type": "LineString", "coordinates": [[7.0727536, 4.5722141], [7.0749009, 4.5597587], [7.0792769, 4.5365453], [7.0816212, 4.5044439], [7.0855867, 4.4698323], [7.1017079, 4.4547662]]}}, {"type": "Feature", "properties": {"category": "pipeline", "name": "46. Alakiri - Notore", "source": "pipelines-manifolds-geo.json", "stroke": "#fc0280", "stroke-width": 0.9, "stroke-opacity": 0.6}, "geometry": {"type": "LineString", "coordinates": [[7.1331262, 4.7263758], [7.1259477, 4.7237303], [7.1080389, 4.7062325], [7.1022597, 4.7005497], [7.0936654, 4.6920811], [7.0839594, 4.6825961], [7.0824728, 4.681182], [7.0818872, 4.6807596], [7.0697292, 4.6736037], [7.068999, 4.6707914], [7.0675084, 4.6667522], [7.0693905, 4.6651725], [7.0722268, 4.6598633], [7.0672289, 4.6553006], [7.0656342, 4.6545524], [7.0635397, 4.653213], [7.0629952, 4.6523959], [7.0620804, 4.6524381], [7.062149, 4.6516205], [7.0616787, 4.6514587]]}}, {"type": "Feature", "properties": {"category": "pipeline", "name": "47. Buguma - Orubiri", "source": "pipelines-manifolds-geo.json", "stroke": "#fc0280", "stroke-width": 0.9, "stroke-opacity": 0.6}, "geometry": {"type": "LineString", "coordinates": [[7.0220523, 4.7035657], [7.0150391, 4.7162487], [6.976568, 4.7306859], [6.9680073, 4.7323886], [6.9609127, 4.7328127], [6.9534257, 4.733141], [6.944245, 4.7403783], [6.9222236, 4.7469333], [6.912756, 4.7475538], [6.9009271, 4.7446721], [6.8857476, 4.7482302], [6.8631372, 4.7450769], [6.8580203, 4.7449969], [6.8553286, 4.7426162], [6.8536626, 4.7408979], [6.8494404, 4.734603], [6.8453463, 4.7274687], [6.8425455, 4.7250781], [6.8364214, 4.7194094], [6.834817, 4.7178891], [6.8331413, 4.7166609], [6.8234305, 4.711525], [6.8032103, 4.7047199], [6.7843526, 4.6934782], [6.7611125, 4.6900183], [6.7555221, 4.6875136], [6.7426399, 4.6768796], [6.7363269, 4.6726548], [6.7353185, 4.6723894], [6.733493, 4.6717453], [6.7320159, 4.6714365], [6.7280344, 4.6701065], [6.7264959, 4.6694153], [6.7212788, 4.6662888], [6.7176383, 4.6639845], [6.7138446, 4.6615781], [6.7129663, 4.6613521], [6.7080445, 4.6614104], [6.7075103, 4.6612433], [6.7069544, 4.6612915], [6.7022066, 4.6614005], [6.7014757, 4.6613573], [6.687361, 4.6554955], [6.6708071, 4.6542822], [6.6696119, 4.6540746], [6.655053, 4.6501994], [6.6523926, 4.6504035], [6.6511564, 4.6505896], [6.6457179, 4.6510145], [6.6423349, 4.6510569], [6.6363827, 4.6504515], [6.6363646, 4.6516341], [6.6360925, 4.6527733], [6.6354045, 4.6536786], [6.6267101, 4.6487118], [6.6129607, 4.6505224], [6.6135955, 4.655032], [6.6139773, 4.656594]]}}, {"type": "Feature", "properties": {"category": "pipeline", "name": "48. Buguma - Krakama", "source": "pipelines-manifolds-geo.json", "stroke": "#fc0280", "stroke-width": 0.9, "stroke-opacity": 0.6}, "geometry": {"type": "LineString", "coordinates": [[6.9031492, 4.551117], [6.9046157, 4.5537054], [6.9055104, 4.5567441], [6.9063416, 4.5607928], [6.9055534, 4.5609118], [6.9051734, 4.5629019], [6.9027584, 4.5706682], [6.9013517, 4.5757927], [6.9015775, 4.5761754], [6.8993545, 4.5835198], [6.8988468, 4.5852605], [6.8954023, 4.5958098], [6.8921324, 4.6021152], [6.8897391, 4.6137778], [6.8875565, 4.6234578], [6.8881387, 4.6336368], [6.8863237, 4.6436899], [6.8713805, 4.6680366], [6.8676998, 4.6843759], [6.8676733, 4.6855189], [6.865986, 4.6906459], [6.8622164, 4.7065783], [6.8494495, 4.7346103]]}}, {"type": "Feature", "properties": {"category": "pipeline", "name": "32. Soku to San Barth", "source": "pipelines-manifolds-geo.json", "stroke": "#fc0280", "stroke-width": 0.9, "stroke-opacity": 0.6}, "geometry": {"type": "LineString", "coordinates": [[6.6141704, 4.6553437], [6.6133609, 4.6522164], [6.6123097, 4.6524871], [6.6105295, 4.6459103], [6.6338885, 4.6390865], [6.6369181, 4.6340069], [6.6434564, 4.6266006], [6.6510295, 4.6100119], [6.662364, 4.5993726], [6.6662885, 4.5925652], [6.6771807, 4.5766672], [6.6744901, 4.5745171], [6.6722171, 4.5710384], [6.6629448, 4.5515505], [6.6795337, 4.5463078], [6.6868047, 4.5065494]]}}, {"type": "Feature", "properties": {"category": "pipeline", "name": "33. EKULAMA 2 (WEST) - EKULAMA 2 (EAST) FLOWSTATIONS", "source": "pipelines-manifolds-geo.json", "stroke": "#ffaaff", "stroke-width": 0.9, "stroke-opacity": 0.6}, "geometry": {"type": "LineString", "coordinates": [[6.7116378, 4.5592904], [6.7081159, 4.5583771], [6.6822046, 4.5319703]]}}, {"type": "Feature", "properties": {"category": "pipeline", "name": "34. Antan Energy Line", "source": "pipelines-manifolds-geo.json", "stroke": "#fcfc0d", "stroke-width": 0.9, "stroke-opacity": 0.6}, "geometry": {"type": "LineString", "coordinates": [[6.7137146, 5.5185587], [6.7685262, 5.6022131], [6.7863718, 5.6200259], [6.8072347, 5.6195903], [6.8111781, 5.6177857], [6.8170791, 5.6165691], [6.8241813, 5.6134116], [6.8269067, 5.618374], [6.828185, 5.6195324], [6.8426016, 5.6487334], [6.8487415, 5.6492359], [6.8541242, 5.6480727], [6.856575, 5.649213], [6.8743209, 5.6523346], [6.880855, 5.6509603], [6.8875537, 5.6513986], [6.8890173, 5.6513377], [6.8898988, 5.6518663], [6.8964329, 5.6516145], [6.9004097, 5.6547752], [6.9030726, 5.656474], [6.9059647, 5.6573756], [6.9171069, 5.662903], [6.9182473, 5.6637924], [6.9192365, 5.6640489]]}}, {"type": "Feature", "properties": {"category": "pipeline", "name": "35. Qua Ibo - Calabar Gas Plant", "source": "pipelines-manifolds-geo.json", "stroke": "#ffaaff", "stroke-width": 0.9, "stroke-opacity": 0.6}, "geometry": {"type": "LineString", "coordinates": [[8.2725173, 5.1862719], [8.2657712, 5.1810224], [8.2611056, 5.1634771], [8.2631845, 5.1566651], [8.2579584, 5.1462204], [8.2572475, 5.1443112], [8.2464895, 5.1136529], [8.2386651, 5.086896], [8.2336361, 5.0693809], [8.2330631, 5.0670967], [8.2328777, 5.0658032], [8.2314556, 5.0618171], [8.2291144, 5.0534888], [8.2287996, 5.0531854], [8.2273425, 5.0406209], [8.2287198, 5.0321987], [8.2288087, 5.0301562], [8.2295333, 5.0277886], [8.2312906, 5.0164622], [8.2357836, 4.991215], [8.2285291, 4.9718156], [8.2256115, 4.9646512], [8.219385, 4.9491822], [8.2188826, 4.9443152], [8.2188943, 4.9381089], [8.2193111, 4.93674], [8.222276, 4.9311593], [8.2244025, 4.9269996], [8.2234901, 4.9201138], [8.2266884, 4.9093749], [8.2319133, 4.8899119], [8.2395148, 4.8783203], [8.2446906, 4.8714246], [8.2617411, 4.8495391], [8.2658421, 4.8440387], [8.2907496, 4.8121902], [8.2923779, 4.7965723], [8.29398, 4.7639412], [8.2761945, 4.7514532], [8.2751676, 4.7498001], [8.2727489, 4.7480944], [8.2708204, 4.7478516], [8.255452, 4.7373955], [8.2500154, 4.7338433], [8.2454328, 4.7307161], [8.2379286, 4.7259914], [8.2320792, 4.7220828], [8.2230094, 4.7161079], [8.2035132, 4.7040206], [8.2022449, 4.7029869], [8.1980201, 4.700274], [8.1932375, 4.6966279], [8.1920754, 4.6959767], [8.1821714, 4.6892253], [8.172853, 4.6829292], [8.1448474, 4.6827343], [8.1401906, 4.6824359], [8.1354264, 4.6826394], [8.130285, 4.6829908], [8.1082126, 4.6824806], [8.1081045, 4.6824799], [8.1013361, 4.6706667], [8.0967168, 4.6643041], [8.0967691, 4.6625091], [8.0832689, 4.6393239], [8.0439056, 4.6186949], [8.0369876, 4.6148349], [8.0230527, 4.607466], [8.0220965, 4.6070524], [8.0182346, 4.6047658], [8.0173852, 4.6038196]]}}, {"type": "Feature", "properties": {"category": "pipeline", "name": "36. Imo River - Ibom Power Plant", "source": "pipelines-manifolds-geo.json", "stroke": "#ffaaff", "stroke-width": 0.9, "stroke-opacity": 0.6}, "geometry": {"type": "LineString", "coordinates": [[7.1484805, 4.8936373], [7.1461487, 4.8994146], [7.1644419, 4.9061986], [7.1721144, 4.8991038], [7.1729785, 4.8960683], [7.1774881, 4.8933583], [7.1817779, 4.8884877], [7.1839072, 4.887816], [7.1951554, 4.8856491], [7.2069944, 4.89429], [7.3356622, 4.8966389], [7.3369111, 4.8969783], [7.3393254, 4.8973102], [7.3406909, 4.8977425], [7.3482422, 4.8998384], [7.3632967, 4.9002248], [7.4048644, 4.8845308], [7.440569, 4.8757561], [7.4702628, 4.8756348], [7.4984244, 4.867272], [7.4997701, 4.8669235], [7.4999788, 4.8668993], [7.5001267, 4.8668579], [7.5005441, 4.8666251], [7.5007415, 4.8664147], [7.5011592, 4.86538], [7.5016691, 4.8641727], [7.5018014, 4.8637054], [7.5024652, 4.8619547], [7.5032039, 4.8601946], [7.503612, 4.8590544], [7.5042598, 4.8574378], [7.5051584, 4.8552309], [7.5052389, 4.8548076], [7.5064499, 4.8519115], [7.5117256, 4.8476345], [7.5281472, 4.8023412], [7.5437898, 4.7792172], [7.5622218, 4.736566], [7.5640414, 4.7310537], [7.5730266, 4.6994282], [7.5755252, 4.6974228], [7.5786053, 4.6930605], [7.5734844, 4.6818029], [7.5591401, 4.6482764], [7.5593707, 4.6441701], [7.5600918, 4.6349601], [7.5606283, 4.6284614], [7.5622457, 4.6163504], [7.5634804, 4.6090114], [7.565772, 4.5961864], [7.579374, 4.5831127], [7.579713, 4.5785945], [7.5777601, 4.5771734], [7.570173, 4.5722828], [7.5705737, 4.5692993], [7.5695632, 4.568512], [7.5698737, 4.5644441], [7.5683623, 4.5635267]]}}, {"type": "Feature", "properties": {"category": "pipeline", "name": "37. Qua Ibo - Ibom Gas Plant", "source": "pipelines-manifolds-geo.json", "stroke": "#ff0000", "stroke-width": 0.9, "stroke-opacity": 0.6}, "geometry": {"type": "LineString", "coordinates": [[7.5677844, 4.5633021], [7.5681343, 4.5626724], [7.5685874, 4.5629262], [7.570246, 4.56214], [7.5717184, 4.5599096], [7.5955357, 4.5616038], [7.602765, 4.5691007], [7.6311256, 4.5818091], [7.6229032, 4.5980949], [7.6509988, 4.6139691], [7.6627676, 4.6093715], [7.6650673, 4.6093809], [7.6675118, 4.6100143], [7.6861832, 4.6115799], [7.6992506, 4.612542], [7.7292215, 4.619658], [7.733756, 4.620629], [7.7477963, 4.6363231], [7.7636685, 4.6352521], [7.7645107, 4.6360725], [7.7722552, 4.6355509], [7.7729558, 4.634768], [7.7951232, 4.6296655], [7.7977855, 4.6311004], [7.79981, 4.6306339], [7.8017499, 4.628196], [7.8082234, 4.6266974], [7.8273846, 4.636388], [7.8346824, 4.6445682], [7.8427743, 4.6376404], [7.8629981, 4.6476818], [7.8688777, 4.6369325], [7.8727535, 4.6362973], [7.8954285, 4.6324809], [7.9007914, 4.6233103], [7.9026335, 4.6210069], [7.90335, 4.6190472], [7.9138022, 4.6018583], [7.9374546, 4.60234], [7.9456097, 4.6025055], [7.9535585, 4.6001413], [7.9584946, 4.6000564], [7.9612876, 4.6029598], [7.9739575, 4.6031728], [7.9745778, 4.6032727], [7.9831711, 4.6034889], [7.9856218, 4.6032874], [7.9902405, 4.6034814], [7.9935172, 4.6036158], [8.0151401, 4.6038006], [8.0159303, 4.6047215]]}}, {"type": "Feature", "properties": {"category": "pipeline", "name": "38. Stubbs Creek Marginal Field", "source": "pipelines-manifolds-geo.json", "stroke": "#ffaaff", "stroke-width": 0.9, "stroke-opacity": 0.6}, "geometry": {"type": "LineString", "coordinates": [[8.0399087, 4.6549315], [8.0378635, 4.6528496], [8.0366997, 4.6452428], [8.0390507, 4.6363201], [8.0207999, 4.6156235], [8.0188661, 4.6130724], [8.0177014, 4.6112882], [8.0173018, 4.6105491], [8.0123649, 4.6048619], [8.0130901, 4.5898699], [8.0138591, 4.5881379], [8.011002, 4.5775818], [8.007876, 4.5663388], [8.0069637, 4.562072], [8.0108954, 4.5606914], [8.0105895, 4.5599588], [8.0170987, 4.5605081], [8.0261707, 4.5611419], [8.0285178, 4.557291], [8.0295674, 4.5553874], [8.0348608, 4.5526921], [8.0408604, 4.5494785], [8.0471864, 4.5462708], [8.04996, 4.5454521], [8.0669963, 4.5457412], [8.1010555, 4.5465846], [8.1668138, 4.5465769], [8.1676241, 4.5465907], [8.1684265, 4.5467334], [8.1688976, 4.5467666], [8.1703338, 4.549122], [8.1735488, 4.5526233], [8.1763098, 4.5603281], [8.1775269, 4.5646514], [8.1793106, 4.5692326], [8.181194, 4.5706995], [8.1872406, 4.5743693], [8.1893623, 4.5745213], [8.190553, 4.5764187], [8.1897389, 4.5812664], [8.1904228, 4.5820117]]}}, {"type": "Feature", "properties": {"category": "pipeline", "name": "39. Ebe Ekpi - Qua Ibo", "source": "pipelines-manifolds-geo.json", "stroke": "#ff0000", "stroke-width": 0.9, "stroke-opacity": 0.6}, "geometry": {"type": "LineString", "coordinates": [[8.0063109, 4.6483215], [8.0063351, 4.6501386], [8.0032001, 4.649564], [7.9965959, 4.6423008], [7.9963298, 4.6266796], [7.9960987, 4.6181053], [7.9990515, 4.6153852], [8.0075392, 4.6094542], [8.0130417, 4.6055203], [8.0151636, 4.6038114]]}}, {"type": "Feature", "properties": {"category": "pipeline", "name": "40. Qua Ibo - Uyo", "source": "pipelines-manifolds-geo.json", "stroke": "#ffaaff", "stroke-width": 0.9, "stroke-opacity": 0.6}, "geometry": {"type": "LineString", "coordinates": [[7.8954535, 4.6324799], [7.9100845, 4.6402205], [7.9170273, 4.6470128], [7.9169825, 4.6505072], [7.9216918, 4.6547126], [7.9163986, 4.6639061], [7.91606, 4.6700974], [7.9164746, 4.6719353], [7.9177181, 4.6794097], [7.918111, 4.6819642], [7.9190431, 4.6871421], [7.9203477, 4.6950498], [7.9221477, 4.7052099], [7.9241738, 4.7173762], [7.917558, 4.724653], [7.9149079, 4.7277633], [7.9088236, 4.7348412], [7.900564, 4.7722016], [7.8929237, 4.7875138], [7.8911406, 4.8063765], [7.8899791, 4.8160059], [7.8635381, 4.828172], [7.8634956, 4.8521728], [7.8419285, 4.9118711], [7.8552025, 4.9352629], [7.8563204, 4.9363176], [7.8571267, 4.9421331], [7.8717022, 4.9707686], [7.8750587, 4.9772684]]}}, {"type": "Feature", "properties": {"category": "pipeline", "name": "12. Ikebiri - (Ogboinbiri-Tebidaba) pipeline", "source": "pipelines-manifolds-geo.json", "stroke": "#fff811", "stroke-width": 0.9, "stroke-opacity": 0.6}, "geometry": {"type": "LineString", "coordinates": [[5.9694265, 4.7108238], [5.9737771, 4.7106299], [5.9775814, 4.7105784], [5.9792907, 4.7105308], [5.9832979, 4.7105583], [5.986851, 4.7105482], [6.0263122, 4.7123765], [6.0335463, 4.7126813], [6.0342226, 4.7124137]]}}, {"type": "Feature", "properties": {"category": "pipeline", "name": "7. Beniside F/S - Tunu - Shore", "source": "pipelines-manifolds-geo.json", "stroke": "#ff0000", "stroke-width": 0.9, "stroke-opacity": 0.6}, "geometry": {"type": "LineString", "coordinates": [[5.6883577, 5.000696], [5.6889014, 4.9980307], [5.688561, 4.9968642], [5.6729423, 4.9675506], [5.6671069, 4.9568377], [5.662152, 4.9476506], [5.6381405, 4.912313], [5.6353979, 4.9041964], [5.6296149, 4.8996776], [5.6164511, 4.8800662], [5.6163827, 4.8789847], [5.6127634, 4.8787891], [5.6127115, 4.8751549], [5.6124662, 4.8741108], [5.6076293, 4.8645087], [5.6071118, 4.8636759], [5.5995555, 4.8580086], [5.5989405, 4.8572923], [5.5865693, 4.8369336], [5.5690725, 4.8075978], [5.5154168, 4.795813]]}}, {"type": "Feature", "properties": {"category": "pipeline", "name": "4. Obrikom (OML 61) - Ndoni", "source": "pipelines-manifolds-geo.json", "stroke": "#e7ff0a", "stroke-width": 0.9, "stroke-opacity": 0.6}, "geometry": {"type": "LineString", "coordinates": [[6.6448484, 5.4514899], [6.6448609, 5.4486002], [6.6445473, 5.447176], [6.6424371, 5.4325116], [6.6423921, 5.4321294], [6.6422103, 5.4312616], [6.6420412, 5.4307679], [6.6418299, 5.4305005], [6.6415878, 5.4303277], [6.6402446, 5.4296355], [6.6401528, 5.4294864], [6.6358146, 5.4100289], [6.6357274, 5.4099352], [6.6315369, 5.40766], [6.620526, 5.4084028], [6.6202786, 5.4085936], [6.6197704, 5.4092601], [6.6024112, 5.4319395], [6.565492, 5.4793221], [6.5540862, 5.4939681], [6.5448317, 5.5056172], [6.5428842, 5.5080139], [6.5425296, 5.5084642], [6.5420638, 5.5086768], [6.5391836, 5.5091246], [6.5109377, 5.5156489], [6.5092375, 5.5160512], [6.5068909, 5.5165578]]}}, {"type": "Feature", "properties": {"category": "pipeline", "name": "6. Koroama - Soku Gas Plant", "source": "pipelines-manifolds-geo.json", "stroke": "#20ffff", "stroke-width": 0.9, "stroke-opacity": 0.6}, "geometry": {"type": "LineString", "coordinates": [[6.2868383, 5.0574011], [6.2935063, 5.0379312], [6.2940008, 5.0372937], [6.2961202, 5.0347445], [6.2968041, 5.0337855], [6.2973567, 5.0328709], [6.3030145, 5.0199116], [6.303156, 5.0155525], [6.3068949, 5.015544], [6.3169193, 4.9983216], [6.3212664, 4.9910551], [6.3219357, 4.9898547], [6.3250322, 4.9856663], [6.327121, 4.9851008], [6.3376708, 4.9842521], [6.3386645, 4.9842043], [6.3486337, 4.9853344], [6.3547037, 4.9861297], [6.3746913, 4.9882835], [6.3750311, 4.9883084], [6.3844935, 4.9867702], [6.3810057, 4.9636873], [6.371349, 4.939399], [6.3709215, 4.938515], [6.4435904, 4.8364712], [6.5623637, 4.7070994], [6.5702254, 4.6997204], [6.5723814, 4.6972076], [6.5784888, 4.6894663], [6.5889986, 4.6778191], [6.5959953, 4.6704932], [6.6049591, 4.658921], [6.6136396, 4.6560815]]}}, {"type": "Feature", "properties": {"category": "pipeline", "name": "5. Obagi Oilfield (OML 58) - Rumuekpe (OML 22) - Soku", "source": "pipelines-manifolds-geo.json", "stroke": "#0000ff", "stroke-width": 0.9, "stroke-opacity": 0.6}, "geometry": {"type": "LineString", "coordinates": [[6.6294751, 5.2396642], [6.629815, 5.239532], [6.6296152, 5.2389596], [6.6309507, 5.2384792], [6.6307675, 5.2379472], [6.6316336, 5.2376406], [6.6337248, 5.2281126], [6.6338035, 5.2278209], [6.6341014, 5.2270586], [6.6346724, 5.2258667], [6.6353757, 5.2245751], [6.6358788, 5.2236006], [6.6365647, 5.2221636], [6.6389062, 5.204327], [6.6392226, 5.2018592], [6.6401761, 5.2015148], [6.6428618, 5.1943951], [6.6432234, 5.1912293], [6.6428047, 5.1883478], [6.6428009, 5.1878997], [6.644035, 5.179736], [6.6423799, 5.1717453], [6.6425426, 5.1714389], [6.645656, 5.1695147], [6.6466306, 5.1668576], [6.6518264, 5.1502966], [6.6571296, 5.1325744], [6.660211, 5.1282689], [6.667645, 5.1171011], [6.6691605, 5.1143564], [6.672761, 5.1068808], [6.6719796, 5.0995194], [6.6814077, 5.0869325], [6.6829472, 5.0855786], [6.6842187, 5.0822052], [6.6863611, 5.0763113], [6.6890045, 5.0712434], [6.6935059, 5.0593248], [6.6933506, 5.0565479], [6.691787, 5.0003638], [6.6864575, 4.9876536], [6.6858145, 4.982099], [6.6979484, 4.9781815], [6.7134475, 4.9731585], [6.7399472, 4.964453], [6.7667177, 4.9557223], [6.7747188, 4.9553693], [6.7745095, 4.9541403], [6.7691126, 4.9492083], [6.7466491, 4.9282179], [6.7229568, 4.9062574], [6.7080191, 4.892792], [6.697668, 4.8891571], [6.6949741, 4.8867746], [6.6926258, 4.887783], [6.6892912, 4.8888026], [6.6836732, 4.8902043], [6.6811035, 4.8908004], [6.6727002, 4.8865883], [6.6703337, 4.8803194], [6.6631927, 4.861819], [6.662764, 4.8609605], [6.6622358, 4.8593515], [6.6620184, 4.8547358], [6.6623185, 4.8533581], [6.6622788, 4.8530449], [6.6619491, 4.8518285], [6.6617835, 4.8509518], [6.6615462, 4.8467027], [6.660619, 4.8336471], [6.6596968, 4.8316789], [6.6596459, 4.8313853], [6.6598028, 4.8308326], [6.6601976, 4.8280215], [6.6598942, 4.8231026], [6.65984, 4.8228761], [6.6503515, 4.8015324], [6.6482268, 4.7968547], [6.6481231, 4.7850757], [6.6465593, 4.7785416], [6.6400815, 4.7558997], [6.6385592, 4.7498657], [6.6382346, 4.7483312], [6.6377971, 4.7453347], [6.6323317, 4.6791905], [6.631895, 4.6783243], [6.6216328, 4.6712452], [6.6147453, 4.6599369], [6.6135736, 4.656115]]}}, {"type": "Feature", "properties": {"category": "pipeline", "name": "3. Uzere (OML 30) - Rumukpe (OML 22)", "source": "pipelines-manifolds-geo.json", "stroke": "#0000ff", "stroke-width": 0.9, "stroke-opacity": 0.6}, "geometry": {"type": "LineString", "coordinates": [[6.1998352, 5.3379855], [6.2035192, 5.3364568], [6.205648, 5.3355326], [6.2076859, 5.3347066], [6.2077903, 5.3347566], [6.2116091, 5.3331416], [6.2128572, 5.3325092], [6.2131461, 5.3323983], [6.2144301, 5.33229], [6.2172575, 5.3310669], [6.217978, 5.3308341], [6.2184303, 5.3307592], [6.2189144, 5.330521], [6.2208405, 5.3294133], [6.2241707, 5.3279924], [6.2273243, 5.3268387], [6.231024, 5.3254766], [6.2325007, 5.3247719], [6.2329047, 5.3247342], [6.2384935, 5.3253391], [6.2424538, 5.3256696], [6.2426957, 5.3258472], [6.243267, 5.3264286], [6.2434012, 5.3264291], [6.2498336, 5.3231516], [6.2531408, 5.3214026], [6.2534275, 5.3212852], [6.253521, 5.3214555], [6.2547466, 5.3242074], [6.2688452, 5.3037412], [6.2806464, 5.2647064], [6.2827289, 5.2581069], [6.2945548, 5.2582731], [6.3003274, 5.2470761], [6.3011579, 5.2448099], [6.3013893, 5.2444456], [6.3014973, 5.2443006], [6.3204462, 5.2253798], [6.3251587, 5.2206112], [6.3331046, 5.2175036], [6.3356, 5.216697], [6.3436831, 5.2178864], [6.3899411, 5.1964019], [6.4226785, 5.1751408], [6.4397633, 5.1637402], [6.4422364, 5.1622896], [6.4431596, 5.1615352], [6.445009, 5.1602475], [6.4476117, 5.1586949], [6.4495643, 5.1572258], [6.4500595, 5.1568021], [6.453316, 5.1530683], [6.4812692, 5.1209983], [6.4816221, 5.1205303], [6.4843932, 5.1198492], [6.4890998, 5.1184685], [6.5614258, 5.0705129], [6.5632834, 5.0699954], [6.5689701, 5.0658841], [6.5697066, 5.0651816], [6.5933096, 5.0405805], [6.5939208, 5.0400282], [6.5945305, 5.0396972], [6.6532063, 5.0063408], [6.6641475, 4.9999496], [6.6647258, 4.9995395], [6.6651478, 4.9990591], [6.6669523, 4.9953469], [6.6846032, 4.9828354], [6.6853778, 4.982227], [6.6856394, 4.9821088], [6.6883346, 4.981207]]}}, {"type": "Feature", "properties": {"category": "pipeline", "name": "og-egbema", "source": "pipelines-manifolds-geo.json", "stroke": "#0000ff", "stroke-width": 0.9, "stroke-opacity": 0.6}, "geometry": {"type": "LineString", "coordinates": [[6.7086492, 5.6624428], [6.7132708, 5.6607687], [6.7172249, 5.6569267], [6.7248605, 5.6548493], [6.743093, 5.6496363], [6.7510684, 5.6471645], [6.7534695, 5.6446958], [6.7557577, 5.6374912], [6.7575643, 5.6313168], [6.7591204, 5.6089384], [6.758047, 5.6277617], [6.7593844, 5.600225], [6.7609028, 5.5732512]]}}, {"type": "Feature", "properties": {"category": "pipeline", "name": "KOMKOM TO OKOLOMA", "source": "pipelines-manifolds-geo.json", "stroke": "#0000ff", "stroke-width": 0.9, "stroke-opacity": 0.6}, "geometry": {"type": "LineString", "coordinates": [[7.2541825, 4.8443689], [7.25415, 4.8473687], [7.2471373, 4.8470162], [7.2412041, 4.8473051], [7.2339521, 4.8462823], [7.2287716, 4.8456096], [7.2242382, 4.845083], [7.220586, 4.844615], [7.2150888, 4.8436508], [7.2066605, 4.8423052], [7.2018027, 4.8435162], [7.1932708, 4.8456747], [7.1904938, 4.8458877], [7.1878274, 4.8460498], [7.181763, 4.8471823], [7.1770922, 4.8481255], [7.1741599, 4.8487675], [7.1712269, 4.8491093], [7.1672716, 4.8496201], [7.1620608, 4.8503345], [7.160276, 4.8504958], [7.1587302, 4.8506789], [7.1580822, 4.8509659], [7.1582472, 4.8518242]]}}, {"type": "Feature", "properties": {"category": "pipeline", "name": "Untitled Path 4", "source": "pipelines-manifolds-geo.json", "stroke": "#0000ff", "stroke-width": 0.9, "stroke-opacity": 0.6}, "geometry": {"type": "LineString", "coordinates": [[6.3577792, 4.9031489], [6.3559307, 4.9070807], [6.355356, 4.9081541], [6.3552708, 4.9087248], [6.3552925, 4.9094415], [6.3560118, 4.9189362], [6.356484, 4.9270866], [6.3566869, 4.9302655], [6.3569193, 4.9339199], [6.357348, 4.9400857], [6.3576449, 4.9446014], [6.3581496, 4.9533574], [6.3570005, 4.9539532], [6.3569599, 4.9560549], [6.3569115, 4.9571297], [6.3568697, 4.9576343], [6.3568525, 4.957924], [6.3567938, 4.9581385], [6.356703, 4.9583513], [6.3565347, 4.9585215], [6.3556665, 4.9592115], [6.3550915, 4.9596453], [6.353591, 4.9607609], [6.3491219, 4.9641739], [6.3471387, 4.9656789], [6.3444556, 4.9676545], [6.3414657, 4.9700028], [6.3359674, 4.9744061], [6.3276325, 4.9809083], [6.3252291, 4.9822519], [6.3237301, 4.9872263], [6.3099277, 5.0109629], [6.3069959, 5.015498], [6.3018774, 5.0156378]]}}, {"type": "Feature", "properties": {"category": "pipeline", "name": "Untitled Path 5", "source": "pipelines-manifolds-geo.json", "stroke": "#0000ff", "stroke-width": 0.9, "stroke-opacity": 0.6}, "geometry": {"type": "LineString", "coordinates": [[6.8410236, 5.3546488], [6.8409876, 5.3584826], [6.8314779, 5.3609602], [6.8018822, 5.3696338], [6.8001984, 5.369749]]}}, {"type": "Feature", "properties": {"category": "pipeline", "name": "Adibawa FS toOkordia MF", "source": "pipelines-manifolds-geo.json", "stroke": "#0000ff", "stroke-width": 0.9, "stroke-opacity": 0.6}, "geometry": {"type": "LineString", "coordinates": [[6.4397506, 5.1637862], [6.442412, 5.1675032], [6.444251, 5.1701258], [6.4440896, 5.1706429], [6.4457694, 5.1714922], [6.4538003, 5.1758895], [6.4613561, 5.1801022], [6.463051, 5.1843257], [6.4640976, 5.1848024], [6.467798, 5.1833873], [6.4760583, 5.1878358], [6.4844099, 5.1925558], [6.4893117, 5.1983482]]}}, {"type": "Feature", "properties": {"category": "pipeline", "name": "Ugada FS to Egbema MF", "source": "pipelines-manifolds-geo.json", "stroke": "#0000ff", "stroke-width": 0.9, "stroke-opacity": 0.6}, "geometry": {"type": "LineString", "coordinates": [[6.6847973, 5.5444864], [6.6854574, 5.5443403], [6.6859301, 5.5460383], [6.6861605, 5.5467642], [6.6866227, 5.5474348], [6.68727, 5.5482472], [6.6896814, 5.5515578], [6.6923878, 5.5550808], [6.6947854, 5.5584291], [6.6968542, 5.5608822], [6.6983125, 5.561912], [6.70101, 5.5637051], [6.7053044, 5.5644355], [6.7089871, 5.5649621], [6.7181138, 5.5651588], [6.7273461, 5.565192], [6.7329206, 5.5609227], [6.7391978, 5.5577347], [6.7531085, 5.5513169], [6.7584959, 5.5480842], [6.7590036, 5.547545], [6.7609797, 5.5472187], [6.7618879, 5.5464676], [6.7619079, 5.5444642]]}}, {"type": "Feature", "properties": {"category": "pipeline", "name": "Gbaran CPF to Otuasiga MF", "source": "pipelines-manifolds-geo.json", "stroke": "#0000ff", "stroke-width": 0.9, "stroke-opacity": 0.6}, "geometry": {"type": "LineString", "coordinates": [[6.3576185, 4.9031445], [6.3562152, 4.9059457], [6.3552199, 4.907916], [6.3551018, 4.9081871], [6.3550713, 4.9084277], [6.3550733, 4.9087396], [6.3550761, 4.9092235], [6.3554837, 4.9155349], [6.3562893, 4.9266131], [6.3567465, 4.9345471], [6.3577168, 4.9484072], [6.357992, 4.9533013], [6.3568799, 4.9539141], [6.3567784, 4.957807], [6.3567351, 4.9579294], [6.356656, 4.9581115], [6.3565801, 4.9582658], [6.3564292, 4.9584648], [6.3562057, 4.9586841], [6.355965, 4.9588895], [6.3552064, 4.9594583], [6.3540071, 4.9603945], [6.3534006, 4.9608578], [6.3532569, 4.9609651], [6.3527416, 4.9613722], [6.3518948, 4.9620153], [6.3509929, 4.9626849], [6.3482311, 4.964771], [6.3493081, 4.9662848], [6.3530621, 4.9717185], [6.357859, 4.9794915], [6.3700494, 4.9996602], [6.3683806, 5.0071259], [6.3549352, 5.0110243], [6.3591024, 5.0194436], [6.3605772, 5.0227737], [6.3607896, 5.0241332], [6.360865, 5.0246104]]}}, {"type": "Feature", "properties": {"category": "pipeline", "name": "8\" ISIMIRI DELIVERY LINE", "source": "pipelines-manifolds-geo.json", "stroke": "#ffaaff", "stroke-width": 0.9, "stroke-opacity": 0.6}, "geometry": {"type": "LineString", "coordinates": [[7.2449054, 4.8643866], [7.2446461, 4.8645912], [7.2458192, 4.8660553], [7.246838, 4.8672286], [7.2471877, 4.8675459], [7.2473309, 4.8676663], [7.2477338, 4.8676517], [7.2481072, 4.8689033], [7.248603, 4.8707748], [7.2489142, 4.8718349], [7.2495638, 4.8742893], [7.2473029, 4.8746893], [7.243938, 4.8753787], [7.2422183, 4.8756783], [7.2388322, 4.8764093], [7.2358937, 4.8770321], [7.2320814, 4.8779555], [7.2135956, 4.8817051], [7.1954247, 4.8856207], [7.194367, 4.8857755], [7.1899038, 4.8866265], [7.182062, 4.8883423], [7.1736879, 4.8898456], [7.1737874, 4.8900091]]}}, {"type": "Feature", "properties": {"category": "pipeline", "name": "Rumuekpe Mf to Ogbele CPF", "source": "pipelines-manifolds-geo.json", "stroke": "#0000ff", "stroke-width": 0.9, "stroke-opacity": 0.6}, "geometry": {"type": "LineString", "coordinates": [[6.6560541, 4.929989], [6.6606679, 4.9364419], [6.6655561, 4.9433677], [6.6704972, 4.9501712], [6.6729136, 4.9537337], [6.6732444, 4.9540419], [6.6736036, 4.9542939], [6.6738434, 4.9544218], [6.6746249, 4.9546169], [6.6794166, 4.9571283], [6.6802211, 4.9577705], [6.681469, 4.9582374], [6.6840017, 4.9677138], [6.6868604, 4.9797669]]}}, {"type": "Feature", "properties": {"category": "pipeline", "name": "OKOLOMA DELIVERY LINE", "source": "pipelines-manifolds-geo.json", "stroke": "#ffaaff", "stroke-width": 0.9, "stroke-opacity": 0.6}, "geometry": {"type": "LineString", "coordinates": [[7.2540155, 4.844992], [7.2540006, 4.8474139], [7.2517402, 4.8469692], [7.2482988, 4.8469161], [7.244561, 4.8468388], [7.243354, 4.8468477], [7.2417531, 4.8470314], [7.2409332, 4.8472582], [7.2406924, 4.847308], [7.2383655, 4.8469819], [7.235401, 4.8465548], [7.2331243, 4.8462421], [7.2303363, 4.8457511], [7.2291012, 4.8456101], [7.2270569, 4.8453086], [7.223153, 4.8447894], [7.2207423, 4.8444457], [7.2169366, 4.8438476], [7.2134508, 4.8433338], [7.2069061, 4.8423673], [7.2065521, 4.8423394], [7.1931045, 4.845832], [7.1877933, 4.8460921], [7.1867724, 4.8460826], [7.1829909, 4.8468637], [7.1781843, 4.847905], [7.1746215, 4.84863], [7.1711657, 4.8490142], [7.1682581, 4.8495397], [7.1648338, 4.8498151], [7.1620486, 4.8502348], [7.157952, 4.8508795]]}}, {"type": "Feature", "properties": {"category": "pipeline", "name": "Untitled Path 8", "source": "pipelines-manifolds-geo.json", "stroke": "#0000ff", "stroke-width": 0.9, "stroke-opacity": 0.6}, "geometry": {"type": "LineString", "coordinates": [[7.2541825, 4.8443689], [7.25415, 4.8473687], [7.2471373, 4.8470162], [7.2412041, 4.8473051], [7.2339521, 4.8462823], [7.2287716, 4.8456096], [7.2242382, 4.845083], [7.220586, 4.844615], [7.2150888, 4.8436508], [7.2066605, 4.8423052], [7.2018027, 4.8435162], [7.1932708, 4.8456747], [7.1904938, 4.8458877], [7.1878274, 4.8460498], [7.181763, 4.8471823], [7.1770922, 4.8481255], [7.1741599, 4.8487675], [7.1712269, 4.8491093], [7.1672716, 4.8496201], [7.1620608, 4.8503345], [7.160276, 4.8504958], [7.1587302, 4.8506789], [7.1580822, 4.8509659], [7.1582472, 4.8518242]]}}, {"type": "Feature", "properties": {"category": "pipeline", "name": "Umuchem FS to Npoku MF", "source": "pipelines-manifolds-geo.json", "stroke": "#0000ff", "stroke-width": 0.9, "stroke-opacity": 0.6}, "geometry": {"type": "LineString", "coordinates": [[7.0201919, 5.0080901], [7.0203274, 5.0076756], [7.0204607, 5.006826], [7.020634, 5.0055776], [7.0210432, 5.0027715], [7.0213979, 5.0002969], [7.0217564, 4.99788], [7.0217954, 4.9974789], [7.0219063, 4.9966729], [7.0220729, 4.9954353], [7.0223829, 4.9933745], [7.0230696, 4.9886118], [7.0239351, 4.9829383], [7.0241027, 4.9815501], [7.0245497, 4.9782382], [7.0248995, 4.9757747], [7.0255695, 4.9714868], [7.0265158, 4.9653694], [7.0268059, 4.9649954], [7.0259293, 4.96329], [7.0231977, 4.9582662], [7.022066, 4.9560262], [7.0207795, 4.9536311], [7.0200919, 4.9522904], [7.0184658, 4.9492451], [7.0173324, 4.9470779], [7.0145439, 4.9420013], [7.0120048, 4.9371542], [7.0099759, 4.9332184], [7.0056548, 4.9249176], [6.999592, 4.9135392], [6.9988152, 4.9120207]]}}, {"type": "Feature", "properties": {"category": "pipeline", "name": "Obage FS to Rumuekpe MF", "source": "pipelines-manifolds-geo.json", "stroke": "#0000ff", "stroke-width": 0.9, "stroke-opacity": 0.6}, "geometry": {"type": "LineString", "coordinates": [[6.600492, 5.245794], [6.6015195, 5.2426641], [6.5944338, 5.2314422], [6.5933787, 5.2230149], [6.5916016, 5.2099233], [6.5906942, 5.2024809], [6.5900131, 5.199017], [6.5892753, 5.1949874], [6.5947578, 5.1894295], [6.5918963, 5.1744892], [6.5913509, 5.170904], [6.5934197, 5.1661896], [6.6048139, 5.1563876], [6.6196905, 5.1446239], [6.6294711, 5.1366743], [6.6367593, 5.1271716], [6.6425149, 5.119524], [6.6473601, 5.1180344], [6.6508248, 5.1171276], [6.6527322, 5.1171804], [6.6569689, 5.1146236], [6.6650263, 5.1094206], [6.6722297, 5.1047876], [6.6721866, 5.0997365], [6.6809843, 5.0874251], [6.682862, 5.0853574], [6.6859388, 5.0771651], [6.6891272, 5.0710234], [6.6916834, 5.0643431], [6.6933221, 5.0593689], [6.6921716, 5.0207876], [6.6917375, 5.0003087], [6.6863571, 4.9877763], [6.6862384, 4.9844239], [6.685855, 4.9821767], [6.6864068, 4.9819418]]}}, {"type": "Feature", "properties": {"category": "pipeline", "name": "Obage FS to Rumuekpe", "source": "pipelines-manifolds-geo.json", "stroke": "#0000ff", "stroke-width": 0.9, "stroke-opacity": 0.6}, "geometry": {"type": "LineString", "coordinates": [[6.600492, 5.245794], [6.6015195, 5.2426641], [6.5944338, 5.2314422], [6.5933787, 5.2230149], [6.5916016, 5.2099233], [6.5906942, 5.2024809], [6.5900131, 5.199017], [6.5892753, 5.1949874], [6.5947578, 5.1894295], [6.5918963, 5.1744892], [6.5913509, 5.170904], [6.5934197, 5.1661896], [6.6048139, 5.1563876], [6.6196905, 5.1446239], [6.6294711, 5.1366743], [6.6367593, 5.1271716], [6.6425149, 5.119524], [6.6473601, 5.1180344], [6.6508248, 5.1171276], [6.6527322, 5.1171804], [6.6569689, 5.1146236], [6.6650263, 5.1094206], [6.6722297, 5.1047876], [6.6721866, 5.0997365], [6.6809843, 5.0874251], [6.682862, 5.0853574], [6.6859388, 5.0771651], [6.6891272, 5.0710234], [6.6916834, 5.0643431], [6.6933221, 5.0593689], [6.6921716, 5.0207876], [6.6917375, 5.0003087], [6.6863571, 4.9877763], [6.6862384, 4.9844239], [6.685855, 4.9821767], [6.6864068, 4.9819418]]}}, {"type": "Feature", "properties": {"category": "pipeline", "name": "Untitled Path 9", "source": "pipelines-manifolds-geo.json", "stroke": "#0000ff", "stroke-width": 0.9, "stroke-opacity": 0.6}, "geometry": {"type": "LineString", "coordinates": [[7.1578905, 4.8523329], [7.1570196, 4.8530534], [7.1559212, 4.8540664], [7.1552159, 4.8548146], [7.153544, 4.856337], [7.1529232, 4.8569021], [7.1530698, 4.8573436], [7.1510396, 4.8587573], [7.1480638, 4.8606458], [7.1448978, 4.8628669], [7.1416901, 4.8650121], [7.1372625, 4.8680469], [7.135491, 4.8692894], [7.1354124, 4.8713635], [7.1353005, 4.8727597], [7.1350773, 4.8733492], [7.1337668, 4.8774026], [7.1328853, 4.8806072], [7.1323018, 4.8822651], [7.1260305, 4.8887547], [7.1224182, 4.8924269], [7.1218769, 4.8929945]]}}, {"type": "Feature", "properties": {"category": "pipeline", "name": "IGBIDE - EVWRENI - UGHELLI FLOWSTATION (HERITAGE ENERGY PIPELINE)", "source": "pipelines-manifolds-geo.json", "stroke": "#ffaaff", "stroke-width": 0.9, "stroke-opacity": 0.6}, "geometry": {"type": "LineString", "coordinates": [[5.972823, 5.4163805], [5.9733553, 5.4170079], [5.9744436, 5.4176949], [5.976203, 5.4190532], [5.9815551, 5.4230591], [5.9838721, 5.4248283], [5.9873959, 5.427499], [5.9975407, 5.435396]]}}, {"type": "Feature", "properties": {"category": "pipeline", "name": "ABITEYE TO ESCRAVOS (CHEVRON NIGERIA LIMITED PIPELINE)", "source": "pipelines-manifolds-geo.json", "stroke": "#ffaaff", "stroke-width": 0.9, "stroke-opacity": 0.6}, "geometry": {"type": "LineString", "coordinates": [[5.2491519, 5.6418161], [5.2683417, 5.6420767], [5.2787677, 5.6629876], [5.2729197, 5.6660795], [5.2639864, 5.6545941], [5.2082959, 5.6272873], [5.2040228, 5.6225303]]}}, {"type": "Feature", "properties": {"category": "pipeline", "name": "MAKARABA - UTUNANA - ABITEYE (CHEVRON NIGERIA LIMITED PIPELINE)", "source": "pipelines-manifolds-geo.json", "stroke": "#ffaaff", "stroke-width": 0.9, "stroke-opacity": 0.6}, "geometry": {"type": "LineString", "coordinates": [[5.3935912, 5.7851693], [5.4171654, 5.7886407], [5.4186621, 5.7881459], [5.4190607, 5.7886976], [5.4274391, 5.7860228], [5.4306338, 5.7848828], [5.4322324, 5.784118], [5.4314576, 5.782316], [5.3922168, 5.7662311], [5.3866579, 5.7614968], [5.3631481, 5.741808], [5.3536108, 5.7336138], [5.3388517, 5.7209247], [5.3317006, 5.6992246], [5.3059276, 5.6991169], [5.3026214, 5.694136], [5.301444, 5.6927337], [5.3000473, 5.6918125], [5.2879899, 5.6854482], [5.2871085, 5.6847615], [5.2863487, 5.6840749], [5.276888, 5.6714728], [5.2783679, 5.6704287]]}}, {"type": "Feature", "properties": {"category": "pipeline", "name": "OPUEKEBA TO ABITEYE (CHEVRON NIGERIA LIMITED PIPELINE)", "source": "pipelines-manifolds-geo.json", "stroke": "#ffaaff", "stroke-width": 0.9, "stroke-opacity": 0.6}, "geometry": {"type": "LineString", "coordinates": [[5.01477, 5.9168124], [5.0134737, 5.9158457], [5.0151007, 5.9138063], [5.0185178, 5.913873], [5.0197294, 5.9139189], [5.0203242, 5.9138206], [5.024077, 5.9138708], [5.027504, 5.9139263], [5.0314417, 5.9139292], [5.031967, 5.9139757], [5.0332775, 5.9139773], [5.0339408, 5.9139488], [5.0346951, 5.9139482], [5.0350513, 5.9140171], [5.0352381, 5.9139646], [5.0352905, 5.914005], [5.0375351, 5.9140059], [5.0418575, 5.9140149], [5.0462003, 5.9140797], [5.05283, 5.9141317], [5.0580016, 5.9142376], [5.0597467, 5.9143012], [5.0616831, 5.9143068], [5.0634294, 5.9142605], [5.0640713, 5.9143184], [5.0667552, 5.9142891], [5.0700894, 5.914342], [5.0707063, 5.914311], [5.0713023, 5.9142395], [5.0727096, 5.9143589], [5.0737927, 5.9143975], [5.0742517, 5.9143289], [5.0767391, 5.9144211], [5.0771149, 5.9143695], [5.0804134, 5.9144461], [5.0816811, 5.9144359], [5.0834521, 5.9144501], [5.0895418, 5.9144856], [5.0961353, 5.9101911], [5.1013396, 5.9067872], [5.10514, 5.9042504], [5.1054555, 5.9040936], [5.1155012, 5.8974804], [5.1210246, 5.8938949], [5.1303719, 5.887792], [5.1570182, 5.8702665], [5.159783, 5.8648728], [5.1647292, 5.8545733], [5.1773813, 5.8274965], [5.1831313, 5.8158785], [5.1932412, 5.7942588], [5.2013505, 5.7747149], [5.2035209, 5.7695477], [5.2091885, 5.7554796], [5.215243, 5.7408361], [5.2225429, 5.7220175], [5.225453, 5.7148485], [5.2380008, 5.7014076], [5.2405534, 5.6996477], [5.2457788, 5.6940053], [5.2534712, 5.6861367], [5.262407, 5.6778237], [5.2684619, 5.6721501], [5.2691296, 5.6720947], [5.2750827, 5.6710635], [5.2763291, 5.6701728]]}}, {"type": "Feature", "properties": {"category": "pipeline", "name": "Escravos to Warri", "source": "ESCRAVOS TO WARRI.geojson", "stroke": "#ff8c00", "stroke-width": 2.6, "stroke-opacity": 1}, "geometry": {"type": "LineString", "coordinates": [[5.1999946, 5.6164327], [5.2033605, 5.6208588], [5.2048453, 5.6190791], [5.2063574, 5.6187763], [5.2076721, 5.620014], [5.2113341, 5.6157076], [5.2122186, 5.6144356], [5.2167421, 5.6085603], [5.2212124, 5.6024073], [5.2228875, 5.5998336], [5.2257898, 5.5964864], [5.2277919, 5.5938351], [5.2292885, 5.5920287], [5.2361615, 5.5900228], [5.236225, 5.5900226], [5.2369733, 5.5902296], [5.2370657, 5.5901944], [5.2371899, 5.5901592], [5.2373427, 5.590089], [5.2374667, 5.5900539], [5.2376826, 5.5899837], [5.2378095, 5.5899833], [5.2379649, 5.5899481], [5.2396049, 5.5892879], [5.2497148, 5.5866227], [5.2575214, 5.5846701], [5.2653329, 5.5827601], [5.2655558, 5.5827595], [5.2657468, 5.5827589], [5.2659988, 5.5827232], [5.2660915, 5.5826881], [5.2671575, 5.5825108], [5.2675003, 5.5824403], [5.2676557, 5.5824051], [5.2724466, 5.5812928], [5.2833858, 5.5785715], [5.2953629, 5.5756152], [5.3041082, 5.5734408], [5.3061013, 5.573007], [5.3078763, 5.5726229], [5.3091553, 5.5722433], [5.3169142, 5.5704751], [5.3237009, 5.5688015], [5.326823, 5.5680158], [5.3284007, 5.5676704], [5.3357548, 5.5658206], [5.3381896, 5.5652739], [5.3395384, 5.5649357], [5.3396006, 5.5649356], [5.3414983, 5.5644], [5.3491252, 5.5626304], [5.3525237, 5.5615208], [5.3543615, 5.5611135], [5.3568898, 5.5602817], [5.3570626, 5.560251], [5.3579343, 5.559977], [5.3589872, 5.5602459], [5.3604083, 5.5597903], [5.3662454, 5.5583799], [5.3683318, 5.5577446], [5.3724404, 5.5582393], [5.376246, 5.5587397], [5.3806406, 5.5593632], [5.3876575, 5.5604743], [5.3898276, 5.5604666], [5.3943159, 5.5610274], [5.3968426, 5.5616285], [5.4015741, 5.5621846], [5.40355, 5.5624153], [5.4066801, 5.5608692], [5.4098216, 5.5599473], [5.4128309, 5.558916], [5.4199758, 5.5592445], [5.4212266, 5.5592728], [5.4327632, 5.5600323], [5.4359874, 5.5601523], [5.4511326, 5.5610904], [5.4557338, 5.5613087], [5.4584252, 5.5612067], [5.466752, 5.5611446], [5.4740991, 5.5612586], [5.4806197, 5.5614798], [5.4865844, 5.5618087], [5.4879905, 5.5618391], [5.4891269, 5.5619404], [5.4900272, 5.5621129], [5.4934167, 5.562014], [5.5019901, 5.5623974], [5.5056412, 5.5625234], [5.505741, 5.5625576], [5.5078281, 5.5625508], [5.5176944, 5.5630092], [5.5300783, 5.5634818], [5.5359709, 5.563773], [5.5674032, 5.5654262], [5.5708002, 5.5647801], [5.5729917, 5.5639558], [5.5739726, 5.5639521], [5.5783572, 5.5630239], [5.581199, 5.5617631], [5.5829772, 5.5607431], [5.5844031, 5.5603932], [5.5873579, 5.5610753], [5.5951451, 5.5620687], [5.5999098, 5.5627607], [5.6033087, 5.5632077], [5.615958, 5.5648197], [5.6278733, 5.5666465], [5.6293674, 5.566779], [5.6312497, 5.5677124], [5.6382497, 5.5712476], [5.6404869, 5.5719961], [5.6493993, 5.5724331], [5.6526835, 5.5724947], [5.6583849, 5.572771], [5.6603924, 5.5727633], [5.665086, 5.573158], [5.6705791, 5.5732126], [5.6750946, 5.5733089], [5.6807, 5.573485], [5.6841976, 5.5736186], [5.6880765, 5.5739731], [5.6912996, 5.5740721], [5.6952833, 5.57365], [5.6970853, 5.5735687], [5.6987431, 5.5725184], [5.6998088, 5.5731383], [5.7030217, 5.5730567], [5.7049608, 5.5730495], [5.706178, 5.5725599], [5.707983, 5.5725878], [5.7093352, 5.5724795], [5.7105685, 5.571116]]}}, {"type": "Feature", "properties": {"category": "pipeline", "name": "Kaduna to Jos", "source": "Kaduna to Jos.geojson", "stroke": "#ff8c00", "stroke-width": 2.6, "stroke-opacity": 1}, "geometry": {"type": "LineString", "coordinates": [[7.4897296, 10.4047969], [7.4898667, 10.4048216], [7.4935203, 10.4034366], [7.4960018, 10.404828], [7.4961154, 10.4049729], [7.4973203, 10.4066949], [7.5000353, 10.4090607], [7.5010571, 10.409066], [7.5076424, 10.4064161], [7.5196882, 10.4013773], [7.5290267, 10.3973154], [7.5323499, 10.39558], [7.5346959, 10.3948906], [7.5416348, 10.3918289], [7.5416827, 10.391857], [7.5419, 10.3918581], [7.5445526, 10.3914578], [7.544698, 10.3914311], [7.544951, 10.3914051], [7.5450529, 10.3913782], [7.5472, 10.3907674], [7.5539218, 10.3898837], [7.5539717, 10.3898413], [7.5556961, 10.3894482], [7.5611364, 10.3885199], [7.5644652, 10.3880233], [7.5645187, 10.3880235], [7.5648161, 10.3879874], [7.5650773, 10.3879512], [7.5686337, 10.3872125], [7.5686961, 10.3873218], [7.5746026, 10.3863869], [7.5799958, 10.3855312], [7.580106, 10.3855111], [7.5837403, 10.3848172], [7.6006422, 10.3817212], [7.6007653, 10.3817675], [7.6009847, 10.3817914], [7.6044578, 10.3811515], [7.6178905, 10.3788507], [7.6180793, 10.3789007], [7.618768, 10.3786838], [7.6188261, 10.3786598], [7.6189888, 10.3786605], [7.6207074, 10.3784747], [7.6208177, 10.3784028], [7.6209112, 10.3783551], [7.6210652, 10.3783077], [7.6239371, 10.3777745], [7.6240474, 10.3778221], [7.635497, 10.3759982], [7.6374295, 10.3755257], [7.6375503, 10.3755262], [7.6377718, 10.3755272], [7.6382381, 10.3755533], [7.6383993, 10.375554], [7.6401755, 10.3752299], [7.6403038, 10.3752778], [7.6468807, 10.3745534], [7.6574166, 10.373889], [7.6589036, 10.373694], [7.659079, 10.3736381], [7.6623351, 10.3716781], [7.6643273, 10.3705947], [7.6700698, 10.3663959], [7.6756412, 10.3630283], [7.6789511, 10.3606092], [7.6791371, 10.3604972], [7.6792743, 10.3604416], [7.6793419, 10.3604045], [7.6798406, 10.3599259], [7.6798894, 10.3598896], [7.6802287, 10.3597816], [7.6804832, 10.35971], [7.6806015, 10.3596742], [7.6807195, 10.3596385], [7.6820325, 10.3591963], [7.6820963, 10.3591611], [7.6826181, 10.3586725], [7.6847416, 10.3569287], [7.6869101, 10.3556041], [7.6913282, 10.3525004], [7.6913632, 10.352464], [7.6955534, 10.3494505], [7.6970344, 10.3485763], [7.6997198, 10.3470018], [7.6998146, 10.3469617], [7.6998918, 10.3469015], [7.7005274, 10.3462673], [7.7006027, 10.3462087], [7.700752, 10.3461115], [7.7029057, 10.3447168], [7.7031696, 10.3446259], [7.7035542, 10.3444628], [7.7059254, 10.3427845], [7.7060311, 10.342616], [7.7060934, 10.342549], [7.7061751, 10.3425158], [7.7063478, 10.3423661], [7.7067249, 10.3420863], [7.7092376, 10.3408335], [7.7108684, 10.3404154], [7.7109126, 10.3403533], [7.7110152, 10.3402708], [7.7121722, 10.3387895], [7.7122498, 10.3387314], [7.7123864, 10.3386156], [7.7125238, 10.3384811], [7.712698, 10.3383283], [7.7149956, 10.3367465], [7.7150494, 10.3366931], [7.7151748, 10.3365512], [7.7153864, 10.3363928], [7.717366, 10.3351985], [7.7208251, 10.3329084], [7.7209954, 10.3328497], [7.7211287, 10.332791], [7.7256136, 10.3295995], [7.7287005, 10.3276462], [7.7297444, 10.3267653], [7.7298697, 10.326663], [7.7301112, 10.3265208], [7.7303119, 10.3263995], [7.7304513, 10.326319], [7.7318417, 10.3259032], [7.7319003, 10.3258636], [7.7335443, 10.3244235], [7.7337087, 10.3243494], [7.7337997, 10.3243125], [7.7338727, 10.3242755], [7.7351861, 10.3236019], [7.7353103, 10.3235301], [7.7355217, 10.323441], [7.7367383, 10.3228252], [7.7373902, 10.3227057], [7.7389681, 10.3220598], [7.740781, 10.3210412], [7.7424241, 10.3205496], [7.7426437, 10.3203175], [7.742733, 10.3202021], [7.7428397, 10.3201103], [7.7429282, 10.3199958], [7.7429929, 10.3199274], [7.7430593, 10.3198364], [7.743863, 10.3192762], [7.7439063, 10.3192096], [7.7440132, 10.3190547], [7.7447488, 10.3179114], [7.7449034, 10.3178486], [7.7470484, 10.3165816], [7.7472147, 10.3164621], [7.7476551, 10.316265], [7.7478919, 10.3161277], [7.7491527, 10.3151482], [7.7492363, 10.3149976], [7.749355, 10.3148481], [7.7496992, 10.3146078], [7.7497505, 10.314571], [7.7504394, 10.31428], [7.7505576, 10.3142076], [7.7506078, 10.3141715], [7.7511043, 10.3135816], [7.7511981, 10.3134583], [7.7512456, 10.3134057], [7.7522509, 10.3124793], [7.7522472, 10.3124455], [7.7523582, 10.3123786], [7.7524389, 10.3123454], [7.7547488, 10.3112247], [7.758262, 10.3091997], [7.7590921, 10.3084144], [7.7592287, 10.3083655], [7.7594686, 10.3082516], [7.7604224, 10.307594], [7.7637299, 10.3053769], [7.7655532, 10.3040228], [7.765626, 10.3039863], [7.7657926, 10.3038406], [7.7683607, 10.3023489], [7.7714747, 10.3003796], [7.7736649, 10.2993702], [7.7748515, 10.2987786], [7.7749339, 10.2986918], [7.7749969, 10.2986051], [7.7752012, 10.2983899], [7.7752634, 10.2983043], [7.7762109, 10.2974853], [7.778071, 10.2964955], [7.7782733, 10.2964763], [7.7810719, 10.2953003], [7.7811044, 10.2952435], [7.7812073, 10.2951682], [7.781435, 10.2950936], [7.7818569, 10.2950013], [7.782016, 10.2949832], [7.7847923, 10.2936809], [7.7858731, 10.2923744], [7.7877485, 10.2920841], [7.7891761, 10.2912861], [7.7912241, 10.2902021], [7.7935543, 10.2889562], [7.7937279, 10.2889115], [7.7938048, 10.2888892], [7.7948171, 10.2881561], [7.7954997, 10.2876571], [7.7974136, 10.2873854], [7.7992437, 10.2863457], [7.802766, 10.2847508], [7.8076061, 10.2825319], [7.8124222, 10.2802624], [7.8156177, 10.2777317], [7.8172297, 10.2785589], [7.8174089, 10.2785405], [7.8203184, 10.276542], [7.8255595, 10.2732375], [7.8290128, 10.2713685], [7.8297103, 10.271392], [7.8299912, 10.2713723], [7.8333545, 10.2701434], [7.8334068, 10.2701237], [7.8339942, 10.2700072], [7.8387827, 10.2685684], [7.8502264, 10.2656467], [7.8513581, 10.2651757], [7.8608756, 10.2626004], [7.8611363, 10.2626014], [7.8638073, 10.2614724], [7.8639348, 10.2614729], [7.8673035, 10.2596248], [7.8674825, 10.2595532], [7.8693082, 10.258832], [7.87234, 10.2574172], [7.8749907, 10.2555276], [7.8802915, 10.2527812], [7.8803453, 10.25268], [7.8807696, 10.2524633], [7.881257, 10.2522489], [7.8847956, 10.2502263], [7.8919788, 10.2463948], [7.900482, 10.2416449], [7.9081281, 10.2375942], [7.9082764, 10.2378975], [7.9135788, 10.2342847], [7.9211379, 10.2304349], [7.9211761, 10.2305043], [7.9263089, 10.227546], [7.9275521, 10.2271286], [7.9276175, 10.2271288], [7.9297351, 10.2260398], [7.9367516, 10.2226617], [7.9368096, 10.2226619], [7.9397211, 10.2212996], [7.9399191, 10.2212169], [7.9402431, 10.2210935], [7.9403858, 10.2210319], [7.940721, 10.2208683], [7.9427858, 10.2197319], [7.9428372, 10.2197124], [7.9441581, 10.219117], [7.9445889, 10.2186826], [7.9457904, 10.2184067], [7.9461695, 10.2179301], [7.9490819, 10.2166235], [7.95068, 10.2135674], [7.951838, 10.2148215], [7.9531182, 10.2147788], [7.9531755, 10.2147317], [7.958075, 10.2121635], [7.9652849, 10.2087532], [7.9707816, 10.2055584], [7.9715201, 10.2049214], [7.9742542, 10.2040727], [7.9770704, 10.2025936], [7.9823631, 10.2000659], [7.9923044, 10.1951137], [7.9924409, 10.1951142], [7.9949759, 10.1937482], [7.9991602, 10.1909689], [8.0023332, 10.1896728], [8.0041898, 10.1899464], [8.0043145, 10.1898665], [8.0056847, 10.1883865], [8.0079368, 10.1869843], [8.0080554, 10.1869606], [8.0153439, 10.1838294], [8.0199782, 10.1815244], [8.0269469, 10.1777744], [8.0308446, 10.1753863], [8.0397658, 10.1714822], [8.0446675, 10.1686748], [8.0471064, 10.1684786], [8.0471776, 10.1683913], [8.0473337, 10.168073], [8.047382, 10.1679868], [8.0475655, 10.1675027], [8.0497662, 10.1662648], [8.0506666, 10.1651679], [8.0545463, 10.1639926], [8.05952, 10.1614508], [8.0596646, 10.1614259], [8.0606096, 10.1608], [8.0608958, 10.1607761], [8.0632426, 10.1594023], [8.0634355, 10.1593321], [8.0644779, 10.1591945], [8.0645888, 10.1591246], [8.0670582, 10.1577649], [8.0671941, 10.1577653], [8.0695711, 10.1573762], [8.0718762, 10.1564222], [8.0720264, 10.1562481], [8.0737434, 10.1544077], [8.076264, 10.1537566], [8.0786417, 10.1541212], [8.0802308, 10.1536706], [8.0804968, 10.1536322], [8.0806167, 10.1535934], [8.0832538, 10.152869], [8.0857915, 10.1522072], [8.0861166, 10.152189], [8.0863514, 10.1521705], [8.0872711, 10.1518494], [8.0873964, 10.1517931], [8.0875035, 10.1517369], [8.0886169, 10.1512924], [8.0888276, 10.1512376], [8.0949869, 10.1494797], [8.1003545, 10.1479279], [8.1040739, 10.1464025], [8.106524, 10.1457864], [8.1065742, 10.1458173], [8.1067234, 10.145834], [8.1107655, 10.1446814], [8.1108559, 10.144614], [8.1110135, 10.144547], [8.1150746, 10.1434248], [8.1167657, 10.142954], [8.1211562, 10.14167], [8.121194, 10.1416499], [8.1234111, 10.1409785], [8.1245247, 10.1409818], [8.1276117, 10.1398194], [8.1328545, 10.1382916], [8.1363369, 10.1369378], [8.1363972, 10.1369152], [8.1368745, 10.1368026], [8.1398144, 10.1363156], [8.139853, 10.1362934], [8.1412484, 10.1356586], [8.1416104, 10.1355944], [8.1419896, 10.1355088], [8.1501449, 10.1329811], [8.1502954, 10.1329221], [8.1515387, 10.1325526], [8.153195, 10.1319846], [8.158297, 10.1306518], [8.1585022, 10.1306094], [8.1587071, 10.130567], [8.1657501, 10.1285266], [8.1671945, 10.1283221], [8.1685038, 10.1284419], [8.1687221, 10.1284425], [8.1688015, 10.1284427], [8.1771858, 10.1293902], [8.1826356, 10.1300803], [8.1826985, 10.1300805], [8.1842887, 10.1310608], [8.1843526, 10.131061], [8.1846298, 10.1310619], [8.1869717, 10.1312036], [8.1881074, 10.130939], [8.1881925, 10.1309392], [8.1911033, 10.1310287], [8.2038484, 10.1328178], [8.2072321, 10.1332462], [8.2136991, 10.1338972], [8.2185639, 10.1331953], [8.2220851, 10.1383978], [8.2258311, 10.1403891], [8.22773, 10.1413893], [8.2352474, 10.144422], [8.2353105, 10.1444222], [8.2457362, 10.1456534], [8.2488377, 10.145835], [8.2489189, 10.1458352], [8.2535364, 10.1465621], [8.2572513, 10.1471884], [8.2642391, 10.1478221], [8.2681713, 10.1482043], [8.2698735, 10.1485581], [8.2773695, 10.1509782], [8.2806774, 10.1516919], [8.2837496, 10.1501945], [8.2882499, 10.1506614], [8.2885981, 10.1506623], [8.2949943, 10.1514836], [8.2953894, 10.1514846], [8.2973349, 10.151729], [8.3064854, 10.1522903], [8.3177503, 10.152708], [8.3182135, 10.1526647], [8.3185404, 10.1526212], [8.3205053, 10.1523179], [8.3227293, 10.1518464], [8.323376, 10.1519556], [8.3240483, 10.1520871], [8.327426, 10.1525991], [8.3316563, 10.1518086], [8.3341354, 10.1518723], [8.3432977, 10.1517961], [8.3434788, 10.1517965], [8.3468518, 10.1519788], [8.3534531, 10.1513705], [8.3535283, 10.1513502], [8.3593869, 10.1480562], [8.3726854, 10.1388484], [8.3776449, 10.1357863], [8.3920301, 10.1262951], [8.3965153, 10.1235805], [8.396577, 10.1236053], [8.4024469, 10.1221299], [8.4157179, 10.1204364], [8.4209287, 10.1193237], [8.4212781, 10.1194542], [8.4299951, 10.1175976], [8.4300725, 10.117646], [8.4333489, 10.1175327], [8.4428867, 10.1160802], [8.4532005, 10.1142546], [8.4540458, 10.1138772], [8.4543184, 10.1139957], [8.4556655, 10.1146445], [8.4570364, 10.1140963], [8.4685256, 10.1120975], [8.4685823, 10.1120976], [8.4718515, 10.1116652], [8.4720425, 10.1117902], [8.476914, 10.1129282], [8.4891668, 10.1162302], [8.4920726, 10.1165974], [8.4948676, 10.1179857], [8.4949156, 10.1180131], [8.4971707, 10.1184854], [8.5036185, 10.1196075], [8.5037714, 10.1196357], [8.5038592, 10.1196638], [8.5083048, 10.1210174], [8.5168669, 10.1229975], [8.5254468, 10.1252194], [8.5364824, 10.1280776], [8.5365251, 10.1281028], [8.5366091, 10.1281282], [8.536717, 10.128204], [8.5382461, 10.1286651], [8.5400577, 10.1286431], [8.540213, 10.1287204], [8.5414177, 10.1292679], [8.541548, 10.1292944], [8.5418433, 10.129295], [8.542396, 10.1293224], [8.5427168, 10.1293493], [8.5452394, 10.129912], [8.5489973, 10.1298123], [8.5546245, 10.1298238], [8.5567504, 10.1298858], [8.5624008, 10.1297542], [8.5648354, 10.1296165], [8.569054, 10.1296157], [8.5693074, 10.1296161], [8.5748321, 10.1297059], [8.577313, 10.129843], [8.5885636, 10.1299275], [8.5904172, 10.1301642], [8.5931058, 10.1301406], [8.6010454, 10.1305603], [8.6056765, 10.1303766], [8.6076225, 10.1308061], [8.6077025, 10.1308278], [8.6078399, 10.1308495], [8.6127402, 10.130879], [8.6165062, 10.1309202], [8.6235083, 10.1312527], [8.6236828, 10.1313139], [8.6238551, 10.1313548], [8.6293029, 10.1315264], [8.6309987, 10.1316434], [8.6359031, 10.1316877], [8.6401238, 10.1321708], [8.640203, 10.1322096], [8.6407172, 10.1323459], [8.641815, 10.132562], [8.6430279, 10.1326816], [8.6549182, 10.1352596], [8.6589739, 10.1359564], [8.6623797, 10.1362061], [8.6676093, 10.1358869], [8.6732421, 10.1355475], [8.6799524, 10.1362228], [8.687996, 10.1373825], [8.6935502, 10.138584], [8.6992094, 10.138338], [8.7011499, 10.1367003], [8.7012399, 10.136627], [8.7013459, 10.1365295], [8.7014191, 10.136481], [8.7025245, 10.1360963], [8.7058385, 10.1350892], [8.711051, 10.133386], [8.7127973, 10.1315007], [8.7143997, 10.1301782], [8.7175554, 10.1262018], [8.7180864, 10.1254875], [8.7205659, 10.1236852], [8.7231599, 10.1210814], [8.7238357, 10.120055], [8.723967, 10.1197083], [8.7245695, 10.1190096], [8.7279203, 10.1156698], [8.7305083, 10.1157926], [8.7310123, 10.1154137], [8.7315989, 10.1125263], [8.7326101, 10.1122211], [8.7333276, 10.1116999], [8.7333495, 10.1116403], [8.7348476, 10.1100124], [8.7355273, 10.1086268], [8.7359743, 10.1086797], [8.736026, 10.1086797], [8.7361122, 10.1086798], [8.7374024, 10.1085936], [8.7385052, 10.1068634], [8.7388777, 10.1060508], [8.7389115, 10.1024495], [8.7392316, 10.1013617], [8.7428885, 10.0985711], [8.7476171, 10.0958212], [8.753376, 10.0910801], [8.7543591, 10.0904189], [8.7618765, 10.0836067], [8.7688976, 10.0782456], [8.7705477, 10.0769737], [8.7706063, 10.0769019], [8.7734297, 10.0748153], [8.7790978, 10.0708213], [8.7807611, 10.0694897], [8.7808563, 10.0694674], [8.7848067, 10.0665508], [8.7886378, 10.0640106], [8.7918173, 10.0615299], [8.7959893, 10.0586022], [8.7976441, 10.0578161], [8.7994324, 10.0579133], [8.8015235, 10.057745], [8.8041807, 10.0577479], [8.8104211, 10.0572734], [8.8153156, 10.0567104], [8.8154574, 10.0567105], [8.8155992, 10.0567106], [8.8158019, 10.0567109], [8.8164503, 10.0567115], [8.817038, 10.0567121], [8.825001, 10.0561448], [8.8288245, 10.0557951], [8.8364519, 10.0553166], [8.8417857, 10.0548853], [8.8456948, 10.0556352], [8.8497552, 10.0562266], [8.8498939, 10.0562267], [8.8502504, 10.056227], [8.8504485, 10.0562272], [8.8516766, 10.0562283], [8.8518152, 10.0562284], [8.8519143, 10.0562285], [8.8562459, 10.0566527], [8.8563458, 10.0566528], [8.8587549, 10.0568441], [8.8588351, 10.0568441], [8.8610406, 10.0568463], [8.8647101, 10.0561973], [8.8647504, 10.0561973], [8.8648491, 10.0561018], [8.8702834, 10.0548477], [8.8813755, 10.052207], [8.8809399, 10.0504806], [8.8807683, 10.0486756], [8.8794868, 10.0488456]]}}, {"type": "Feature", "properties": {"category": "pipeline", "name": "Jos to Maiduguri", "source": "Kaduna to Maiduguri.geojson", "stroke": "#ff8c00", "stroke-width": 2.6, "stroke-opacity": 1}, "geometry": {"type": "LineString", "coordinates": [[8.880631, 10.0487876], [8.907542, 10.0424595], [8.9209074, 10.0420265], [8.9291936, 10.0377373], [8.9411495, 10.0370721], [8.9499459, 10.0390256], [8.9580178, 10.0430547], [8.9697821, 10.0445897], [8.9762278, 10.0445583], [9.0092605, 10.0446051], [9.2865694, 10.1340573], [9.5464161, 10.207757], [9.6275587, 10.2325866], [9.7807818, 10.2561242], [9.8405436, 10.2641384], [9.8953209, 10.2948643], [10.1458485, 10.2309166], [10.2172415, 10.2354594], [10.2752556, 10.2471076], [10.4576665, 10.2825692], [10.5037442, 10.2912159], [10.5813283, 10.2977393], [10.7000978, 10.3260109], [10.7655907, 10.3395892], [10.8834585, 10.3258168], [10.9175025, 10.3115986], [11.1021382, 10.2874391], [11.1340005, 10.2686144], [11.1658671, 10.2569394], [11.1685455, 10.2538398], [11.1870831, 10.2512173], [11.1975645, 10.2571581], [11.2143078, 10.2627154], [11.2223802, 10.2649379], [11.3024959, 10.2727938], [11.3319315, 10.2706374], [11.4875362, 10.2736327], [11.4939511, 10.2792938], [11.5168358, 10.2966346], [11.5446148, 10.3179295], [11.6509529, 10.3740269], [11.7212105, 10.4209051], [11.7423819, 10.4528425], [11.7851669, 10.482931], [11.7939513, 10.4869232], [11.8323314, 10.5056396], [11.8501821, 10.5128428], [11.8797465, 10.5256229], [11.8922145, 10.5309023], [11.9546434, 10.5668483], [11.9722866, 10.574343], [12.0185527, 10.5863291], [12.0981354, 10.6149938], [12.1700085, 10.6537954], [12.225063, 10.7233507], [12.5150475, 10.9530832], [12.766884, 11.1597509], [12.8143153, 11.2215456], [12.8451951, 11.2739277], [13.0426321, 11.6671837], [13.1172939, 11.7756338], [13.1221289, 11.7903921], [13.1301319, 11.8012673]]}}, {"type": "Feature", "properties": {"category": "pipeline", "name": "Kaduna to Suleja Segment 05", "source": "Kaduna to Suleja.geojson", "stroke": "#ff8c00", "stroke-width": 2.6, "stroke-opacity": 1}, "geometry": {"type": "LineString", "coordinates": [[7.0831237, 9.2698532], [7.0956561, 9.2702133], [7.1007526, 9.2702129], [7.1046493, 9.269409], [7.1119096, 9.273252], [7.1205046, 9.27324], [7.1271509, 9.2786821], [7.1301397, 9.2808447], [7.1357073, 9.2784413], [7.1440682, 9.274864], [7.1506766, 9.2724055], [7.1593176, 9.26879], [7.1653952, 9.2654777], [7.1663541, 9.2648348], [7.1690681, 9.2585206], [7.1695307, 9.2581577], [7.1709039, 9.254885]]}}, {"type": "Feature", "properties": {"category": "pipeline", "name": "Kaduna to Suleja Segment 04", "source": "Kaduna to Suleja.geojson", "stroke": "#ff8c00", "stroke-width": 2.6, "stroke-opacity": 1}, "geometry": {"type": "LineString", "coordinates": [[7.0069541, 9.3302958], [7.0063122, 9.3134426], [7.0063088, 9.3019806], [7.0056823, 9.2887594], [7.0045054, 9.2776965], [7.0043896, 9.2704383], [7.0038478, 9.2636888], [7.0033115, 9.2602566], [7.0030729, 9.2533512], [7.0027358, 9.2485283], [7.0013961, 9.2446204], [6.9987398, 9.2409703], [7.0046419, 9.2372383], [7.0068417, 9.2362659], [7.0109351, 9.2344016], [7.014725, 9.236973], [7.0198036, 9.2403854], [7.0257552, 9.2447135], [7.0316488, 9.2467128], [7.0365003, 9.2479862], [7.0390696, 9.2504167], [7.0435923, 9.2549827], [7.0517847, 9.2567063], [7.0574957, 9.2572303], [7.0643781, 9.2591438], [7.0701352, 9.2612541], [7.0769042, 9.2636529], [7.0815968, 9.2684902], [7.0840466, 9.2706697], [7.0862569, 9.2712286], [7.093222, 9.2707105], [7.0997029, 9.2704395], [7.1022279, 9.2698192], [7.1051451, 9.2696968], [7.1083279, 9.2719331], [7.1129035, 9.2741541]]}}, {"type": "Feature", "properties": {"category": "pipeline", "name": "Kaduna to Suleja Segment 03", "source": "Kaduna to Suleja.geojson", "stroke": "#ff8c00", "stroke-width": 2.6, "stroke-opacity": 1}, "geometry": {"type": "LineString", "coordinates": [[7.0753176, 9.6440129], [7.0678945, 9.6205143], [7.0649045, 9.6024439], [7.0609941, 9.5801835], [7.0584861, 9.56009], [7.0557587, 9.5463678], [7.0550964, 9.5406897], [7.052756, 9.5379071], [7.05247, 9.522466], [7.0522792, 9.5128969], [7.0529967, 9.5067784], [7.0510541, 9.4919358], [7.0422325, 9.4497941], [7.0359861, 9.421162], [7.0312564, 9.3999837], [7.0286957, 9.384296], [7.0260257, 9.3755502], [7.0247514, 9.3642916], [7.0189025, 9.357924], [7.0141234, 9.3530702], [7.0085945, 9.3476406], [7.0151516, 9.3543187], [7.0125268, 9.3504618], [7.0085749, 9.3461984], [7.0079105, 9.3400163], [7.0073065, 9.3349002], [7.0075262, 9.3257757]]}}, {"type": "Feature", "properties": {"category": "pipeline", "name": "Kaduna to Suleja Segment 02", "source": "Kaduna to Suleja.geojson", "stroke": "#ff8c00", "stroke-width": 2.6, "stroke-opacity": 1}, "geometry": {"type": "LineString", "coordinates": [[7.1304595, 9.8972176], [7.1297064, 9.8947752], [7.1287627, 9.8918228], [7.1283044, 9.8898581], [7.1271739, 9.8855106], [7.1265472, 9.8829599], [7.1258453, 9.8802449], [7.1252786, 9.8770308], [7.1246176, 9.875712], [7.1249845, 9.8742067], [7.1243578, 9.8715951], [7.1241513, 9.8691337], [7.123788, 9.8671038], [7.1234023, 9.8654131], [7.1234233, 9.8652216], [7.1229081, 9.8628073], [7.1229435, 9.8627079], [7.1229777, 9.8624358], [7.1226545, 9.861609], [7.1222846, 9.858852], [7.1221446, 9.8574565], [7.1213308, 9.8532201], [7.1205764, 9.8495347], [7.120121, 9.8476804], [7.1196948, 9.8447085], [7.1190232, 9.8413766], [7.1182676, 9.8369268], [7.1177745, 9.8345455], [7.1176885, 9.8331503], [7.1166461, 9.8266041], [7.115789, 9.8196986], [7.1149948, 9.8134831], [7.1146282, 9.8104286], [7.1140462, 9.8067212], [7.1135647, 9.8033764], [7.1131778, 9.8006779], [7.1136354, 9.8043247], [7.1129456, 9.7975015], [7.1120291, 9.791092], [7.1114024, 9.7870657], [7.1109241, 9.7838423], [7.1101662, 9.7804432], [7.1101524, 9.7789616], [7.1093189, 9.7745064], [7.1088601, 9.7707219], [7.1080699, 9.765726], [7.1068555, 9.7620895], [7.1056311, 9.7573463], [7.1047726, 9.7547049], [7.1029934, 9.7485336], [7.1011473, 9.7424758], [7.0997589, 9.7382558], [7.0983508, 9.733607], [7.0971411, 9.729489], [7.094315, 9.7199948], [7.0923055, 9.7138306], [7.0910203, 9.7093456], [7.0878829, 9.699442], [7.0855852, 9.6906963], [7.0840769, 9.6857163], [7.0841011, 9.6855571], [7.0820441, 9.6787805], [7.0815377, 9.6768128], [7.0809035, 9.6736194], [7.0803117, 9.6714891], [7.0801041, 9.6701737], [7.0789056, 9.6639706], [7.0781781, 9.660571], [7.0773464, 9.656996], [7.0769648, 9.6553622], [7.0753333, 9.647761], [7.0747168, 9.6442692], [7.0740727, 9.6411281], [7.0730037, 9.6363308], [7.0723348, 9.6331344], [7.07139, 9.6313054], [7.0713189, 9.629079], [7.0710921, 9.627585], [7.0698418, 9.6212752], [7.0689559, 9.6176904], [7.0685904, 9.6154664], [7.06836, 9.6144562], [7.0671665, 9.6079066], [7.0659969, 9.6038265], [7.0650633, 9.6003429], [7.0639235, 9.5974323], [7.0630858, 9.5943618], [7.0616152, 9.5845473], [7.060787, 9.579572], [7.0600044, 9.5740622], [7.0595009, 9.571109], [7.0578338, 9.5590917], [7.05695, 9.5524835], [7.056434, 9.5491083], [7.0546435, 9.5376564], [7.0531643, 9.5288809], [7.0515049, 9.5173377], [7.0519942, 9.5106228], [7.0524585, 9.5067424], [7.0532931, 9.4982308], [7.0523809, 9.4938157], [7.0516561, 9.4898176], [7.0505517, 9.4867779], [7.0500609, 9.4840691], [7.0471121, 9.4709104], [7.0456639, 9.4652867]]}}, {"type": "Feature", "properties": {"category": "pipeline", "name": "Kaduna to Suleja Segment 01", "source": "Kaduna to Suleja.geojson", "stroke": "#ff8c00", "stroke-width": 2.6, "stroke-opacity": 1}, "geometry": {"type": "LineString", "coordinates": [[7.4906618, 10.4057825], [7.4868109, 10.4019999], [7.4824373, 10.4027249], [7.4788101, 10.40303], [7.4746103, 10.4035206], [7.4706613, 10.404118], [7.46621, 10.4022762], [7.4622046, 10.3995734], [7.4581259, 10.3965757], [7.4540441, 10.3944563], [7.4512777, 10.3927428], [7.446374, 10.3897573], [7.442205, 10.3870423], [7.4388649, 10.3853058], [7.4334093, 10.3817422], [7.4285563, 10.3789181], [7.4247588, 10.3762534], [7.4220573, 10.3745928], [7.4165798, 10.3718986], [7.4109203, 10.368346], [7.4069005, 10.3656221], [7.4029632, 10.3631317], [7.4007889, 10.3617297], [7.3972208, 10.3599749], [7.3929571, 10.3564683], [7.3885547, 10.3539766], [7.3832657, 10.3512066], [7.3795984, 10.3487042], [7.3764564, 10.3467879], [7.3720789, 10.3442754], [7.3666492, 10.3405816], [7.3600607, 10.3365037], [7.3521547, 10.3317281], [7.3482448, 10.3273414], [7.3449716, 10.3234454], [7.3405932, 10.3189661], [7.3373105, 10.315029], [7.3341397, 10.3114395], [7.3292258, 10.3060971], [7.3266437, 10.3042504], [7.3237689, 10.3003409], [7.3218696, 10.2981226], [7.3175429, 10.2931912], [7.3135067, 10.2890615], [7.3108368, 10.2857769], [7.3073603, 10.2817346], [7.3023698, 10.2764164], [7.2984247, 10.272079], [7.2936566, 10.2668004], [7.2899134, 10.261633], [7.2876955, 10.257255], [7.2837407, 10.2482504], [7.2809436, 10.2419543], [7.2798078, 10.2400831], [7.2727854, 10.2240627], [7.2684194, 10.2147669], [7.2672755, 10.2119105], [7.2640532, 10.2052553], [7.2623434, 10.201256], [7.2620822, 10.1983458], [7.2549018, 10.1917195], [7.248534, 10.1863336], [7.2427102, 10.1812895], [7.2395313, 10.1768899], [7.236894, 10.1727183], [7.2347248, 10.1698919], [7.2314781, 10.1646583], [7.2276018, 10.158538], [7.2239056, 10.1525594], [7.2201925, 10.1466401], [7.2160063, 10.1406134], [7.209864, 10.1309037], [7.2056206, 10.1233754], [7.2018721, 10.1154721], [7.2002727, 10.1106756], [7.1983384, 10.106661], [7.1968035, 10.1030985], [7.1958534, 10.1006848], [7.1942056, 10.0982998], [7.1931486, 10.0970188], [7.191407, 10.0961395], [7.1890695, 10.0952957], [7.1861119, 10.0893662], [7.1835035, 10.0854555], [7.1814643, 10.0824493], [7.1792629, 10.0795568], [7.1768668, 10.0761629], [7.1742786, 10.0708195], [7.1736392, 10.0696146], [7.1709239, 10.0632334], [7.1681668, 10.0567068], [7.1658334, 10.050405], [7.1640245, 10.0463922], [7.1619206, 10.0423157], [7.1592688, 10.0360421], [7.1584488, 10.0339006], [7.1573798, 10.0311673], [7.156005, 10.0291867], [7.1550376, 10.0265917], [7.1533613, 10.0219597], [7.1517033, 10.0173339], [7.1506335, 10.0144412], [7.1498134, 10.0116675], [7.1493265, 10.0098855], [7.1486309, 10.0082092], [7.1478676, 10.0054405], [7.1470964, 10.0024307], [7.146078, 9.9997348], [7.1454896, 9.9972457], [7.1446836, 9.9953219], [7.144199, 9.9923293], [7.1429272, 9.9897746], [7.1432992, 9.9886656], [7.1430982, 9.9857337], [7.1428372, 9.9809289], [7.1424537, 9.9773965], [7.1421262, 9.9742374], [7.1419415, 9.9726156], [7.1419276, 9.9718013], [7.1423137, 9.9752213], [7.1418907, 9.9710867], [7.1417512, 9.9675006], [7.1412568, 9.9633952], [7.1411467, 9.9615729], [7.1397929, 9.9562637], [7.1387842, 9.9530636], [7.1380493, 9.9502858], [7.1385335, 9.9481347], [7.1392075, 9.9465719], [7.1389994, 9.9437176], [7.1393617, 9.9408305], [7.139222, 9.9383441], [7.1389843, 9.9359844], [7.1387312, 9.933721], [7.1385389, 9.930896], [7.1384947, 9.9305281], [7.1381476, 9.926627], [7.1366342, 9.9210864], [7.1355791, 9.9171564], [7.1345811, 9.9131805], [7.1332701, 9.9091547], [7.1325301, 9.9054986], [7.1320574, 9.9035287], [7.1313547, 9.9008464], [7.1308051, 9.8989623]]}}, {"type": "Feature", "properties": {"category": "pipeline", "name": "NPSC Kaduna-Kano", "source": "Kaduna-Kano.geojson", "stroke": "#ff8c00", "stroke-width": 2.6, "stroke-opacity": 1}, "geometry": {"type": "LineString", "coordinates": [[7.4939215, 10.403755], [7.4969644, 10.4069056], [7.4987543, 10.4091058], [7.5007347, 10.4111212], [7.5007382, 10.4121783], [7.4994617, 10.4139621], [7.4963391, 10.4164961], [7.4941318, 10.4184385], [7.492051, 10.4203398], [7.4891584, 10.4220197], [7.4876827, 10.4233976], [7.4857689, 10.4246307], [7.4867831, 10.4271828], [7.487991, 10.4311457], [7.4894783, 10.4346648], [7.490256, 10.4367772], [7.4906794, 10.4392034], [7.4920448, 10.4421681], [7.4927385, 10.4454543], [7.4938221, 10.448218], [7.4944317, 10.4505788], [7.4950796, 10.4522803], [7.4950359, 10.4516198], [7.4982656, 10.4599081], [7.4989865, 10.4634828], [7.4999519, 10.4656211], [7.5013814, 10.4689296], [7.5024802, 10.473227], [7.503396, 10.475379], [7.5048393, 10.4782539], [7.5067348, 10.4836886], [7.5079782, 10.487107], [7.5098037, 10.4915715], [7.5120109, 10.4977346], [7.5132875, 10.5018539], [7.5140535, 10.5045982], [7.5155634, 10.5085505], [7.5166991, 10.5120597], [7.5182286, 10.5164464], [7.5183167, 10.5173696], [7.5187476, 10.5195161], [7.5188538, 10.5196775], [7.5192443, 10.5222582], [7.5192345, 10.5235738], [7.5195463, 10.5355084], [7.5199638, 10.5413172], [7.5206765, 10.546605], [7.5204109, 10.545829], [7.5205158, 10.5497628], [7.520532, 10.5499903], [7.5207522, 10.5530771], [7.5206763, 10.5516927], [7.5210167, 10.5560124], [7.5214186, 10.5630937], [7.5216909, 10.5689227], [7.5217473, 10.5718148], [7.5220186, 10.5748048], [7.5222009, 10.5784597], [7.5225187, 10.5823319], [7.5226356, 10.5852457], [7.5227786, 10.5888796], [7.5228215, 10.5917183], [7.5229477, 10.5963213], [7.523316, 10.5998636], [7.523427, 10.6015778], [7.5236906, 10.6054591], [7.5239234, 10.6102994], [7.5239858, 10.6157634], [7.5245218, 10.6210848], [7.5245393, 10.626266], [7.524634, 10.6319513], [7.5271262, 10.6368237], [7.5306182, 10.6448335], [7.5334004, 10.6495328], [7.5388328, 10.6593035], [7.5430119, 10.6666156], [7.5463844, 10.6722423], [7.5521855, 10.6814103], [7.5516361, 10.6810051], [7.5542439, 10.6852483], [7.5547565, 10.6858136], [7.5586998, 10.6919744], [7.5588254, 10.6921581], [7.5647532, 10.7018996], [7.5698106, 10.7106889], [7.5759952, 10.7207996], [7.5783078, 10.7277374], [7.5789864, 10.7318854], [7.5806671, 10.7393309], [7.5825356, 10.74839], [7.5845095, 10.7593602], [7.5869377, 10.7709796], [7.5884605, 10.7794173], [7.5919358, 10.8000151], [7.5953921, 10.8183211], [7.6013318, 10.8481219], [7.6038464, 10.8594321], [7.6056023, 10.868863], [7.6091641, 10.8761973], [7.6158741, 10.8897903], [7.6195859, 10.8976957], [7.6205651, 10.9103364], [7.6204832, 10.9122612], [7.6188794, 10.9137156], [7.6185182, 10.9192485], [7.6179847, 10.9265119], [7.6165396, 10.9368789], [7.6185537, 10.9452955], [7.6226819, 10.9630913], [7.627551, 10.983115], [7.6295301, 10.9894855], [7.6369068, 11.0158231], [7.6410438, 11.0296904], [7.6459735, 11.0418896], [7.6507632, 11.0529012], [7.6597259, 11.0697726], [7.6626425, 11.0778175], [7.6649647, 11.079957], [7.6788157, 11.0912329], [7.6859688, 11.0974497], [7.693276, 11.1047496], [7.6915966, 11.1080461], [7.6949446, 11.1152121], [7.6969105, 11.1187566], [7.7020708, 11.1228097], [7.7059134, 11.1283924], [7.7171415, 11.1344613], [7.7257723, 11.1412679], [7.7307741, 11.1462365], [7.7380368, 11.1518061], [7.7488862, 11.1566798], [7.7543594, 11.1591316], [7.7581605, 11.1630262], [7.7788636, 11.1793593], [7.7889338, 11.1881921], [7.8217579, 11.2140185], [7.8437762, 11.2331625], [7.8739183, 11.265281], [7.8790835, 11.2709794], [7.9071238, 11.3024023], [7.924128, 11.3223196], [7.9353981, 11.3267325], [7.9675227, 11.3385056], [7.9733898, 11.3404571], [8.0212588, 11.3620066], [8.0282186, 11.3647124], [8.0285315, 11.3648452], [8.0351386, 11.3676922], [8.0705556, 11.3804121], [8.0781168, 11.3883554], [8.0869054, 11.3958185], [8.0943195, 11.3998878], [8.127044, 11.4200931], [8.1594017, 11.4510158], [8.1710707, 11.4621902], [8.221326, 11.5009357], [8.2309115, 11.5147301], [8.2320767, 11.5160905], [8.2379337, 11.5230952], [8.24808, 11.5306057], [8.2564566, 11.5360055], [8.2698545, 11.5487214], [8.2801219, 11.5597607], [8.298666, 11.5768212], [8.3294863, 11.6064052], [8.3375865, 11.6185023], [8.3777851, 11.6560461], [8.3850388, 11.6642066], [8.3932218, 11.6731236], [8.3999983, 11.6812304], [8.4150626, 11.6991794], [8.4192621, 11.7101056], [8.4228764, 11.7232579], [8.4306315, 11.7318396], [8.4428622, 11.7483082], [8.4479691, 11.7533558], [8.4565883, 11.7578824], [8.4599771, 11.7695731], [8.4691773, 11.7827696], [8.4802726, 11.7983919], [8.4870555, 11.806509], [8.4953518, 11.8167098], [8.5016049, 11.8238841], [8.5069606, 11.8273412], [8.5061159, 11.8333549], [8.5108358, 11.8388192], [8.5149468, 11.8442747], [8.5195555, 11.8531706], [8.5262842, 11.8679232], [8.5421603, 11.8934562], [8.5524621, 11.904291], [8.5560114, 11.917326], [8.5636441, 11.9332586], [8.5716769, 11.9476878], [8.5758099, 11.9537619], [8.5756679, 11.9641782], [8.5733627, 11.967246], [8.5753245, 11.9701968], [8.5763903, 11.9694585]]}}, {"type": "Feature", "properties": {"category": "pipeline", "name": "Ibadan to Oke-Oyi", "source": "Mosimi Area  Pipeline.geojson", "stroke": "#ff8c00", "stroke-width": 2.6, "stroke-opacity": 1}, "geometry": {"type": "LineString", "coordinates": [[3.8186689, 7.3955098], [3.823958, 7.3999871], [3.8242227, 7.4088219], [3.8245411, 7.4132595], [3.8246271, 7.4183527], [3.8244835, 7.4232944], [3.8251911, 7.4283174], [3.8266094, 7.433483], [3.8282771, 7.4371859], [3.8301708, 7.4399664], [3.8307186, 7.4419598], [3.830549, 7.4431662], [3.8307352, 7.4438229], [3.8305699, 7.4445878], [3.8304731, 7.4459157], [3.8321186, 7.447768], [3.8323526, 7.4484462], [3.8320004, 7.4507182], [3.8317719, 7.4518883], [3.8336903, 7.4544331], [3.8343498, 7.4585524], [3.8349159, 7.4620309], [3.8351359, 7.4674115], [3.8370143, 7.4701726], [3.8396575, 7.4735632], [3.8417003, 7.4757114], [3.8495793, 7.4862059], [3.8615144, 7.5012512], [3.8693871, 7.5169038], [3.8856524, 7.550876], [3.894001, 7.5662347], [3.9013676, 7.5819484], [3.9041721, 7.5875495], [3.9103654, 7.5976389], [3.9196522, 7.6124898], [3.9326428, 7.6248389], [3.943245, 7.633935], [3.9450154, 7.637967], [3.9554023, 7.6531395], [3.9728864, 7.6843553], [3.985708, 7.7096154], [3.9868446, 7.7161626], [3.9903027, 7.7220223], [3.9977244, 7.7367139], [4.0079098, 7.7518368], [4.0175857, 7.7667362], [4.0206837, 7.771375], [4.0327669, 7.7878338], [4.0356304, 7.7979799], [4.0386262, 7.8066916], [4.0436217, 7.8147865], [4.0529343, 7.8304109], [4.0675364, 7.8532452], [4.0789138, 7.8682806], [4.0826397, 7.8753513], [4.0919594, 7.8904988], [4.1017639, 7.9059763], [4.1074071, 7.9149266], [4.1099172, 7.9188516], [4.1184684, 7.9365928], [4.1211101, 7.9433065], [4.124474, 7.9504943], [4.1352746, 7.9727479], [4.1388625, 7.9775125], [4.1505302, 7.9911695], [4.169471, 8.0137493], [4.1736617, 8.0190467], [4.1832871, 8.0306617], [4.1860831, 8.0314616], [4.1888086, 8.0316419], [4.1929715, 8.035996], [4.199512, 8.0440408], [4.2045131, 8.0474557], [4.2130838, 8.0562934], [4.2242463, 8.067862], [4.226227, 8.068313], [4.2303186, 8.0681244], [4.2369155, 8.0688727], [4.2439512, 8.0729472], [4.2587093, 8.0862127], [4.2712392, 8.0980145], [4.2866325, 8.108607], [4.3027925, 8.1162235], [4.3085871, 8.1222655], [4.327745, 8.141178], [4.3374341, 8.1519439], [4.3530537, 8.1670384], [4.3566752, 8.1696162], [4.3667042, 8.1781536], [4.3803753, 8.1900768], [4.3832912, 8.1943497], [4.3931145, 8.2026291], [4.4067992, 8.2156518], [4.4196023, 8.2277361], [4.4229369, 8.2307347], [4.4355449, 8.243917], [4.4422122, 8.2500072], [4.4493657, 8.2558082], [4.4902637, 8.2917359], [4.5255773, 8.3241612], [4.5495537, 8.347822], [4.5523551, 8.3512604], [4.5537086, 8.3549084], [4.5570262, 8.3671361], [4.5633075, 8.3900229], [4.5670047, 8.4034637], [4.5666359, 8.4074601], [4.5663609, 8.4187634], [4.5658648, 8.4250808], [4.5656245, 8.4315522], [4.5653712, 8.4433005], [4.5651825, 8.4475722], [4.5651042, 8.4491106], [4.5654672, 8.4494857], [4.5658072, 8.449832], [4.5685777, 8.4523553], [4.575641, 8.4582211], [4.5891096, 8.4696961], [4.6027909, 8.4818023], [4.610118, 8.4889962], [4.6119066, 8.4907109], [4.6142325, 8.4917474], [4.6164662, 8.4924935], [4.6214848, 8.4975199], [4.6281983, 8.5042179], [4.6337621, 8.5072887], [4.6383358, 8.510933], [4.6459368, 8.5139406], [4.6577009, 8.5188186], [4.6587085, 8.5192972], [4.6582895, 8.5272623], [4.6577402, 8.5348476], [4.6576912, 8.5423294], [4.6585173, 8.5440434], [4.6603171, 8.5453148], [4.6702159, 8.5499581], [4.6813228, 8.5550061], [4.6838417, 8.5564115], [4.6865798, 8.5578396], [4.6877473, 8.5593057], [4.688771, 8.5605806], [4.6904321, 8.5629281], [4.6917931, 8.5649717], [4.692092, 8.5662177], [4.691487, 8.5675174]]}}, {"type": "Feature", "properties": {"category": "pipeline", "name": "Mosimi to Atlas Cove", "source": "Mosimi Area  Pipeline.geojson", "stroke": "#ff8c00", "stroke-width": 2.6, "stroke-opacity": 1}, "geometry": {"type": "LineString", "coordinates": [[4.8764895, 6.7710916], [4.8767729, 6.7715058], [4.8744571, 6.7694693], [4.8699953, 6.7692294], [4.8675631, 6.7687199], [4.8650708, 6.7680217], [4.8621621, 6.7670595], [4.8591607, 6.7666556], [4.8568394, 6.7662509], [4.8540718, 6.7656153], [4.8530927, 6.7650737], [4.851704, 6.7644691], [4.8471793, 6.7644505], [4.8416367, 6.7641341], [4.8353425, 6.7641969], [4.8230708, 6.7644451], [4.8098935, 6.7640302], [4.8039706, 6.7638429], [4.7975903, 6.7637192], [4.7931723, 6.7623328], [4.7878489, 6.7608758], [4.7817342, 6.7592491], [4.7779464, 6.7581473], [4.7635034, 6.7542312], [4.7486358, 6.7505267], [4.7388676, 6.7480593], [4.7301035, 6.7458597], [4.7282268, 6.7461381], [4.7233174, 6.7453959], [4.7160632, 6.7440871], [4.7135682, 6.7438405], [4.7120904, 6.7440265], [4.7108246, 6.7437324], [4.7099193, 6.7433376], [4.708471, 6.7427506], [4.7037259, 6.7415321], [4.70215, 6.7411073], [4.6912864, 6.7406948], [4.689306, 6.7407832], [4.6869618, 6.7416164], [4.671341, 6.7414254], [4.6098901, 6.7390137], [4.6014826, 6.7389655], [4.5955674, 6.7372584], [4.5902447, 6.7366478], [4.5699226, 6.7361127], [4.5475956, 6.735563], [4.531756, 6.734696], [4.5034699, 6.7339939], [4.4694147, 6.7332893], [4.4329427, 6.7335464], [4.4288516, 6.7290655], [4.425346, 6.7241168], [4.42159, 6.715375], [4.4198763, 6.714443], [4.4112335, 6.7120998], [4.3918602, 6.7073722], [4.3898833, 6.7073812], [4.388264, 6.7066196], [4.3867651, 6.7058073], [4.3825131, 6.7047417], [4.3731478, 6.7018959], [4.3622448, 6.698856], [4.3603999, 6.6987085], [4.3575148, 6.697834], [4.3547114, 6.6958871], [4.3525969, 6.6945467], [4.3470688, 6.6931194], [4.3367312, 6.6904177], [4.330268, 6.6883633], [4.324282, 6.6863368], [4.320173, 6.6853122], [4.3147775, 6.6835442], [4.31111, 6.6834357], [4.296572, 6.6824309], [4.2858579, 6.6822345], [4.2827364, 6.6822512], [4.273378, 6.6796015], [4.2645855, 6.6798973], [4.2595095, 6.6798249], [4.2546952, 6.6809717], [4.2513855, 6.6800652], [4.2312419, 6.6803716], [4.2217886, 6.6811514], [4.2157809, 6.6832558], [4.1996424, 6.6836863], [4.1539684, 6.6841515], [4.1248606, 6.6869983], [4.1179436, 6.6867766], [4.0631155, 6.6855882], [4.0437016, 6.6847996], [4.027328, 6.6761312], [4.0213332, 6.6793588], [4.0155235, 6.6810698], [4.0110814, 6.6785622], [4.0090877, 6.6786812], [4.0066201, 6.6784128], [4.0028664, 6.6770453], [3.9964882, 6.6778567], [3.9924903, 6.6821342], [3.9818386, 6.6845327], [3.9671593, 6.6840714], [3.937086, 6.6841288], [3.9035912, 6.6838595], [3.9017154, 6.6830886], [3.8645053, 6.6827244], [3.7988014, 6.6829188], [3.7716419, 6.6829944], [3.7521343, 6.6877928], [3.7387832, 6.6879888], [3.7282603, 6.6883763], [3.7122028, 6.6906395], [3.6716058, 6.6986655], [3.647073, 6.7027313], [3.643089, 6.7034638], [3.6392297, 6.7053837], [3.6214001, 6.7121546], [3.6096085, 6.7167751], [3.5897582, 6.7243511], [3.5802382, 6.7290215], [3.5765039, 6.7306304], [3.5664724, 6.7424983], [3.559482, 6.7500995], [3.5549257, 6.7553643], [3.5531482, 6.7523908], [3.5512859, 6.7487885], [3.5483781, 6.747757], [3.540662, 6.7451588], [3.5341818, 6.7429845], [3.5307804, 6.7420554], [3.5282467, 6.7412134], [3.5268067, 6.7414997], [3.5158268, 6.73763], [3.5099479, 6.7354355], [3.5086168, 6.734901], [3.5065939, 6.7339745], [3.5052005, 6.7335808], [3.5031813, 6.7328393], [3.5018722, 6.7324023], [3.5006369, 6.7319523], [3.498399, 6.7309918], [3.4966815, 6.7302256], [3.4931236, 6.7288527], [3.4907652, 6.7280474], [3.4895128, 6.7275093], [3.4887439, 6.7271237], [3.4849832, 6.7255651], [3.4830725, 6.7253228], [3.4818006, 6.725244], [3.4790342, 6.7239387], [3.4760945, 6.7228904], [3.4727341, 6.7212121], [3.4693768, 6.7196357], [3.4673614, 6.7183098], [3.4664058, 6.7175749], [3.4650607, 6.7169994], [3.4629639, 6.7161534], [3.460401, 6.7150884], [3.4585468, 6.7142138], [3.4564477, 6.7131326], [3.454567, 6.7120469], [3.4525556, 6.7107101], [3.4506037, 6.7098336], [3.4346736, 6.7010901], [3.427447, 6.6969996], [3.4241071, 6.6937355], [3.4214732, 6.6918555], [3.4181179, 6.690135], [3.4137, 6.6879355], [3.405986, 6.6855179], [3.4040645, 6.6849566], [3.4012299, 6.6844517], [3.3970419, 6.6830879], [3.3927587, 6.681188], [3.3879711, 6.6791701], [3.3805247, 6.6755098], [3.3754664, 6.6719489], [3.3735264, 6.6708924], [3.370969, 6.6702114], [3.3688841, 6.669533], [3.3671198, 6.668948], [3.3647025, 6.6681874], [3.3627817, 6.6675644], [3.3581454, 6.6661705], [3.352616, 6.6644807], [3.3472013, 6.6626499], [3.3360433, 6.65938], [3.3281904, 6.656798], [3.3257662, 6.6557261], [3.3231246, 6.6552744], [3.3199584, 6.6548258], [3.3159157, 6.6545334], [3.3111136, 6.6535578], [3.3092133, 6.6536188], [3.3068026, 6.653572], [3.3026784, 6.6533668], [3.3021628, 6.6530954], [3.3011085, 6.6520121], [3.3002348, 6.6503484], [3.2992113, 6.6483903], [3.2979112, 6.6451742], [3.2965735, 6.6428409], [3.2950591, 6.6401563], [3.2924835, 6.6349894], [3.2903026, 6.6310633], [3.2888064, 6.6277654], [3.2873303, 6.6248602], [3.2855063, 6.6216125], [3.2829902, 6.6170165], [3.2807311, 6.6127978], [3.2796285, 6.610696], [3.2783543, 6.609458], [3.2764512, 6.6075654], [3.2744793, 6.6054637], [3.2733455, 6.6043623], [3.2732366, 6.6027482], [3.2730165, 6.6013204], [3.2726592, 6.5985795], [3.2721049, 6.5939957], [3.2718734, 6.5921884], [3.2718751, 6.591152], [3.2712159, 6.586954], [3.2709129, 6.5845487], [3.2707531, 6.5813651], [3.2703592, 6.5789508], [3.2700203, 6.5770065], [3.270239, 6.574368], [3.2702038, 6.5729883], [3.2696084, 6.5702746], [3.2692086, 6.5683546], [3.2689307, 6.5675052], [3.2682885, 6.565147], [3.2677558, 6.5630336], [3.2673422, 6.5615601], [3.2668627, 6.559887], [3.2656745, 6.5557262], [3.2647555, 6.550916], [3.2639869, 6.5476642], [3.2635102, 6.544533], [3.2630126, 6.5416626], [3.2625477, 6.5368908], [3.2620916, 6.5334118], [3.2613994, 6.5290218], [3.260899, 6.5254863], [3.2603697, 6.5215325], [3.2595802, 6.5166314], [3.2590946, 6.5117149], [3.2571177, 6.4988818], [3.2559954, 6.4920345], [3.2550279, 6.4853413], [3.2543877, 6.4758871], [3.25396, 6.4695903], [3.2538768, 6.4669122], [3.2543672, 6.465881], [3.2545116, 6.4642858], [3.2547694, 6.4618457], [3.2550685, 6.4595586], [3.2552458, 6.4561428], [3.2566933, 6.4547927], [3.263578, 6.4560625], [3.2694061, 6.4562335], [3.272206, 6.4564766], [3.271812, 6.4471332], [3.2717873, 6.446845], [3.2717853, 6.4468211], [3.2717884, 6.4466307], [3.2717681, 6.4463947], [3.2717814, 6.4463242], [3.271754, 6.4462307], [3.2717765, 6.4460443], [3.2717453, 6.4459056], [3.2717353, 6.4457905], [3.2716951, 6.4457677], [3.2741442, 6.4386063], [3.2748756, 6.4365366], [3.2755329, 6.4346505], [3.2770716, 6.4305613], [3.2774034, 6.4304117], [3.2805496, 6.4303243], [3.2807708, 6.4287019], [3.2813594, 6.4251238], [3.2820406, 6.4226099], [3.2834003, 6.4205665], [3.2848158, 6.4185268], [3.2858471, 6.4168344], [3.285945, 6.4168532], [3.2871294, 6.4149461], [3.2888401, 6.4121892], [3.2896669, 6.4101462], [3.2902147, 6.4077518], [3.2909963, 6.4062281], [3.2934275, 6.4062792], [3.300055, 6.406195], [3.3099702, 6.4064844], [3.3156589, 6.4065299], [3.3270184, 6.4058748], [3.3374636, 6.4051089], [3.3458799, 6.4050904], [3.3563986, 6.4038836], [3.3636063, 6.4030571], [3.3662816, 6.4028306], [3.3724567, 6.4059216], [3.3763474, 6.4068051], [3.381102, 6.4072544], [3.3832704, 6.4088713], [3.3882723, 6.4126783]]}}, {"type": "Feature", "properties": {"category": "pipeline", "name": "Zaria to Gusau", "source": "Mosimi to Ibadan.kmz.geojson", "stroke": "#ff8c00", "stroke-width": 2.6, "stroke-opacity": 1}, "geometry": {"type": "LineString", "coordinates": [[7.6922238, 11.1037304], [7.6753338, 11.1063924], [7.6643935, 11.1097692], [7.6575598, 11.1151521], [7.6483348, 11.1238966], [7.6373959, 11.1323101], [7.6243977, 11.1387146], [7.6148212, 11.1467923], [7.6045564, 11.1542012], [7.5966868, 11.1626143], [7.5874441, 11.1706961], [7.5761442, 11.1824806], [7.5668937, 11.1902311], [7.5591525, 11.1939286], [7.547188, 11.2013257], [7.5362501, 11.2083853], [7.5253126, 11.2154445], [7.5112965, 11.2225067], [7.5010408, 11.2275512], [7.4883934, 11.234947], [7.4795044, 11.2389831], [7.4678816, 11.2457066], [7.4603608, 11.2504126], [7.4555754, 11.2541091], [7.4473683, 11.2574737], [7.4353959, 11.2591641], [7.4258203, 11.2638728], [7.41898, 11.2672363], [7.4131666, 11.2719416], [7.4090644, 11.2776526], [7.4039363, 11.2853796], [7.3991496, 11.293107], [7.3960746, 11.3028485], [7.3919712, 11.311585], [7.3888935, 11.3189781], [7.3820488, 11.3267127], [7.3575464, 11.3381862], [7.3324187, 11.347746], [7.3149625, 11.3800111], [7.3187361, 11.4159846], [7.3032482, 11.4368504], [7.3012127, 11.4860534], [7.270264, 11.5258344], [7.233556, 11.5599232], [7.1968615, 11.5958715], [7.1697753, 11.6600971], [7.1176657, 11.7167413], [7.0829308, 11.7601311], [7.0251054, 11.7940661], [6.9691912, 11.8486997], [6.9287004, 11.8920055], [6.911321, 11.9296655], [6.890069, 11.9823815], [6.8726711, 12.0313267], [6.8533576, 12.0708488], [6.8282763, 12.1009441], [6.7993683, 12.1121994], [6.7550469, 12.1253089], [6.7203739, 12.1271309], [6.6837505, 12.1402444], [6.6781065, 12.141632], [6.671504, 12.1462596], [6.6712397, 12.1465169], [6.6625263, 12.1515267], [6.6526224, 12.1579517], [6.6472012, 12.1643861], [6.6468044, 12.164901], [6.6395361, 12.1713318], [6.6300259, 12.1769848], [6.6273765, 12.1816209], [6.6235313, 12.1894787], [6.6215341, 12.1966964], [6.620462, 12.2031429], [6.6211074, 12.2086906], [6.6225469, 12.2133373], [6.6233657, 12.2138405], [6.6243157, 12.2149783], [6.6255805, 12.2159931], [6.6262029, 12.2167124], [6.6268812, 12.2173514], [6.627431, 12.2177906], [6.6283039, 12.2182995]]}}, {"type": "Feature", "properties": {"category": "pipeline", "name": "Mosimi to Ibadan", "source": "Mosimi to Ibadan.kmz.geojson", "stroke": "#ff8c00", "stroke-width": 2.6, "stroke-opacity": 1}, "geometry": {"type": "LineString", "coordinates": [[3.5532866, 6.7529496], [3.5428581, 6.765559], [3.5555558, 6.7727175], [3.5566914, 6.7783649], [3.5608602, 6.7821309], [3.5625652, 6.7849548], [3.5690077, 6.7909798], [3.5799984, 6.7994523], [3.5824608, 6.8050992], [3.5868193, 6.8086762], [3.5875773, 6.8094292], [3.5881459, 6.8096175], [3.5951589, 6.810372], [3.5957275, 6.8107486], [3.607669, 6.8137625], [3.6198006, 6.820729], [3.6349678, 6.8307081], [3.6450182, 6.8403107], [3.6450182, 6.840499], [3.6501395, 6.8502897], [3.6533645, 6.8536796], [3.6535547, 6.8591397], [3.6535548, 6.8597045], [3.6548837, 6.8661068], [3.6548837, 6.8664834], [3.6567815, 6.8698736], [3.6571611, 6.8704386], [3.6609588, 6.8826813], [3.6638077, 6.8900284], [3.6649484, 6.8954918], [3.6637976, 6.9013824], [3.6634118, 6.9188935], [3.6647362, 6.9333903], [3.6664415, 6.949016], [3.668528, 6.9652067], [3.6672, 6.9791382], [3.6681506, 6.9919416], [3.6733826, 7.0324187], [3.6826324, 7.0487329], [3.6888018, 7.0674959], [3.696826, 7.0864661], [3.7050603, 7.103605], [3.7102099, 7.1152376], [3.7170101, 7.1293232], [3.7256448, 7.1489556], [3.7357196, 7.1695546], [3.7525906, 7.1997386], [3.7612386, 7.2187083], [3.7642649, 7.2230706], [3.7673488, 7.234693], [3.7675544, 7.2348969], [3.7770124, 7.2577312], [3.7840076, 7.2864787], [3.7850427, 7.3107438], [3.7862857, 7.3348095], [3.7871136, 7.3430685], [3.7932867, 7.3620307], [3.7949373, 7.3656232], [3.7949397, 7.3657271], [3.7958304, 7.3701704], [3.7978761, 7.3718568], [3.8004278, 7.3742412], [3.8050711, 7.3752521], [3.8071359, 7.3771871], [3.8071723, 7.3788684], [3.8081969, 7.3804589], [3.8093106, 7.3811467], [3.8101606, 7.381669], [3.8110864, 7.3821219], [3.8112768, 7.3823654], [3.8111416, 7.3841629], [3.811936, 7.3863574], [3.8129438, 7.3878908], [3.8133585, 7.3886422], [3.8163627, 7.3908113], [3.8180759, 7.394711]]}}, {"type": "Feature", "properties": {"category": "pipeline", "name": "Enugu to Makurdi", "source": "Mosimi to Ibadan.kmz.geojson", "stroke": "#ff8c00", "stroke-width": 2.6, "stroke-opacity": 1}, "geometry": {"type": "LineString", "coordinates": [[7.6024419, 6.4751673], [7.6213169, 6.4832257], [7.6560335, 6.516954], [7.6829127, 6.5465835], [7.6817098, 6.5706054], [7.6826929, 6.6170787], [7.6829926, 6.6383507], [7.6794465, 6.6748495], [7.6792139, 6.7072703], [7.6928695, 6.7324246], [7.7045592, 6.7574057], [7.7141411, 6.7756453], [7.7205607, 6.8010223], [7.7342527, 6.8449478], [7.7440283, 6.8883635], [7.7552328, 6.9292054], [7.7657392, 6.9811358], [7.7767716, 7.0348289], [7.896016, 7.2067823], [8.0430317, 7.3132485], [8.1768447, 7.3965781], [8.373427, 7.516918], [8.4801656, 7.5748906], [8.518458, 7.5974174], [8.5437159, 7.6062104], [8.556267, 7.6095384], [8.5657097, 7.6122637], [8.5684488, 7.6136975], [8.5714057, 7.6162889]]}}, {"type": "Feature", "properties": {"category": "pipeline", "name": "Makurdi to Yola", "source": "Mosimi to Ibadan.kmz.geojson", "stroke": "#ff8c00", "stroke-width": 2.6, "stroke-opacity": 1}, "geometry": {"type": "LineString", "coordinates": [[8.5714489, 7.6162039], [8.6022632, 7.6238581], [8.622849, 7.626532], [8.645426, 7.6269818], [8.7186447, 7.6260606], [8.7595433, 7.6110646], [8.8004708, 7.5946909], [8.8679981, 7.5603678], [8.9382755, 7.4641887], [8.9897783, 7.4025032], [9.076513, 7.3494956], [9.0769357, 7.3494961], [9.255148, 7.180251], [9.5492045, 7.2079479], [9.5639125, 7.2175989], [9.5982454, 7.2368662], [10.0064639, 7.3946274], [10.3822665, 7.5520868], [10.8411796, 7.9864413], [11.1736761, 8.2176809], [11.7217469, 8.7420978], [12.1022168, 9.0548569], [12.199611, 9.1308517], [12.2628532, 9.1913877], [12.2907536, 9.21842], [12.3007252, 9.2373444], [12.3065609, 9.2626049], [12.3082733, 9.2709958], [12.3087559, 9.2763026], [12.3084068, 9.278475], [12.3082702, 9.2814948]]}}, {"type": "Feature", "properties": {"category": "pipeline", "name": "Suleja to Minna", "source": "Mosimi to Ibadan.kmz.geojson", "stroke": "#ff8c00", "stroke-width": 2.6, "stroke-opacity": 1}, "geometry": {"type": "LineString", "coordinates": [[6.9987911, 9.240963], [6.996504, 9.2469515], [6.9924738, 9.2543242], [6.9923552, 9.2545583], [6.9743138, 9.2699022], [6.9545871, 9.2823317], [6.9373347, 9.2930141], [6.9192231, 9.3050025], [6.9026351, 9.3160659], [6.8620568, 9.3381411], [6.8338454, 9.3522394], [6.8064107, 9.363014], [6.7761578, 9.3767393], [6.7120539, 9.4033964], [6.7006884, 9.4127308], [6.693046, 9.420591], [6.6794492, 9.4242373], [6.6695396, 9.4278905], [6.6555384, 9.4285572], [6.6438733, 9.4381969], [6.6412016, 9.451691], [6.6171199, 9.4887606], [6.6153802, 9.4919158]]}}, {"type": "Feature", "properties": {"category": "pipeline", "name": "Warri to Benin", "source": "Mosimi to Ibadan.kmz.geojson", "stroke": "#ff8c00", "stroke-width": 2.6, "stroke-opacity": 1}, "geometry": {"type": "LineString", "coordinates": [[5.7190672, 5.5712825], [5.7808238, 5.5761636], [5.7780564, 5.6166142], [5.7603186, 5.7057275], [5.7424412, 5.8013948], [5.7409637, 5.8422929], [5.7421337, 5.9438659], [5.7173738, 5.9661448], [5.7053397, 6.0618199], [5.6928044, 6.1877218], [5.6900415, 6.3061136], [5.691174, 6.3123719], [5.6950429, 6.3269939], [5.6975177, 6.3299285], [5.6999079, 6.33279], [5.7010614, 6.336315], [5.7019656, 6.3397045], [5.7026337, 6.3420844]]}}, {"type": "Feature", "properties": {"category": "pipeline", "name": "Benin to Abudu", "source": "Mosimi to Ibadan.kmz.geojson", "stroke": "#ff8c00", "stroke-width": 2.6, "stroke-opacity": 1}, "geometry": {"type": "LineString", "coordinates": [[6.0014761, 6.2753391], [5.992157, 6.2810934], [5.9770059, 6.2814498], [5.9537762, 6.2847607], [5.9358241, 6.2874933], [5.9167267, 6.2901405], [5.9086763, 6.2916413], [5.8619178, 6.2998662], [5.8421894, 6.3032749], [5.8419454, 6.3032748], [5.8317008, 6.3059607], [5.8314567, 6.3062054], [5.8312125, 6.3062053], [5.8099396, 6.3113454], [5.8011266, 6.3124473], [5.7752208, 6.3170746], [5.7561848, 6.3229383], [5.7438588, 6.3244587], [5.7402709, 6.3262829], [5.7408336, 6.3322778], [5.7292755, 6.3351454], [5.721051, 6.3372634], [5.704471, 6.3409236], [5.7025336, 6.3420238]]}}, {"type": "Feature", "properties": {"category": "pipeline", "name": "Ore to Mosimi all segment", "source": "Ore to Mosimi Pipeline.geojson", "stroke": "#ff8c00", "stroke-width": 2.6, "stroke-opacity": 1}, "geometry": {"type": "LineString", "coordinates": [[3.5525596, 6.7553606], [3.5582324, 6.7515433], [3.5650766, 6.7437764], [3.5685801, 6.7399345], [3.5747037, 6.7335425], [3.576172, 6.7307038], [3.5879337, 6.7249017], [3.5900401, 6.7239993], [3.5969541, 6.7213821], [3.6057099, 6.7181224], [3.6133212, 6.7150752], [3.6209355, 6.7123058], [3.6272436, 6.709678], [3.6383019, 6.7057955], [3.6453952, 6.7028164], [3.6552815, 6.7012602], [3.6586933, 6.7006201], [3.6674383, 6.6991065], [3.6767837, 6.6976139], [3.6895353, 6.6953553], [3.6924895, 6.694897], [3.6949659, 6.6943713], [3.7048871, 6.6926298], [3.7072417, 6.6910091], [3.7122297, 6.6905458], [3.7179711, 6.6895947], [3.7229183, 6.6887808], [3.7284533, 6.6881304], [3.7360746, 6.6879162], [3.7458147, 6.6874366], [3.7499379, 6.6872523], [3.751977, 6.6871977], [3.7634563, 6.6843003], [3.7699024, 6.6829099], [3.7703245, 6.682769], [3.7723007, 6.6827885], [3.7792784, 6.6827455], [3.7863788, 6.6828516], [3.7936483, 6.68272], [3.7995914, 6.6829127], [3.8035712, 6.6832896], [3.8112655, 6.682973], [3.8174885, 6.6830178], [3.8267484, 6.6829181], [3.8335477, 6.6829253], [3.8380704, 6.6831964], [3.8460101, 6.6828086], [3.8482605, 6.6828654], [3.8558488, 6.6827879], [3.8593008, 6.6827958], [3.8621395, 6.6825189], [3.865117, 6.6824943], [3.8694175, 6.6826299], [3.8744556, 6.6827081], [3.881266, 6.68254], [3.886345, 6.6828262], [3.8895012, 6.6828333], [3.8909489, 6.6826836], [3.8953133, 6.6831332], [3.9004943, 6.6829854], [3.9020629, 6.6830844], [3.9034548, 6.6836954], [3.9057012, 6.6838934], [3.9078245, 6.6837695], [3.9096613, 6.6839023], [3.9128632, 6.6838773], [3.920807, 6.6839905], [3.9236048, 6.6839966], [3.9328357, 6.684146], [3.9443631, 6.683896], [3.9526881, 6.6837157], [3.9589847, 6.6838271], [3.9634138, 6.6838987], [3.9683197, 6.684034], [3.9742049, 6.6840459], [3.9758134, 6.6840179], [3.9787119, 6.6843058], [3.9815092, 6.6843743], [3.9870918, 6.6833562], [3.9905847, 6.6825926], [3.9917593, 6.6823765], [3.9946523, 6.6802261], [3.9959456, 6.677965], [3.9994376, 6.6773816], [4.0016393, 6.6769673], [4.0033981, 6.6772213], [4.0066618, 6.6785615], [4.0107497, 6.6786245], [4.0152793, 6.6795545], [4.0179898, 6.6796158], [4.0216223, 6.6791498], [4.0245033, 6.6758533], [4.0264382, 6.6753031], [4.0366877, 6.6816826], [4.041064, 6.683617], [4.0442344, 6.6852057], [4.0549523, 6.6852987], [4.0629102, 6.6855173], [4.076367, 6.6857175], [4.0823023, 6.6857643], [4.086813, 6.6859138], [4.0891917, 6.6860177], [4.0975468, 6.6859997], [4.1136993, 6.6868097], [4.1172708, 6.6867826], [4.1245264, 6.686864], [4.1311741, 6.6863303], [4.1329245, 6.6859464], [4.1452819, 6.6847237], [4.1525846, 6.6841593], [4.1534015, 6.683832], [4.1638209, 6.6838901], [4.1679291, 6.6840674], [4.1723524, 6.6835655], [4.1813933, 6.6839549], [4.1854706, 6.6838101], [4.1999647, 6.683766], [4.2082903, 6.6834649], [4.2149572, 6.6833742], [4.2223264, 6.6811549], [4.2263359, 6.6801294], [4.2281882, 6.6802284], [4.2338875, 6.6801411], [4.2367464, 6.6798897], [4.2406223, 6.6801196], [4.2484803, 6.6800009], [4.2545935, 6.6798556], [4.2585076, 6.6799847], [4.2638821, 6.6799626], [4.2731015, 6.679361], [4.2820581, 6.6823702], [4.2993654, 6.6827666], [4.3013907, 6.6828], [4.3118122, 6.6836157], [4.3134174, 6.6834142], [4.3193185, 6.6852337], [4.3282146, 6.6877408], [4.3337092, 6.6895612], [4.3410234, 6.691498], [4.3513812, 6.6944769], [4.3574816, 6.6978868], [4.3606128, 6.6988682], [4.3621034, 6.698795], [4.366631, 6.7002228], [4.3834943, 6.7050303], [4.3888295, 6.7067585], [4.4016108, 6.7098437], [4.4070042, 6.7111817], [4.4176813, 6.713833], [4.4215426, 6.7152409], [4.4242875, 6.7232799], [4.42543, 6.7260024], [4.4327256, 6.73372], [4.4384062, 6.7337275], [4.4498225, 6.7335488], [4.4624501, 6.7334958], [4.4836248, 6.733238], [4.4970003, 6.7331443], [4.5038979, 6.733714], [4.5130486, 6.7339808], [4.5432851, 6.7350068], [4.5473301, 6.7354108], [4.5586253, 6.7358378], [4.5715489, 6.736172], [4.5757928, 6.736454], [4.5825233, 6.7364597], [4.5884832, 6.7365899], [4.5886694, 6.73659], [4.5895072, 6.7365907], [4.5939301, 6.736783], [4.6014564, 6.7387025], [4.6159287, 6.7390504], [4.6251041, 6.7391626], [4.6271457, 6.7393054], [4.6288565, 6.7393068], [4.6304014, 6.7392728], [4.6326139, 6.7394159], [4.6348808, 6.7393472], [4.6358025, 6.739348], [4.6426934, 6.7397082], [4.6530835, 6.7402227], [4.6595005, 6.7403614], [4.6644404, 6.740869], [4.672807, 6.7412318], [4.6791862, 6.7417349], [4.6844997, 6.7417721], [4.6846597, 6.7417722], [4.6866358, 6.7417069], [4.6895923, 6.740649], [4.6939867, 6.7408627], [4.7018131, 6.7410411], [4.7087274, 6.7426217], [4.7096032, 6.7434041], [4.7106623, 6.7436911], [4.7111682, 6.7437632], [4.7122011, 6.7437999], [4.7137035, 6.7436219], [4.7191775, 6.7446615], [4.7237732, 6.7454555], [4.7279031, 6.7463621], [4.7300896, 6.7460147], [4.7387219, 6.7482525], [4.7466247, 6.7502736], [4.7530094, 6.7521126], [4.763198, 6.7546587], [4.7689308, 6.7560306], [4.7701865, 6.7565721], [4.7765991, 6.7581776], [4.7818256, 6.7595221], [4.7840932, 6.7601707], [4.7856573, 6.760432], [4.7916328, 6.7619506], [4.7958734, 6.7631262], [4.797642, 6.7638058], [4.8104549, 6.7641499], [4.8173214, 6.7641206], [4.8197593, 6.7641533], [4.8230731, 6.7641863], [4.8268121, 6.7643469], [4.8360172, 6.7642428], [4.8394581, 6.7641528], [4.8420724, 6.7640626], [4.8483306, 6.7641551], [4.8516165, 6.7645206], [4.852727, 6.7650605], [4.8541179, 6.7657419], [4.8579977, 6.7664303], [4.859109, 6.766793], [4.860108, 6.7669256], [4.8687326, 6.7693196], [4.8716719, 6.7693869], [4.8732703, 6.7694206], [4.8741246, 6.7694567], [4.8757353, 6.7701172], [4.8765966, 6.770417], [4.8777819, 6.7710151], [4.8768269, 6.7714794]]}}, {"type": "Feature", "properties": {"category": "pipeline", "name": "NPSC Benin to Ore", "source": "Path.geojson", "stroke": "#ff8c00", "stroke-width": 2.6, "stroke-opacity": 1}, "geometry": {"type": "LineString", "coordinates": [[4.873386, 6.7691726], [4.8761483, 6.7702858], [4.8780671, 6.770983], [4.879196, 6.7713245], [4.8809839, 6.7706178], [4.8821739, 6.7700564], [4.8830625, 6.7697743], [4.8831894, 6.7697809], [4.8839459, 6.7694182], [4.8845921, 6.7691129], [4.8851986, 6.7687361], [4.885484, 6.7686436], [4.8858484, 6.7685505], [4.8863169, 6.7682433], [4.8869693, 6.7680235], [4.887496, 6.7677123], [4.8879758, 6.7674124], [4.8888934, 6.7669602], [4.8897441, 6.7666168], [4.8903945, 6.766259], [4.8913441, 6.7658018], [4.8921451, 6.7653972], [4.893537, 6.7646538], [4.8954125, 6.7638315], [4.8963367, 6.7633462], [4.897932, 6.7626128], [4.8985165, 6.7622134], [4.8988798, 6.762031], [4.8991371, 6.7619166], [4.8991901, 6.7616899], [4.8990081, 6.7611081], [4.8988069, 6.7607014], [4.8987008, 6.7604189], [4.8985891, 6.7601748], [4.8985588, 6.7599727], [4.8983926, 6.7595139], [4.8982246, 6.7591131], [4.8981225, 6.7588983], [4.8980325, 6.7586187], [4.8979476, 6.7584298], [4.8979305, 6.7583566], [4.8978685, 6.7582899], [4.8976271, 6.7578285], [4.897594, 6.7573983], [4.8975867, 6.7570852], [4.8976696, 6.7567194], [4.8977454, 6.7564949], [4.8979194, 6.7560923], [4.8980168, 6.7559074], [4.8980806, 6.7557033], [4.898224, 6.7552888], [4.8983718, 6.7550221], [4.8985529, 6.7547323], [4.8988117, 6.7542564], [4.8992484, 6.7533561], [4.899893, 6.7517716], [4.9002482, 6.750872], [4.901891, 6.7467669], [4.9028121, 6.744752], [4.9030317, 6.7443212], [4.9039971, 6.742112], [4.9050222, 6.7403574], [4.9069471, 6.7397237], [4.9086898, 6.7392597], [4.9104179, 6.7388984], [4.9117353, 6.7386718], [4.9163738, 6.7376196], [4.9189632, 6.7370276], [4.9242968, 6.7357683], [4.9312564, 6.7341491], [4.9407135, 6.7319711], [4.9477899, 6.7303852], [4.9480174, 6.7304266], [4.9517743, 6.7295914], [4.955799, 6.7285106], [4.9607472, 6.7273615], [4.9666013, 6.7260287], [4.9700102, 6.7253071], [4.9744053, 6.7242684], [4.9756712, 6.7240409], [4.9839769, 6.7220001], [4.9860595, 6.7215472], [4.9909316, 6.7203635], [4.9943984, 6.7193241], [4.9947534, 6.719387], [4.9963415, 6.7190807], [5.0081996, 6.7162952], [5.0161039, 6.7145791], [5.02552, 6.7124036], [5.0376477, 6.7096961], [5.0388222, 6.7093699], [5.050266, 6.706819], [5.0614369, 6.7039484], [5.064954, 6.7029043], [5.0662653, 6.7025408], [5.0669206, 6.7023679], [5.0760304, 6.7000068], [5.0773446, 6.6996674], [5.0859549, 6.6976293], [5.0921232, 6.6961395], [5.0951023, 6.695435], [5.0979873, 6.6946124], [5.1007007, 6.6939853], [5.1058833, 6.6927384], [5.109678, 6.6917651], [5.1129843, 6.691058], [5.113846, 6.6912104], [5.118712, 6.6900934], [5.1202917, 6.6897298], [5.1222388, 6.6893807], [5.1312886, 6.6868357], [5.1359082, 6.6856518], [5.1388082, 6.6844841], [5.142031, 6.6831802], [5.1444264, 6.6822557], [5.1532535, 6.6787781], [5.1568839, 6.6773645], [5.1571302, 6.6773522], [5.1573581, 6.6770613], [5.1576152, 6.6770491], [5.157825, 6.6770064], [5.1580781, 6.6770099], [5.1586912, 6.6767685], [5.1637585, 6.6746437], [5.1711475, 6.6719138], [5.1752732, 6.6701887], [5.176974, 6.6696206], [5.1782671, 6.6691064], [5.1790224, 6.6687703], [5.1809956, 6.6680616], [5.183234, 6.6671115], [5.1848215, 6.6665904], [5.1864309, 6.6659746], [5.1870817, 6.6657369], [5.1951833, 6.6625488], [5.2036511, 6.6592014], [5.2103842, 6.6566223], [5.2113668, 6.6563217], [5.214519, 6.6550497], [5.2178463, 6.6537451], [5.2191286, 6.6531158], [5.2202162, 6.6526743], [5.2210739, 6.6523418], [5.2225235, 6.6518129], [5.224739, 6.6509822], [5.2251454, 6.6508578], [5.2261467, 6.6503953], [5.226763, 6.6502182], [5.2276644, 6.6499393], [5.2286475, 6.6494287], [5.2300407, 6.6491008], [5.2300683, 6.6491002], [5.2310702, 6.6486681], [5.2319388, 6.6483392], [5.2326472, 6.6480435], [5.2329131, 6.6479054], [5.2329503, 6.6478844], [5.2336785, 6.6476697], [5.2353761, 6.6470675], [5.2366368, 6.6465381], [5.2373676, 6.6461129], [5.2384228, 6.6457881], [5.2391011, 6.6455132], [5.2397477, 6.6451583], [5.2401448, 6.6450532], [5.2403124, 6.6448266], [5.2407911, 6.6447439], [5.2412396, 6.6446624], [5.241988, 6.6443619], [5.2430132, 6.6440644], [5.2438077, 6.6436282], [5.2441781, 6.6433316], [5.2450873, 6.6427287], [5.245887, 6.6423813], [5.2470152, 6.6420595], [5.2477062, 6.6419049], [5.2483614, 6.6416894], [5.249381, 6.6415229], [5.250038, 6.6414583], [5.2505326, 6.6410633], [5.2510754, 6.6409639], [5.2516463, 6.6407772], [5.2521829, 6.6404716], [5.2567725, 6.6386901], [5.2613952, 6.6370244], [5.2646487, 6.6358394], [5.2671505, 6.6346889], [5.2677236, 6.6346408], [5.2680659, 6.6344215], [5.2684166, 6.6344059], [5.2699985, 6.6336983], [5.271515, 6.633313], [5.2726814, 6.6329106], [5.2735001, 6.6326685], [5.2743031, 6.6325007], [5.2746642, 6.6322307], [5.2763319, 6.6316665], [5.2783195, 6.6310083], [5.2805735, 6.630261], [5.2818081, 6.6298941], [5.283221, 6.6294343], [5.2890959, 6.6275252], [5.2923711, 6.6263838], [5.2980522, 6.6244592], [5.3024817, 6.6230194], [5.31069, 6.6202186], [5.3119829, 6.619916], [5.3189515, 6.6175143], [5.3250291, 6.6153985], [5.3280477, 6.6143629], [5.3283652, 6.6143886], [5.328841, 6.6141265], [5.3288674, 6.614126], [5.3293493, 6.6139413], [5.3295732, 6.6138962], [5.3296225, 6.613885], [5.330104, 6.6137445], [5.3305052, 6.6136171], [5.3308984, 6.6134328], [5.3359691, 6.611534], [5.3394391, 6.6102948], [5.3469157, 6.6074461], [5.3482293, 6.6069083], [5.3552916, 6.604287], [5.3652434, 6.6005988], [5.3729469, 6.5977896], [5.3834668, 6.5939097], [5.3862153, 6.5928617], [5.3911709, 6.590872], [5.3961939, 6.5890374], [5.3974598, 6.5884971], [5.4056185, 6.5855767], [5.4110225, 6.5835407], [5.4201462, 6.5802091], [5.4225469, 6.5792159], [5.4318073, 6.5758027], [5.4368209, 6.573873], [5.4403563, 6.5726052], [5.4512872, 6.5683637], [5.4537995, 6.5673722], [5.4586157, 6.5655274], [5.4634261, 6.5639136], [5.467296, 6.5626625], [5.4712472, 6.5608916], [5.4738525, 6.5600123], [5.4765893, 6.5589918], [5.4782865, 6.5583706], [5.4867875, 6.5550047], [5.495216, 6.5518682], [5.4993884, 6.5503559], [5.5020734, 6.5477027], [5.5107764, 6.538436], [5.5169366, 6.5324339], [5.5194968, 6.5293449], [5.5227255, 6.5262848], [5.5233961, 6.525393], [5.52494, 6.523317], [5.529013, 6.5192937], [5.5303502, 6.5178502], [5.5303262, 6.5178094], [5.5338758, 6.5143669], [5.5363808, 6.5116539], [5.5378119, 6.5108461], [5.5416695, 6.5078911], [5.5447829, 6.5058104], [5.5479023, 6.5035474], [5.5507472, 6.5016137], [5.5545464, 6.4987375], [5.5571727, 6.4970356], [5.5609589, 6.494196], [5.5638153, 6.4922772], [5.5657011, 6.4908504], [5.5678996, 6.4893458], [5.5751596, 6.4843785], [5.5751957, 6.4841745], [5.5773323, 6.4826066], [5.580071, 6.4787241], [5.5815271, 6.4766043], [5.5839015, 6.4734482], [5.586304, 6.4700264], [5.589177, 6.4663407], [5.592978, 6.4660851], [5.5950122, 6.4658068], [5.5969549, 6.4658476], [5.5969979, 6.4658468], [5.597084, 6.4658453], [5.5995429, 6.4657715], [5.600845, 6.4651845], [5.6030979, 6.4638947], [5.6070864, 6.4613032], [5.6080428, 6.4608174], [5.609134, 6.4597762], [5.6098659, 6.4590903], [5.6108036, 6.457999], [5.6112643, 6.457628], [5.6132702, 6.4550118], [5.6165014, 6.4514227], [5.616865, 6.4510339], [5.6179175, 6.4497394], [5.6213823, 6.4458529], [5.6233956, 6.4434804], [5.6279398, 6.4384254], [5.6316203, 6.4339524], [5.6376631, 6.4278454], [5.6408163, 6.428126], [5.642067, 6.4276715], [5.6427564, 6.4278128], [5.6449581, 6.4280918], [5.650057, 6.4284324], [5.6541353, 6.4289211], [5.6582874, 6.4292238], [5.6622701, 6.4277136], [5.6658867, 6.4261703], [5.6659768, 6.4261686], [5.6695396, 6.4249037], [5.6730481, 6.4234496], [5.6763795, 6.4218891], [5.6777925, 6.4212539], [5.6842859, 6.4182465], [5.6863001, 6.4149296], [5.6881082, 6.4120387], [5.6916813, 6.4072344], [5.6948698, 6.4019943], [5.6973273, 6.3981277], [5.6984367, 6.3968539], [5.7041849, 6.3872358], [5.7071076, 6.3820195], [5.7073065, 6.381211], [5.7070192, 6.3795044], [5.706138, 6.3688966], [5.705675, 6.3648291], [5.7049091, 6.3547311], [5.7042631, 6.3501076], [5.7031838, 6.3439222], [5.702932, 6.3429791], [5.7015936, 6.343582], [5.7011232, 6.3437749], [5.7001422, 6.3441019]]}}, {"type": "Feature", "properties": {"category": "pipeline", "name": "Abudu to Auchi", "source": "Path.geojson", "stroke": "#ff8c00", "stroke-width": 2.6, "stroke-opacity": 1}, "geometry": {"type": "LineString", "coordinates": [[6.2619573, 7.0325871], [6.2663209, 7.0305832], [6.2667121, 7.0278752], [6.266567, 7.0277914], [6.2665045, 7.0277076], [6.2645751, 7.0256407], [6.263447, 7.0246065], [6.2633876, 7.0244857], [6.2618531, 7.0224987], [6.2618144, 7.0224398], [6.2617762, 7.0223614], [6.2616982, 7.0222831], [6.2616401, 7.0222048], [6.2591614, 7.018314], [6.2579716, 7.0143732], [6.2578889, 7.0122732], [6.25731, 7.0107748], [6.2572526, 7.0097837], [6.2571912, 7.0097208], [6.2570685, 7.0095743], [6.2570277, 7.0095116], [6.2569871, 7.0094281], [6.2560377, 7.0080827], [6.2550715, 7.0063162], [6.2549916, 7.0062761], [6.2548122, 7.0061758], [6.2547324, 7.0061357], [6.2535202, 7.0055567], [6.2521746, 7.001845], [6.2510641, 6.9981118], [6.2506948, 6.9968183], [6.2504184, 6.9952422], [6.2497864, 6.9944625], [6.2484608, 6.9932346], [6.2480872, 6.9925608], [6.2480604, 6.9919568], [6.2485792, 6.9897003], [6.2477097, 6.9856961], [6.2445821, 6.9758445], [6.2429371, 6.970506], [6.2379935, 6.9542821], [6.2319119, 6.934585], [6.2286422, 6.9236269], [6.2280829, 6.9192915], [6.2161961, 6.8798155], [6.1934759, 6.7915718], [6.1598407, 6.6923646], [6.1092434, 6.5786193], [6.0524472, 6.4451541], [6.0490022, 6.4311021], [6.0472377, 6.4088756], [6.0458474, 6.3871444], [6.0611544, 6.3480697], [6.028411, 6.3296127], [6.0190908, 6.3153319], [6.0106561, 6.2967338], [6.0047287, 6.2774614], [6.0014762, 6.2753401]]}}, {"type": "Feature", "properties": {"category": "pipeline", "name": "Enugu to Auchi", "source": "Path.geojson", "stroke": "#ff8c00", "stroke-width": 2.6, "stroke-opacity": 1}, "geometry": {"type": "LineString", "coordinates": [[7.6022554, 6.4746465], [7.5652597, 6.5858544], [7.5648206, 6.5868214], [7.5629659, 6.5882793], [7.560227, 6.5916783], [7.4793311, 6.6358238], [7.3410231, 6.6873054], [7.1901318, 6.785207], [6.9417261, 6.8527263], [6.7865684, 6.9200553], [6.5274051, 7.006329], [6.3977308, 7.0240295], [6.3655441, 7.0339778], [6.3265203, 7.03138], [6.2620167, 7.0325692]]}}, {"type": "Feature", "properties": {"category": "pipeline", "name": "Port Harcourt to Bonny", "source": "Port Harcourt to Bonny.geojson", "stroke": "#ff8c00", "stroke-width": 2.6, "stroke-opacity": 1}, "geometry": {"type": "LineString", "coordinates": [[7.1088319, 4.7644241], [7.1119563, 4.7639818], [7.1168112, 4.766468], [7.1217894, 4.7693129], [7.1263744, 4.7719488], [7.1303091, 4.7737059], [7.1303083, 4.7737717], [7.1326261, 4.7752202], [7.1362422, 4.7727081], [7.142736, 4.7686871], [7.1479122, 4.7654513], [7.1537323, 4.7618472], [7.15846, 4.7586834], [7.1634552, 4.7556975], [7.1673151, 4.7554526], [7.1799717, 4.7544912], [7.189719, 4.7533958], [7.2025093, 4.7520577], [7.2107854, 4.7505476], [7.2179828, 4.7474246], [7.2219692, 4.7441834], [7.2324167, 4.7347756], [7.2398874, 4.7255713], [7.2471965, 4.7178773], [7.2510067, 4.7168111], [7.2520797, 4.7089205], [7.2526697, 4.695352], [7.2522595, 4.6851351], [7.2521514, 4.6776808], [7.2519685, 4.6757453], [7.2496444, 4.6640095], [7.2492025, 4.6527667], [7.2508325, 4.6388332], [7.254252, 4.6306632], [7.2600576, 4.618104], [7.2626588, 4.6108315], [7.2624498, 4.6006478], [7.2628354, 4.594111], [7.2626279, 4.584048], [7.2626473, 4.5783252], [7.2624043, 4.5741049], [7.2617881, 4.56754], [7.2614837, 4.5608905], [7.2616543, 4.5559252], [7.2612389, 4.5518641], [7.259691, 4.5459385], [7.2582642, 4.541742], [7.2575154, 4.5378775], [7.2569922, 4.5358434], [7.2549218, 4.529783], [7.2516542, 4.515679], [7.2481042, 4.51002], [7.2451704, 4.5047774], [7.2406547, 4.4978478], [7.2370091, 4.4926332], [7.2329904, 4.4858395], [7.2295081, 4.4804127], [7.2271314, 4.4768344], [7.2246008, 4.4729339], [7.2207699, 4.466688], [7.2190465, 4.4639288], [7.2163453, 4.459913], [7.2141655, 4.456564], [7.213112, 4.4554964], [7.2096448, 4.4546894], [7.20545, 4.453135], [7.201509, 4.4521469], [7.197887, 4.4510981], [7.1950922, 4.4493055], [7.1895069, 4.4447617], [7.1853327, 4.44166], [7.1824366, 4.4390114], [7.1792585, 4.4365334], [7.1773319, 4.4356496], [7.1743239, 4.4375654], [7.17321, 4.4367409], [7.1699443, 4.4342136], [7.1669378, 4.4321409]]}}, {"type": "Feature", "properties": {"category": "pipeline", "name": "Port Harcourt to Enugu", "source": "Port Harcourt to Enugu.geojson", "stroke": "#ff8c00", "stroke-width": 2.6, "stroke-opacity": 1}, "geometry": {"type": "LineString", "coordinates": [[7.6022287, 6.4746828], [7.6032652, 6.4635156], [7.6043675, 6.4589993], [7.6028948, 6.4540521], [7.6011675, 6.4466753], [7.5997964, 6.441382], [7.5965712, 6.4277488], [7.5945395, 6.4099771], [7.5969849, 6.3989146], [7.5976926, 6.395488], [7.5939713, 6.3778367], [7.5594872, 6.2740644], [7.5579654, 6.2536033], [7.5548542, 6.2418986], [7.5564605, 6.2346602], [7.5570287, 6.1811895], [7.5505406, 6.1525167], [7.5495339, 6.1118211], [7.5452774, 6.0663636], [7.5366647, 6.0045876], [7.5248194, 5.9628199], [7.5032007, 5.8595572], [7.5025761, 5.8402504], [7.4960338, 5.8097649], [7.4699691, 5.6844329], [7.4642909, 5.6759936], [7.4614951, 5.650206], [7.4288628, 5.5683937], [7.4100208, 5.5346249], [7.3746406, 5.47254], [7.3537682, 5.4379341], [7.3271661, 5.3874089], [7.3296086, 5.2262689], [7.3325356, 5.1971199], [7.276319, 5.0757909], [7.2500095, 5.0208662], [7.2248118, 4.9756513], [7.2010863, 4.9327122], [7.193151, 4.9196224], [7.1974945, 4.9098323], [7.1809646, 4.8824335], [7.1680707, 4.8630385], [7.1582549, 4.8448393], [7.1532735, 4.8237476], [7.1394079, 4.7999428], [7.1207715, 4.770904], [7.1170527, 4.7666779], [7.1130251, 4.7621223], [7.1089805, 4.7655358]]}}, {"type": "Feature", "properties": {"category": "pipeline", "name": "Warri to Kaduna", "source": "Warri to Kaduna.kmz.geojson", "stroke": "#ff8c00", "stroke-width": 2.6, "stroke-opacity": 1}, "geometry": {"type": "LineString", "coordinates": [[5.7232477, 5.5628034], [5.7237518, 5.5629263], [5.7240167, 5.5633968], [5.7239668, 5.5644374], [5.7236972, 5.5647341], [5.7238814, 5.5648657], [5.7242055, 5.5663442], [5.7247879, 5.5674695], [5.7257875, 5.5688919], [5.7265574, 5.5691508], [5.7262893, 5.5694038], [5.7260646, 5.5699781], [5.7271411, 5.5713584], [5.7287631, 5.5735901], [5.7295654, 5.5738751], [5.732257, 5.5736764], [5.7349416, 5.5737438], [5.7401357, 5.5737737], [5.7440635, 5.5737497], [5.7511598, 5.5738096], [5.7555682, 5.5738704], [5.763066, 5.573761], [5.7673245, 5.5738867], [5.7728431, 5.5741102], [5.7741094, 5.574138], [5.7741742, 5.5741486], [5.7742386, 5.5741484], [5.7749472, 5.5739624], [5.7759856, 5.5739801], [5.7787107, 5.5739701], [5.7823092, 5.5739918], [5.7823616, 5.5739916], [5.7830352, 5.5742165], [5.7833972, 5.575376], [5.7832912, 5.5759401], [5.78302, 5.5771896], [5.782918, 5.5777398], [5.782909, 5.5786769], [5.782671, 5.5795684], [5.7826109, 5.5804455], [5.7825018, 5.5812558], [5.7823321, 5.5822826], [5.78204, 5.5836789], [5.7820578, 5.5841681], [5.7819685, 5.5846762], [5.7817134, 5.5850165], [5.7817651, 5.5858522], [5.7813746, 5.5868507], [5.7815697, 5.5877099], [5.7814475, 5.5880583], [5.7814975, 5.5888631], [5.7819345, 5.5889849], [5.7827245, 5.5891101], [5.7832575, 5.5903951], [5.7834545, 5.5912395], [5.7835536, 5.5920128], [5.7839708, 5.5928029], [5.7842489, 5.5932955], [5.784394, 5.5935139], [5.7847435, 5.594453], [5.7847824, 5.5948059], [5.7854021, 5.5966727], [5.785691, 5.5974374], [5.7857023, 5.5974702], [5.7859652, 5.5982318], [5.7861989, 5.5989088], [5.7862102, 5.5989202], [5.7869468, 5.6008561], [5.7871166, 5.6018119], [5.7881665, 5.6038877], [5.7885037, 5.6049365], [5.7887495, 5.6056232], [5.789312, 5.6069527], [5.7894864, 5.607333], [5.7897981, 5.6083502], [5.7900357, 5.6088172], [5.7903502, 5.6097597], [5.7904001, 5.6100882], [5.7905308, 5.6104194], [5.7907987, 5.611243], [5.7908967, 5.6114964], [5.7914284, 5.6129313], [5.7914635, 5.6133161], [5.7917481, 5.6139223], [5.7919865, 5.6143714], [5.7921749, 5.6148164], [5.7925058, 5.6157145], [5.7925818, 5.6159679], [5.7930943, 5.617426], [5.7937137, 5.6191809], [5.794384, 5.6208123], [5.7947506, 5.6219274], [5.7949408, 5.6222771], [5.7950169, 5.6226311], [5.795181, 5.6234154], [5.7956292, 5.6243395], [5.7958927, 5.6252457], [5.796231, 5.6260373], [5.7965439, 5.6269674], [5.7968075, 5.6277645], [5.7971474, 5.6286555], [5.7974835, 5.6295054], [5.797992, 5.6307979], [5.798179, 5.6315342], [5.7984224, 5.632108], [5.7986906, 5.6329402], [5.7988146, 5.6332878], [5.7993699, 5.6343641], [5.7996424, 5.6354777], [5.80013, 5.6365682], [5.8006055, 5.6380078], [5.8008378, 5.6388601], [5.8012157, 5.6396312], [5.8015288, 5.6406712], [5.8021111, 5.6419804], [5.8024961, 5.6431455], [5.8030111, 5.6441236], [5.8031536, 5.6448746], [5.8032561, 5.6453215], [5.8035922, 5.6459539], [5.8036971, 5.6462157], [5.8038159, 5.6465983], [5.8040785, 5.6474192], [5.8045292, 5.6483467], [5.8045928, 5.6487562], [5.8046789, 5.6493472], [5.8048647, 5.6498026], [5.8056738, 5.6505816], [5.8055826, 5.6511839], [5.8057976, 5.6520466], [5.8062306, 5.6532146], [5.8064151, 5.6537007], [5.8071224, 5.655412], [5.8074313, 5.6562904], [5.8077492, 5.6571263], [5.8080644, 5.6579153], [5.8085347, 5.6591114], [5.8086859, 5.6597683], [5.809107, 5.6606964], [5.8092977, 5.6611073], [5.8093619, 5.6614728], [5.8097674, 5.6624352], [5.8099344, 5.6629585], [5.8102262, 5.6637197], [5.8103378, 5.6640806], [5.8105673, 5.6645751], [5.8106715, 5.6649458], [5.8109182, 5.6653202], [5.811145, 5.6662997], [5.8113219, 5.6666092], [5.811445, 5.6669918], [5.8116264, 5.6675325], [5.8117527, 5.6679018], [5.8120785, 5.6686769], [5.8134343, 5.6722884], [5.8143941, 5.6748095], [5.8151714, 5.6766307], [5.8153439, 5.6772603], [5.8155436, 5.677838], [5.8161073, 5.6789564], [5.8162379, 5.6793345], [5.8165314, 5.6803778], [5.8167275, 5.6807401], [5.8171147, 5.6815761], [5.8174461, 5.6824456], [5.8179207, 5.6837354], [5.8180118, 5.6841849], [5.8184141, 5.6850643], [5.8187196, 5.6857171], [5.81907, 5.6866116], [5.8194495, 5.6873722], [5.8200368, 5.6891638], [5.8201269, 5.6894876], [5.8205541, 5.6904], [5.8207279, 5.6908491], [5.8211333, 5.6915915], [5.8213841, 5.6924939], [5.8220156, 5.6939239], [5.8222141, 5.6945359], [5.8225484, 5.6952353], [5.8229482, 5.6962846], [5.8233766, 5.6971045], [5.8236788, 5.6979788], [5.8240851, 5.6993978], [5.8242441, 5.6998244], [5.8244678, 5.7004286], [5.8246462, 5.7011853], [5.8248528, 5.7017549], [5.8253395, 5.7034479], [5.8253854, 5.7038657], [5.825515, 5.704521], [5.8257367, 5.7052112], [5.8258341, 5.7054806], [5.8259792, 5.7060267], [5.8260998, 5.7063032], [5.8261385, 5.7066345], [5.82623, 5.706948], [5.8263597, 5.7074776], [5.8265313, 5.7082887], [5.826616, 5.7086078], [5.8269441, 5.7096637], [5.8270517, 5.7102281], [5.8270949, 5.710508], [5.8272774, 5.7109081], [5.8273834, 5.7113254], [5.8275848, 5.7118204], [5.8277291, 5.7122612], [5.8277918, 5.7126456], [5.8278795, 5.7130594], [5.8281131, 5.7138243], [5.8282218, 5.7143701], [5.8284374, 5.7147746], [5.8286796, 5.7157047], [5.8288752, 5.7163028], [5.8290165, 5.7170593], [5.8291688, 5.7174601], [5.8292715, 5.71792], [5.8293279, 5.7182666], [5.8293888, 5.7187162], [5.8295617, 5.7192165], [5.8297557, 5.7196448], [5.8298083, 5.7200792], [5.8301052, 5.7209411], [5.8303656, 5.7218499], [5.8305194, 5.722809], [5.8308548, 5.723628], [5.8310779, 5.7244279], [5.8313693, 5.7252609], [5.8315663, 5.7260528], [5.8318353, 5.7271912], [5.8319552, 5.7277312], [5.8322317, 5.7287811], [5.8323319, 5.7292665], [5.8324155, 5.7296175], [5.8325426, 5.7299244], [5.8326737, 5.7305111], [5.8328352, 5.7310822], [5.8329131, 5.7313757], [5.8331114, 5.7323445], [5.8334452, 5.7330724], [5.8334905, 5.7335222], [5.8335711, 5.7337227], [5.8336453, 5.7340421], [5.8337106, 5.7343972], [5.8338121, 5.7348439], [5.8339957, 5.735419], [5.8340938, 5.7356992], [5.8342728, 5.7363241], [5.8343392, 5.736589], [5.834402, 5.7370197], [5.8345495, 5.7375747], [5.8347779, 5.7383574], [5.8350045, 5.7392458], [5.8355833, 5.7390808], [5.8355553, 5.7395954], [5.8354512, 5.7400155], [5.8354304, 5.7402724], [5.8353838, 5.7404924], [5.8352804, 5.7412525], [5.835185, 5.7418334], [5.8351588, 5.7421912], [5.8355025, 5.7418741], [5.8359723, 5.7416844], [5.8360081, 5.7425712], [5.8361958, 5.7434606], [5.8364311, 5.7443294], [5.8367167, 5.74521], [5.8369092, 5.7461266], [5.8371153, 5.7469952], [5.8375053, 5.7482387], [5.8378233, 5.7492272], [5.8381218, 5.7500261], [5.8383184, 5.7509372], [5.8386806, 5.75172], [5.8388061, 5.7526827], [5.8390904, 5.7535543], [5.8391171, 5.7536416], [5.8394236, 5.7544048], [5.8396416, 5.7552439], [5.8398244, 5.7561638], [5.8400616, 5.7570001], [5.8400747, 5.7570243], [5.8403269, 5.7578449], [5.8405494, 5.7586728], [5.8405629, 5.7586982], [5.8408018, 5.7595337], [5.8411229, 5.7604791], [5.841356, 5.761353], [5.8414888, 5.7622626], [5.8418148, 5.7630974], [5.8420179, 5.7639659], [5.8422298, 5.7649047], [5.8424495, 5.7655931], [5.8426349, 5.7659423], [5.8427102, 5.7666157], [5.842914, 5.767441], [5.8432049, 5.7682858], [5.8434579, 5.7691811], [5.8435168, 5.7695569], [5.843519, 5.7695867], [5.8441023, 5.7718142], [5.844397, 5.7726471], [5.8446777, 5.773626], [5.844882, 5.7743105], [5.8453172, 5.7758674], [5.8455891, 5.7767298], [5.8457183, 5.7776225], [5.8459532, 5.7784687], [5.8461423, 5.7793595], [5.8461539, 5.7793807], [5.84643, 5.7801989], [5.8464532, 5.7802316], [5.8465827, 5.780638], [5.8465845, 5.7806712], [5.8467618, 5.7811278], [5.8470943, 5.7819336], [5.8473521, 5.7828661], [5.8476221, 5.7837277], [5.8479159, 5.7846863], [5.8480923, 5.7848983], [5.8482928, 5.7852634], [5.8485926, 5.7861355], [5.8487287, 5.7866823], [5.8488485, 5.7871555], [5.8504772, 5.7912516], [5.8509224, 5.7921788], [5.851118, 5.7929726], [5.8513505, 5.7937756], [5.8517882, 5.7946762], [5.8521012, 5.795511], [5.8521139, 5.7955453], [5.8524228, 5.7963791], [5.8526118, 5.7971744], [5.8526484, 5.7972223], [5.8528768, 5.7976453], [5.8530486, 5.7980368], [5.8533574, 5.798922], [5.8536537, 5.7997007], [5.8540761, 5.800538], [5.8543466, 5.8014108], [5.8547008, 5.8023401], [5.854989, 5.803044], [5.8549895, 5.803055], [5.8553292, 5.8040222], [5.8556635, 5.8047287], [5.8559116, 5.8055809], [5.8562086, 5.8064064], [5.8565606, 5.8072769], [5.8568751, 5.80817], [5.857186, 5.8089895], [5.8573786, 5.8096556], [5.8575433, 5.8100683], [5.8579035, 5.8107351], [5.8581451, 5.8115054], [5.8584855, 5.8123853], [5.8588425, 5.8134186], [5.8590829, 5.8140613], [5.8595014, 5.8149247], [5.8598112, 5.8157602], [5.8600826, 5.8166293], [5.860464, 5.8174049], [5.860759, 5.818353], [5.8610142, 5.8192258], [5.8613727, 5.8200272], [5.8616498, 5.8208606], [5.8619568, 5.8217147], [5.8623211, 5.822641], [5.8625051, 5.823372], [5.8627386, 5.8239995], [5.8628395, 5.8243107], [5.863186, 5.8251176], [5.8631978, 5.825159], [5.8632811, 5.825461], [5.863562, 5.8259242], [5.8639159, 5.8267626], [5.8641819, 5.827646], [5.8646719, 5.8284609], [5.8649687, 5.8292264], [5.8652859, 5.8300457], [5.8655979, 5.8308606], [5.8660054, 5.8317959], [5.8663343, 5.8326533], [5.8667378, 5.8333741], [5.8671014, 5.8342035], [5.867445, 5.8350869], [5.867825, 5.8359087], [5.8680962, 5.8367634], [5.8681078, 5.8367744], [5.8684428, 5.8375153], [5.8692483, 5.8393227], [5.8695278, 5.8400984], [5.8695527, 5.8401228], [5.8695943, 5.8402087], [5.8698223, 5.8405916], [5.8702175, 5.8416391], [5.8704926, 5.842574], [5.8707877, 5.8434166], [5.8711426, 5.8442644], [5.8714845, 5.8451146], [5.8714871, 5.8451461], [5.8717899, 5.8459557], [5.8720997, 5.8468972], [5.8721465, 5.847053], [5.872452, 5.8477519], [5.8726964, 5.8485712], [5.8730606, 5.8491953], [5.8730787, 5.8493744], [5.8732072, 5.8497472], [5.8733777, 5.8501852], [5.8737613, 5.8510906], [5.8739638, 5.8518791], [5.874425, 5.8526317], [5.874712, 5.8535482], [5.8747243, 5.8535776], [5.8750329, 5.8544198], [5.8754051, 5.8553163], [5.8758566, 5.8560474], [5.8758593, 5.8560792], [5.8760795, 5.8568834], [5.8763727, 5.85773], [5.8765783, 5.8582917], [5.8767928, 5.8586903], [5.8772827, 5.8602393], [5.8772977, 5.8602753], [5.8780631, 5.8619744], [5.8783121, 5.8628437], [5.8789575, 5.8645748], [5.8789594, 5.8646053], [5.8795025, 5.8659658], [5.8802044, 5.8674416], [5.8805591, 5.8686984], [5.8812259, 5.8704259], [5.8818003, 5.8721305], [5.8828586, 5.8746564], [5.8828603, 5.8747088], [5.8837342, 5.8771689], [5.8851843, 5.880592], [5.8857781, 5.8822827], [5.8864281, 5.8841691], [5.8864603, 5.8842108], [5.8870626, 5.8856307], [5.887097, 5.8857181], [5.8877322, 5.8873216], [5.8887082, 5.8898124], [5.8892949, 5.891588], [5.8900342, 5.8936678], [5.8909976, 5.895826], [5.8915473, 5.8974407], [5.8929067, 5.9007607], [5.8935749, 5.9024896], [5.8942001, 5.9041679], [5.895246, 5.9067205], [5.8958916, 5.908403], [5.8968147, 5.9109101], [5.8974911, 5.9125583], [5.8987825, 5.9159851], [5.8999682, 5.9194093], [5.9014407, 5.9232041], [5.902579, 5.9262901], [5.904253, 5.930437], [5.9042689, 5.9305093], [5.904773, 5.932076], [5.9055946, 5.933764], [5.9055941, 5.9338138], [5.9056238, 5.9339333], [5.9061796, 5.9353834], [5.9062006, 5.9355092], [5.9067859, 5.9372001], [5.9081366, 5.9405092], [5.9084619, 5.9414115], [5.908499, 5.9414866], [5.9085495, 5.9416123], [5.9086117, 5.9417384], [5.9090809, 5.9430256], [5.9100791, 5.945565], [5.9100777, 5.9456275], [5.9109842, 5.9483428], [5.911006, 5.9483767], [5.9122841, 5.9515099], [5.9134318, 5.9543876], [5.9134621, 5.9544503], [5.9145127, 5.9574775], [5.9156112, 5.9598187], [5.9161359, 5.9616383], [5.917793, 5.9659092], [5.9177915, 5.9659637], [5.9178006, 5.9660291], [5.919065, 5.9693886], [5.9201313, 5.9717711], [5.9213241, 5.9751789], [5.9226482, 5.9785611], [5.9236817, 5.9812707], [5.9239927, 5.9818228], [5.9249631, 5.9841394], [5.9254269, 5.9861153], [5.9260128, 5.9891026], [5.9264403, 5.9909181], [5.9266577, 5.992682], [5.9274786, 5.9955473], [5.9291145, 6.0004547], [5.930356, 6.0038074], [5.9314845, 6.0073707], [5.9326319, 6.0107656], [5.933358, 6.0124383], [5.9338977, 6.0142361], [5.9346978, 6.0168676], [5.9356233, 6.0192139], [5.936627, 6.0225514], [5.9376168, 6.025256], [5.9384289, 6.0277236], [5.9396125, 6.0310665], [5.9403921, 6.0337806], [5.9412224, 6.0356], [5.9419098, 6.0379671], [5.9426977, 6.0405592], [5.9432912, 6.0423079], [5.9438614, 6.0440545], [5.9443025, 6.0451767], [5.9445153, 6.0457388], [5.9453576, 6.048368], [5.945702, 6.0492275], [5.9462081, 6.0509855], [5.9468898, 6.0525699], [5.9472199, 6.0535241], [5.9480301, 6.0560098], [5.9487496, 6.058056], [5.9492607, 6.0594347], [5.9498166, 6.0612069], [5.9499734, 6.0616246], [5.9502134, 6.0623503], [5.9509085, 6.0645692], [5.9520264, 6.0680491], [5.9529743, 6.0705781], [5.9547649, 6.0756689], [5.9562024, 6.0799537], [5.9579836, 6.0846348], [5.9585214, 6.0862898], [5.9590513, 6.088004], [5.9593807, 6.088978], [5.9602879, 6.0915198], [5.9608358, 6.0932088], [5.9623691, 6.0975031], [5.9629809, 6.0990535], [5.9635111, 6.1008719], [5.9639688, 6.102223], [5.9650834, 6.1051763], [5.9662794, 6.1085553], [5.9668545, 6.1102287], [5.9674244, 6.1119634], [5.9691866, 6.1170874], [5.9697354, 6.1187802], [5.9697614, 6.1188351], [5.9698002, 6.1189122], [5.9711556, 6.1231171], [5.9718343, 6.1247803], [5.9723916, 6.1265148], [5.9729456, 6.1281864], [5.973602, 6.1298674], [5.9747421, 6.1335055], [5.9753315, 6.1353496], [5.9762867, 6.1378612], [5.9768748, 6.1398778], [5.9777215, 6.1422232], [5.9789428, 6.1455087], [5.979661, 6.1473108], [5.9804136, 6.1493281], [5.9807472, 6.1502708], [5.9813864, 6.1519714], [5.982875, 6.1555956], [5.984247, 6.1588778], [5.9858861, 6.162488], [5.9875833, 6.1663429], [5.9888789, 6.1687818], [5.9891621, 6.1711413], [5.9896712, 6.1753952], [5.9899649, 6.1779194], [5.9903302, 6.1806714], [5.9907135, 6.1839526], [5.9912119, 6.1876706], [5.9914883, 6.1904199], [5.9918781, 6.1934274], [5.9922299, 6.1966181], [5.9924793, 6.1993093], [5.9929866, 6.2029433], [5.9931609, 6.2046871], [5.9936155, 6.2088061], [5.9940857, 6.2129636], [5.9944088, 6.2157581], [5.9947476, 6.2187772], [5.9951682, 6.2226145], [5.9955999, 6.2263565], [5.9957663, 6.227515], [5.995958, 6.2288313], [5.9965882, 6.2349178], [5.9969824, 6.2385081], [5.9977227, 6.2445877], [5.9978358, 6.2461754], [5.9979289, 6.2475975], [5.9981483, 6.2494152], [5.9990322, 6.2568905], [5.9998111, 6.26406], [6.0003623, 6.2686624], [6.0008726, 6.272824], [6.0011832, 6.2759756], [6.0011865, 6.2760213], [6.001748, 6.2803571], [6.0026316, 6.2837054], [6.0036887, 6.287686], [6.0047199, 6.2917647], [6.0047233, 6.2918215], [6.0047426, 6.2919581], [6.0060039, 6.296293], [6.0072305, 6.3007178], [6.0072584, 6.3007975], [6.0084337, 6.3052684], [6.0094261, 6.3089406], [6.0108783, 6.3143264], [6.0116412, 6.3173521], [6.0125073, 6.3206675], [6.0134785, 6.3240971], [6.0153506, 6.3308186], [6.0161483, 6.333963], [6.0171004, 6.3381246], [6.01813, 6.3416853], [6.0187114, 6.3438172], [6.0197098, 6.3476206], [6.0206927, 6.3510057], [6.0218714, 6.3554472], [6.0227458, 6.3585964], [6.0238959, 6.3626807], [6.0248569, 6.3663353], [6.0254176, 6.3685017], [6.0264218, 6.3719705], [6.0275083, 6.3763694], [6.0275309, 6.376394], [6.0275649, 6.3764309], [6.0291463, 6.3820229], [6.0297672, 6.3846669], [6.0310844, 6.3894697], [6.0311303, 6.3895512], [6.0321786, 6.393244], [6.0334831, 6.3982011], [6.034869, 6.4028337], [6.0361624, 6.4075655], [6.0372486, 6.4114791], [6.0388838, 6.4174605], [6.0388878, 6.417519], [6.039684, 6.4207434], [6.0402452, 6.4225864], [6.0403201, 6.4226375], [6.0419471, 6.424211], [6.0423687, 6.4263969], [6.042429, 6.4289239], [6.0426021, 6.4314649], [6.0438589, 6.4359795], [6.0443308, 6.4378001], [6.0453827, 6.441748], [6.0464833, 6.4455394], [6.0480526, 6.450271], [6.048051, 6.45033], [6.0487716, 6.4522959], [6.0492576, 6.4535155], [6.0503459, 6.456622], [6.0513292, 6.4595549], [6.052202, 6.4620046], [6.0527215, 6.4634675], [6.0540424, 6.4671179], [6.0545031, 6.4685875], [6.0552034, 6.4704818], [6.055643, 6.4715006], [6.056027, 6.4723984], [6.0568285, 6.4751904], [6.0578844, 6.4780563], [6.0586688, 6.4800941], [6.0587035, 6.4801193], [6.0591078, 6.4814215], [6.0602793, 6.4843137], [6.0609677, 6.4853781], [6.0615805, 6.4864562], [6.0612992, 6.4874228], [6.0618119, 6.488619], [6.0618232, 6.488631], [6.0624122, 6.4901852], [6.0631868, 6.4923191], [6.0637176, 6.494011], [6.0637279, 6.4940321], [6.0644844, 6.4960427], [6.0644952, 6.4960763], [6.064495, 6.4961326], [6.0645168, 6.4961775], [6.0649597, 6.4974043], [6.0649598, 6.4974394], [6.0649602, 6.4975685], [6.0649604, 6.4976391], [6.0657343, 6.5000132], [6.0662862, 6.5013745], [6.0670053, 6.5033788], [6.0670256, 6.5034198], [6.0670564, 6.5034608], [6.0671382, 6.5036048], [6.0678351, 6.5057383], [6.0678567, 6.5058046], [6.0685341, 6.5077969], [6.0694384, 6.5104679], [6.0699137, 6.5117194], [6.0707961, 6.5143152], [6.0708086, 6.5143994], [6.071801, 6.5171782], [6.0718371, 6.5172585], [6.0727515, 6.5196379], [6.0727527, 6.5196626], [6.0735173, 6.5215496], [6.0754665, 6.5255852], [6.0776433, 6.5303505], [6.0790783, 6.5332075], [6.0791062, 6.53336], [6.0797454, 6.5350036], [6.0797658, 6.5350955], [6.0797868, 6.5351645], [6.0806113, 6.5366589], [6.0806224, 6.5366951], [6.0817373, 6.5390244], [6.0820183, 6.5397798], [6.0832964, 6.5424829], [6.0833261, 6.5425444], [6.0833456, 6.5425958], [6.0833649, 6.5426576], [6.0841269, 6.5443942], [6.0847895, 6.5458285], [6.0848224, 6.5458739], [6.0848443, 6.5459194], [6.0848552, 6.5459651], [6.0857453, 6.5477454], [6.0857464, 6.5478541], [6.0857473, 6.547951], [6.0857595, 6.5480359], [6.0864678, 6.5492827], [6.0864799, 6.5493078], [6.087039, 6.5506549], [6.0882919, 6.5530572], [6.0882918, 6.5530992], [6.0883022, 6.5532151], [6.0886678, 6.5544838], [6.0895856, 6.5562153], [6.0896315, 6.5562962], [6.089655, 6.5563657], [6.0902027, 6.5577268], [6.0912426, 6.5595731], [6.0916493, 6.5605676], [6.0928276, 6.5630243], [6.0938711, 6.5652721], [6.0938698, 6.5653414], [6.0938791, 6.5654456], [6.0950138, 6.5665724], [6.0958564, 6.5680258], [6.0968913, 6.5696201], [6.0983211, 6.5718662], [6.0994528, 6.573818], [6.1006783, 6.5758582], [6.1006785, 6.5758816], [6.101971, 6.5780297], [6.1025647, 6.5794282], [6.1036506, 6.5818987], [6.104696, 6.5839559], [6.1047277, 6.5840238], [6.1059461, 6.5867089], [6.105969, 6.586758], [6.1070288, 6.588778], [6.1080046, 6.5911541], [6.1080145, 6.5911964], [6.1080348, 6.5912494], [6.1100482, 6.5957042], [6.111477, 6.5983859], [6.1125996, 6.600807], [6.1137509, 6.6034055], [6.1137841, 6.6034282], [6.1150049, 6.6059656], [6.1160866, 6.6081522], [6.1176541, 6.6118127], [6.1187782, 6.614196], [6.120314, 6.617453], [6.1211763, 6.6193554], [6.1226881, 6.6224161], [6.1226913, 6.622459], [6.1239292, 6.6251312], [6.125645, 6.6288676], [6.1266207, 6.6306603], [6.1274161, 6.6324434], [6.1284032, 6.6345374], [6.1284289, 6.6345952], [6.1294271, 6.6368454], [6.1302629, 6.6386083], [6.1316342, 6.6415338], [6.1329787, 6.6445119], [6.133984, 6.6466438], [6.1348994, 6.6486156], [6.1362444, 6.6514783], [6.1365245, 6.6520487], [6.137571, 6.6543904], [6.1382478, 6.6556853], [6.1396376, 6.6588349], [6.140875, 6.661239], [6.1408977, 6.6612906], [6.1409762, 6.6614253], [6.1421777, 6.6642571], [6.1438698, 6.6676387], [6.1445089, 6.6690955], [6.1462568, 6.6729866], [6.1462584, 6.6730512], [6.1462608, 6.6731482], [6.1477131, 6.6760308], [6.1486717, 6.6780539], [6.1494007, 6.6796233], [6.1503548, 6.6816828], [6.1503663, 6.6817041], [6.1511161, 6.6832305], [6.1511316, 6.6833201], [6.1518309, 6.6845742], [6.1529283, 6.6872079], [6.1536308, 6.6885639], [6.1551705, 6.691804], [6.1565305, 6.6951196], [6.157573, 6.6970395], [6.1578674, 6.6980352], [6.159406, 6.7034533], [6.160157, 6.7059345], [6.1611377, 6.7088766], [6.1624952, 6.7134827], [6.1629143, 6.7153362], [6.1639871, 6.71908], [6.1653467, 6.7236115], [6.1659032, 6.7257255], [6.167403, 6.7305377], [6.1674022, 6.730561], [6.1685264, 6.7340154], [6.1693742, 6.7363293], [6.1703629, 6.7384851], [6.1703617, 6.7385276], [6.172307, 6.7434626], [6.1734214, 6.7462817], [6.175373, 6.7509887], [6.1768566, 6.7551957], [6.1768973, 6.7552672], [6.1771015, 6.7560396], [6.1779296, 6.7589842], [6.1785798, 6.7610954], [6.1793449, 6.7635259], [6.1798088, 6.7655234], [6.1807069, 6.7676806], [6.1810979, 6.769163], [6.1811286, 6.7692377], [6.1817467, 6.7715847], [6.1823442, 6.7734414], [6.1833724, 6.7768209], [6.1834198, 6.7769254], [6.1834572, 6.7770187], [6.1842186, 6.7795626], [6.1842392, 6.7796148], [6.1842917, 6.7797327], [6.1843235, 6.7797984], [6.1851667, 6.7828968], [6.1863513, 6.786781], [6.1875688, 6.7904382], [6.188332, 6.7933579], [6.1891238, 6.795482], [6.1896727, 6.7974272], [6.190279, 6.7994622], [6.1912743, 6.8027308], [6.191908, 6.8045366], [6.1919431, 6.8047928], [6.1933117, 6.8091594], [6.1945403, 6.8131436], [6.1952618, 6.8158588], [6.1961248, 6.8186417], [6.1969454, 6.8208782], [6.1978583, 6.8241305], [6.1983896, 6.825981], [6.1990292, 6.8278597], [6.2001295, 6.831359], [6.20068, 6.8333341], [6.2010863, 6.8348639], [6.2016343, 6.8365535], [6.2024226, 6.8387484], [6.2029923, 6.8408087], [6.2039692, 6.844234], [6.2045722, 6.8460858], [6.2058015, 6.8500622], [6.207068, 6.8540303], [6.2078568, 6.8566241], [6.2086952, 6.8594158], [6.2096166, 6.8624833], [6.2106932, 6.8658416], [6.2116029, 6.868935], [6.2132434, 6.8745341], [6.2138281, 6.8764396], [6.2144232, 6.8782498], [6.2152798, 6.8813151], [6.2155393, 6.8822883], [6.2157188, 6.8825995], [6.2158085, 6.8829286], [6.2159887, 6.8832213], [6.2160619, 6.8838607], [6.2162204, 6.8842349], [6.2163736, 6.8845582], [6.2164941, 6.8849003], [6.216875, 6.8862241], [6.2169964, 6.886636], [6.2170741, 6.8870441], [6.2170838, 6.8871148], [6.2172733, 6.8877608], [6.2175008, 6.8884126], [6.2180881, 6.8902133], [6.2183851, 6.8913143], [6.2186008, 6.8924362], [6.2188161, 6.8929174], [6.2189166, 6.8937097], [6.2192159, 6.8942092], [6.2193988, 6.8950961], [6.2194782, 6.895361], [6.219707, 6.8959832], [6.2197325, 6.8966606], [6.2200129, 6.8972058], [6.2200511, 6.8973949], [6.2202881, 6.8978414], [6.2204009, 6.898297], [6.2207024, 6.8991391], [6.2208371, 6.8997175], [6.2211225, 6.9002375], [6.2212024, 6.9005958], [6.2213132, 6.9011505], [6.2214908, 6.9018079], [6.2218617, 6.9028283], [6.2222786, 6.9043479], [6.2223056, 6.9044114], [6.2228459, 6.9059707], [6.2230347, 6.9067231], [6.2239439, 6.9094279], [6.224916, 6.9127457], [6.2257989, 6.9157275], [6.2264397, 6.9176231], [6.2272015, 6.918539], [6.2276002, 6.9193151], [6.227704, 6.9198305], [6.227913, 6.9208551], [6.2281057, 6.9224561], [6.2282614, 6.9236809], [6.2285667, 6.9249356], [6.2289371, 6.9267999], [6.229565, 6.9285753], [6.2300489, 6.9299809], [6.2308006, 6.9319758], [6.2319613, 6.9360336], [6.2327359, 6.9386305], [6.2333869, 6.940618], [6.2346309, 6.9446], [6.2352952, 6.947073], [6.2370291, 6.9523785], [6.238142, 6.9558129], [6.2390084, 6.9589348], [6.2404769, 6.9635657], [6.2410114, 6.965638], [6.242322, 6.9696552], [6.2426696, 6.9711151], [6.242692, 6.9711918], [6.2427297, 6.9715204], [6.2438606, 6.975199], [6.2439305, 6.9753734], [6.2439817, 6.9755489], [6.2449543, 6.9788978], [6.2454014, 6.9800813], [6.2458907, 6.9818028], [6.2468821, 6.9853998], [6.2469321, 6.9854342], [6.247399, 6.9861677], [6.2476164, 6.9874159], [6.2482401, 6.9895754], [6.2481734, 6.9906233], [6.2481373, 6.9907466], [6.2477672, 6.9930041], [6.2494986, 6.9945723], [6.2495776, 6.9946181], [6.2503158, 6.9956458], [6.2509939, 6.9989602], [6.2521999, 7.0026037], [6.2522665, 7.0027666], [6.2533848, 7.00612], [6.2537615, 7.0073992], [6.2537807, 7.0074624], [6.2538377, 7.0075678], [6.2538954, 7.0077162], [6.2550068, 7.0093684], [6.2550675, 7.0094802], [6.2558902, 7.0108498], [6.2554639, 7.0127994], [6.256004, 7.0147523], [6.2581497, 7.02161], [6.2591517, 7.0249759], [6.2604112, 7.0283204], [6.263607, 7.0393062], [6.2650658, 7.0403261], [6.2681983, 7.042064], [6.2717475, 7.049567], [6.2724144, 7.0514909], [6.2725588, 7.0513864], [6.2725637, 7.051442], [6.2725719, 7.0515349], [6.272815, 7.053275], [6.2728652, 7.0534326], [6.2728921, 7.0535315], [6.2732203, 7.0551162], [6.2746672, 7.056623], [6.2747125, 7.0566883], [6.2770239, 7.0586575], [6.2770958, 7.05875], [6.2778694, 7.0597125], [6.27792, 7.0597841], [6.2784757, 7.0609011], [6.2785611, 7.06299], [6.2774456, 7.0715182], [6.2772469, 7.0769916], [6.2794558, 7.0833125], [6.2794929, 7.0834496], [6.2795116, 7.0835282], [6.2818146, 7.0886045], [6.2818994, 7.0887654], [6.2828493, 7.0900555], [6.2852189, 7.0923985], [6.2888364, 7.0955458], [6.2915277, 7.0985239], [6.2932939, 7.1017674], [6.2943991, 7.1037652], [6.2963312, 7.108772], [6.2963527, 7.1088839], [6.2973798, 7.1158565], [6.2979227, 7.1195452], [6.2995299, 7.1233489], [6.3003481, 7.126182], [6.3004055, 7.1262803], [6.3009951, 7.1278344], [6.302937, 7.1294377], [6.3067846, 7.1305446], [6.3087167, 7.1332978], [6.310312, 7.1351661], [6.3108444, 7.1358638], [6.3135477, 7.137099], [6.3150751, 7.1380805], [6.3177254, 7.1406384], [6.3191469, 7.1420299], [6.3192765, 7.14212], [6.3211681, 7.1427518], [6.3226262, 7.1442108], [6.3268493, 7.1463497], [6.3286853, 7.148009], [6.3294107, 7.1499193], [6.3296687, 7.1526611], [6.3286266, 7.1547949], [6.3285982, 7.1590531], [6.3281934, 7.1629846], [6.3279352, 7.1646155], [6.3288111, 7.1686182], [6.330015, 7.1735599], [6.330321, 7.1781965], [6.3317905, 7.1820954], [6.3322215, 7.1858382], [6.332258, 7.1879628], [6.3322685, 7.1881415], [6.3323524, 7.1899019], [6.3333429, 7.1920708], [6.3340386, 7.1933256], [6.3350071, 7.1953608], [6.3359164, 7.1967674], [6.3373406, 7.1994167], [6.3373584, 7.1998687], [6.3368569, 7.2024151], [6.3361207, 7.2042512], [6.3351464, 7.2075126], [6.3342505, 7.2102328], [6.3328082, 7.2141728], [6.3327952, 7.2142304], [6.3323999, 7.2148734], [6.331751, 7.2173868], [6.3311245, 7.2212327], [6.3320071, 7.2240242], [6.3347054, 7.2268333], [6.337655, 7.2287179], [6.339164, 7.230267], [6.3407076, 7.2316288], [6.3426961, 7.2345573], [6.3438138, 7.2370974], [6.3438825, 7.2371826], [6.3452556, 7.2403949], [6.3453852, 7.240528], [6.3456631, 7.2448278], [6.3454467, 7.2475419], [6.3446869, 7.2508798], [6.3439962, 7.2547175], [6.3442336, 7.256624], [6.3468428, 7.260679], [6.3503343, 7.2663874], [6.3509211, 7.2699372], [6.3522113, 7.2729598], [6.3541189, 7.2771469], [6.3540511, 7.2789993], [6.354091, 7.2802186], [6.3546059, 7.2823726], [6.3546316, 7.2841983], [6.3565901, 7.2881754], [6.3596498, 7.2939704], [6.3634846, 7.3007606], [6.3663063, 7.3043075], [6.370276, 7.3113241], [6.37114, 7.3134937], [6.3720912, 7.3183089], [6.3739257, 7.3246402], [6.3747402, 7.3285694], [6.3759804, 7.3310014], [6.3757615, 7.3305147], [6.3789182, 7.3328443], [6.3805287, 7.3350741], [6.3823359, 7.3369641], [6.3851557, 7.3380958], [6.3879033, 7.3394175], [6.3905138, 7.3446625], [6.3908391, 7.3461386], [6.3906118, 7.3510578], [6.3901295, 7.3524787], [6.3863366, 7.35595], [6.3834765, 7.3582347], [6.3826128, 7.3600619], [6.3816213, 7.362511], [6.3821833, 7.3647524], [6.3826012, 7.3673626], [6.3839673, 7.3710704], [6.3845551, 7.3727178], [6.3869838, 7.3785988], [6.388928, 7.3836627], [6.3904701, 7.3878336], [6.3930592, 7.3942992], [6.3945871, 7.398704], [6.3979196, 7.4077862], [6.3980133, 7.4080062], [6.3980586, 7.4080946], [6.3981076, 7.4082277], [6.3981568, 7.4083613], [6.4028199, 7.4205393], [6.4050571, 7.426478], [6.407918, 7.434049], [6.4103812, 7.4409485], [6.4132254, 7.4482639], [6.415302, 7.4537865], [6.4161203, 7.4561976], [6.4194374, 7.464647], [6.4217682, 7.471327], [6.424473, 7.4785846], [6.4285305, 7.4891571], [6.4296177, 7.4924378], [6.4312755, 7.5030985], [6.4318708, 7.5084951], [6.4331489, 7.5183057], [6.4325775, 7.5205326], [6.4326726, 7.520683], [6.4337872, 7.5224284], [6.4344453, 7.527595], [6.4362493, 7.5400387], [6.4362832, 7.5402184], [6.437028, 7.5447879], [6.4384798, 7.5563462], [6.4390307, 7.5595418], [6.4397899, 7.5659225], [6.4394119, 7.5699414], [6.4397834, 7.572823], [6.440226, 7.5750716], [6.4416704, 7.5758721], [6.442442, 7.5787928], [6.4434662, 7.5844051], [6.4460515, 7.5967895], [6.4467968, 7.6009253], [6.4486755, 7.6104317], [6.448705, 7.6105483], [6.448782, 7.610759], [6.4508107, 7.6217848], [6.4516427, 7.6262148], [6.4521605, 7.6291963], [6.4521706, 7.6293729], [6.4515611, 7.6326485], [6.4521822, 7.6351075], [6.4542784, 7.6416499], [6.4543341, 7.6416906], [6.4549648, 7.6477976], [6.4539956, 7.6499856], [6.4527647, 7.653689], [6.4542938, 7.6568933], [6.4557574, 7.6586972], [6.4558453, 7.6588834], [6.4570077, 7.6625754], [6.4582069, 7.6711227], [6.4587263, 7.6753734], [6.4598416, 7.6829579], [6.4598513, 7.683092], [6.4598979, 7.683204], [6.4606546, 7.6854054], [6.461231, 7.6872229], [6.4618655, 7.6894845], [6.4684776, 7.6963339], [6.4713295, 7.6995298], [6.4713892, 7.6996093], [6.474229, 7.7042491], [6.4757849, 7.7066228], [6.4790583, 7.7126238], [6.4835735, 7.7191679], [6.4836925, 7.719327], [6.4871049, 7.7241606], [6.4888893, 7.7266608], [6.4889285, 7.726703], [6.4921582, 7.7291708], [6.4922185, 7.7291933], [6.4923196, 7.7292385], [6.4985005, 7.7345936], [6.5043878, 7.7459097], [6.5068583, 7.7519341], [6.5103699, 7.7608653], [6.5112388, 7.7632707], [6.5104201, 7.7647475], [6.511082, 7.7663565], [6.5131375, 7.7712224], [6.5147457, 7.7742862], [6.5165101, 7.776148], [6.5189316, 7.7809205], [6.5225225, 7.788911], [6.525345, 7.7929681], [6.5338401, 7.8006919], [6.5518923, 7.8160095], [6.5628971, 7.8255357], [6.5669819, 7.827202], [6.5721508, 7.8273882], [6.5763984, 7.8303063], [6.581518, 7.8337714], [6.5903777, 7.8401405], [6.5971013, 7.8450756], [6.6066516, 7.8515987], [6.6097494, 7.8542904], [6.6166805, 7.8591188], [6.6212005, 7.8621765], [6.6250473, 7.8648684], [6.6323554, 7.8702427], [6.6337293, 7.8710151], [6.634748, 7.8717344], [6.6414261, 7.8768289], [6.644538, 7.8788253], [6.6467042, 7.8803204], [6.6516504, 7.884084], [6.6528501, 7.8844966], [6.6548652, 7.8866192], [6.6555403, 7.8911102], [6.655786, 7.8923607], [6.656987, 7.8951227], [6.6562977, 7.8979692], [6.657036, 7.9054479], [6.6583468, 7.9164041], [6.6581932, 7.9181166], [6.6593257, 7.92251], [6.6600949, 7.9240309], [6.6610687, 7.9271042], [6.661106, 7.9280498], [6.6627835, 7.9357887], [6.6640775, 7.9416331], [6.6645342, 7.9439812], [6.6649138, 7.9470481], [6.6657683, 7.9587635], [6.666275, 7.9626386], [6.6677661, 7.9707663], [6.6688252, 7.9760746], [6.6696779, 7.9796713], [6.66981, 7.9798014], [6.6725537, 7.9872648], [6.6731427, 7.9896003], [6.6732114, 7.9908042], [6.6747573, 7.9957733], [6.6778337, 8.0079278], [6.6779988, 8.0088408], [6.6784206, 8.0093165], [6.678878, 8.0117746], [6.6788803, 8.0118124], [6.6794922, 8.0137982], [6.6797036, 8.0144684], [6.6883826, 8.0254897], [6.6899511, 8.0259292], [6.6902885, 8.0261432], [6.6921567, 8.0266337], [6.6922996, 8.026721], [6.6974082, 8.0287112], [6.7000552, 8.0294224], [6.7008886, 8.0295621], [6.7194257, 8.0326704], [6.7281299, 8.0389838], [6.7427507, 8.0513075], [6.7432162, 8.065916], [6.7453012, 8.0692024], [6.7476013, 8.0727029], [6.7498026, 8.0749964], [6.7640248, 8.0879497], [6.764093, 8.0878468], [6.7641249, 8.0877649], [6.7641553, 8.0876626], [6.7641539, 8.0876422], [6.7640846, 8.0877243], [6.7639817, 8.087868], [6.7638423, 8.088033], [6.7637199, 8.0881778], [6.763577, 8.0883025], [6.7634728, 8.088448], [6.7632761, 8.088636], [6.7631509, 8.0887618], [6.7630812, 8.0888666], [6.762902, 8.0890561], [6.7628352, 8.0892246], [6.7627659, 8.0893514], [6.7626246, 8.0895637], [6.7625717, 8.0896489], [6.7624454, 8.0897985], [6.7623912, 8.0898627], [6.7622846, 8.0900342], [6.7631786, 8.0912177], [6.7645086, 8.0948894], [6.7661734, 8.0976802], [6.7711689, 8.1036704], [6.7735562, 8.1066757], [6.7749943, 8.1086619], [6.7784224, 8.112539], [6.7800327, 8.1142484], [6.7828151, 8.1184364], [6.7844578, 8.1211851], [6.7834609, 8.128363], [6.7843848, 8.1310958], [6.7845893, 8.1324501], [6.7821595, 8.1367114], [6.7810838, 8.1424872], [6.7805965, 8.1460487], [6.7805808, 8.1461332], [6.7808923, 8.1500091], [6.7817279, 8.1525923], [6.784484, 8.1587504], [6.7869301, 8.1647405], [6.7878716, 8.1689703], [6.7891597, 8.1754561], [6.7897184, 8.177201], [6.7914463, 8.1803347], [6.7941516, 8.1850666], [6.7955501, 8.1900313], [6.7961155, 8.191832], [6.7966965, 8.1924368], [6.7978662, 8.1966457], [6.7990956, 8.1990704], [6.8016878, 8.2020459], [6.8071589, 8.2078614], [6.8090107, 8.2099756], [6.8143588, 8.2164252], [6.8149372, 8.2179554], [6.8152416, 8.2194923], [6.8180075, 8.2241203], [6.8196442, 8.2295977], [6.8201353, 8.2308208], [6.8213418, 8.2423639], [6.8222462, 8.2452781], [6.8227208, 8.2475019], [6.8268266, 8.2556691], [6.8313594, 8.2633461], [6.8323319, 8.2648477], [6.8363999, 8.2719513], [6.837737, 8.2742816], [6.8400367, 8.2781142], [6.8433322, 8.2833673], [6.8470433, 8.2896009], [6.8489874, 8.2927131], [6.851603, 8.2973218], [6.855351, 8.3020609], [6.8588668, 8.3075873], [6.8619942, 8.3122235], [6.8657299, 8.3157113], [6.8711172, 8.3211371], [6.8743837, 8.3244639], [6.8758179, 8.3276031], [6.8775732, 8.3314551], [6.8776384, 8.331573], [6.8798161, 8.3404041], [6.8805169, 8.3425261], [6.8824507, 8.3461766], [6.8848986, 8.3488006], [6.8872615, 8.3526697], [6.8924217, 8.3579283], [6.9004998, 8.3634868], [6.9026856, 8.3647955], [6.9102721, 8.3697287], [6.9215205, 8.3773209], [6.9263913, 8.3809317], [6.9282703, 8.3846587], [6.9316531, 8.3911023], [6.9348212, 8.3943555], [6.9370018, 8.3956718], [6.9386974, 8.3977242], [6.9394118, 8.3999316], [6.9415894, 8.4053894], [6.9419616, 8.4075476], [6.9426682, 8.409185], [6.9429109, 8.4109444], [6.9433885, 8.4126388], [6.9437075, 8.4139102], [6.9441266, 8.4146115], [6.9450498, 8.4182342], [6.94508, 8.4183643], [6.9452214, 8.4187189], [6.9455909, 8.4224045], [6.945539, 8.4250703], [6.9443752, 8.4289894], [6.942688, 8.432114], [6.9413215, 8.4347917], [6.9387322, 8.4398114], [6.9360372, 8.4449313], [6.9349651, 8.4478359], [6.9349309, 8.4518885], [6.9370491, 8.4586192], [6.9393295, 8.4663028], [6.9397863, 8.4679335], [6.9404441, 8.4695611], [6.9408954, 8.4707178], [6.9409146, 8.4707784], [6.9412404, 8.4715315], [6.9414049, 8.4744092], [6.9413657, 8.4782748], [6.9415643, 8.4824627], [6.9415348, 8.4831862], [6.9398758, 8.4893359], [6.9368509, 8.4992653], [6.9353913, 8.5040531], [6.9318045, 8.516957], [6.9284193, 8.5284073], [6.9264116, 8.5349388], [6.9237565, 8.5409231], [6.9226891, 8.5436739], [6.9230004, 8.5456391], [6.9228898, 8.5474355], [6.922642, 8.5482305], [6.9196215, 8.5584979], [6.9183334, 8.5636345], [6.9177697, 8.5655553], [6.9169347, 8.5677909], [6.9160267, 8.571828], [6.9135872, 8.5799546], [6.9110573, 8.5886824], [6.9100904, 8.5921389], [6.9100668, 8.5960342], [6.9112537, 8.6025585], [6.912082, 8.6091041], [6.9132217, 8.6167085], [6.9148561, 8.6241874], [6.9158549, 8.630731], [6.9176859, 8.6387581], [6.9191653, 8.6471684], [6.9194866, 8.6501818], [6.9200426, 8.6513974], [6.9200821, 8.6514589], [6.920186, 8.6530915], [6.9198824, 8.653974], [6.9194436, 8.6552048], [6.92035, 8.6581435], [6.9214371, 8.6613864], [6.9223301, 8.6639412], [6.9248097, 8.670173], [6.9262078, 8.675496], [6.9303669, 8.6897483], [6.9311844, 8.6923587], [6.9332749, 8.69813], [6.9359537, 8.7027447], [6.9394223, 8.7100716], [6.9422707, 8.716254], [6.942795, 8.7215295], [6.9431754, 8.7270887], [6.9432904, 8.7279637], [6.9438961, 8.7342998], [6.9448303, 8.7465346], [6.9455226, 8.7541366], [6.9457558, 8.7558244], [6.945913, 8.7592989], [6.9461578, 8.7601055], [6.9462256, 8.7618715], [6.9467644, 8.7667175], [6.9467649, 8.7701729], [6.9475816, 8.7785951], [6.9478395, 8.7819726], [6.9483467, 8.7857628], [6.948348, 8.7858021], [6.9487495, 8.7918122], [6.9489771, 8.7962389], [6.9490377, 8.8005832], [6.9482011, 8.81003], [6.9479226, 8.8143769], [6.9475364, 8.8214438], [6.9473631, 8.8242285], [6.947182, 8.8295073], [6.9468884, 8.8329214], [6.9461448, 8.8416554], [6.9458913, 8.8478934], [6.9449604, 8.8608136], [6.9446187, 8.8657585], [6.9443604, 8.8696471], [6.9442444, 8.8723952], [6.9439967, 8.8761438], [6.9420311, 8.8799208], [6.941048, 8.8819778], [6.9396121, 8.8847312], [6.9368915, 8.890571], [6.9365576, 8.8982211], [6.9364474, 8.9041179], [6.9361589, 8.9084959], [6.9356068, 8.9243884], [6.9357169, 8.9266138], [6.9350814, 8.9427646], [6.934881, 8.9513], [6.9347278, 8.9596602], [6.9344797, 8.9680062], [6.9342669, 8.9780259], [6.9342326, 8.9862389], [6.9342658, 8.9868834], [6.9356714, 8.9942755], [6.9364646, 8.9986877], [6.9369077, 9.0011995], [6.9383284, 9.0088423], [6.9392285, 9.0132953], [6.9394259, 9.01391], [6.9404022, 9.0189082], [6.9412492, 9.023301], [6.942749, 9.031746], [6.9434557, 9.0350971], [6.9447164, 9.0416901], [6.945971, 9.0487146], [6.9460216, 9.0489289], [6.9460444, 9.0490005], [6.9472065, 9.0540273], [6.949161, 9.0653384], [6.9496674, 9.0680688], [6.9523418, 9.0819171], [6.9523668, 9.0820282], [6.9536225, 9.0887215], [6.9546606, 9.0959574], [6.9549695, 9.098055], [6.9554185, 9.1011125], [6.9570651, 9.1130052], [6.9617977, 9.1467853], [6.9620099, 9.1499025], [6.9641347, 9.1638946], [6.9649889, 9.1702544], [6.9656757, 9.1752103], [6.9657187, 9.1753613], [6.966045, 9.1780469], [6.9678816, 9.1814107], [6.9694233, 9.1845193], [6.9703313, 9.1863478], [6.9703682, 9.1864482], [6.971083, 9.1879153], [6.9779195, 9.2015051], [6.9822206, 9.2102428], [6.9840949, 9.2138213], [6.9855247, 9.2168563], [6.9883615, 9.2218708], [6.9907872, 9.2268411], [6.9936479, 9.2328239], [6.9957619, 9.2362108], [6.9986271, 9.2403487], [7.0026259, 9.2465149], [7.0029255, 9.2477105], [7.00279, 9.2486837], [7.00333, 9.2543787], [7.0035913, 9.2562581], [7.0019541, 9.2592921], [7.0037014, 9.2600913], [7.0041405, 9.2643576], [7.0047643, 9.2770382], [7.0055109, 9.2907637], [7.0063151, 9.3060569], [7.0070739, 9.3221488], [7.0073169, 9.3247593], [7.0076342, 9.3300962], [7.0081132, 9.3399567], [7.0083913, 9.3453395], [7.0131649, 9.3503796], [7.0196851, 9.3572405], [7.0232464, 9.3611141], [7.0241015, 9.3619326], [7.0282776, 9.3813833], [7.0289599, 9.3848006], [7.0334003, 9.4055614], [7.0349632, 9.4132476], [7.0361299, 9.4181307], [7.0367804, 9.4211588], [7.0382282, 9.428439], [7.0406142, 9.4395133], [7.0433641, 9.4531649], [7.0462282, 9.466039], [7.0465754, 9.4673421], [7.0467566, 9.4680476], [7.0468416, 9.4693036], [7.0474509, 9.4713645], [7.0494318, 9.4804084], [7.0497524, 9.4818361], [7.0497567, 9.4819383], [7.0500392, 9.4836233], [7.0505076, 9.4849722], [7.0509499, 9.4873218], [7.0522267, 9.4910205], [7.0524563, 9.4931323], [7.0525784, 9.4944725], [7.0533195, 9.4985682], [7.0514221, 9.5160849], [7.0537441, 9.5315452], [7.0561624, 9.5475658], [7.056422, 9.5496178], [7.0581087, 9.5612259], [7.0587954, 9.5650101], [7.0608674, 9.5783484], [7.0615936, 9.5838378], [7.06198, 9.5870121], [7.0630791, 9.5938531], [7.0635973, 9.5963797], [7.0636727, 9.5964867], [7.0653475, 9.6014431], [7.0669391, 9.6068502], [7.0682074, 9.6125871], [7.0716688, 9.6294193], [7.0719359, 9.6318674], [7.0719292, 9.6317281], [7.0725273, 9.6330696], [7.0739627, 9.6405273], [7.074376, 9.6416197], [7.0762219, 9.6504419], [7.0766625, 9.6525065], [7.0778836, 9.6588612], [7.0785347, 9.6616453], [7.0791779, 9.6650376], [7.0794947, 9.66635], [7.0814698, 9.6754674], [7.0822629, 9.6792273], [7.0829942, 9.6816249], [7.0834674, 9.6831636], [7.0851081, 9.6890665], [7.0885549, 9.7007125], [7.0886342, 9.7014901], [7.0896314, 9.7046952], [7.0908002, 9.7087452], [7.0908378, 9.7087989], [7.090933, 9.7089603], [7.0913681, 9.7107222], [7.092444, 9.7138496], [7.0948492, 9.7220628], [7.0967167, 9.7279697], [7.0976956, 9.7312886], [7.0998807, 9.7381303], [7.1040073, 9.7516617], [7.1061548, 9.7586162], [7.106846, 9.7614778], [7.108145, 9.7649128], [7.1084157, 9.7671427], [7.1091001, 9.7726029], [7.1092398, 9.7731137], [7.1094179, 9.7741907], [7.1113257, 9.7871136], [7.1128486, 9.7971206], [7.1134886, 9.8032281], [7.1143806, 9.8099104], [7.115148, 9.81415], [7.1151578, 9.8142517], [7.1156279, 9.8181264], [7.1157492, 9.8191115], [7.1164774, 9.8244308], [7.1165812, 9.825412], [7.1167769, 9.8280614], [7.1170319, 9.8290832], [7.1177147, 9.8339935], [7.1177485, 9.8340715], [7.1197022, 9.8449233], [7.1200204, 9.8460947], [7.1202138, 9.8478652], [7.1226239, 9.8610864], [7.1228164, 9.8621574], [7.1242296, 9.8694974], [7.1240455, 9.8709349], [7.1241086, 9.8718406], [7.1241477, 9.8718785], [7.1248246, 9.8726233], [7.1253139, 9.8748396], [7.1253187, 9.8749004], [7.1249838, 9.8767015], [7.125639, 9.8791551], [7.127139, 9.8848806], [7.129441, 9.8930635], [7.1308992, 9.8994636], [7.131754, 9.9021705], [7.1334441, 9.9090154], [7.1382761, 9.9264205], [7.1384433, 9.9304525], [7.1385398, 9.9311422], [7.1391318, 9.9392929], [7.1393029, 9.9412917], [7.1392102, 9.9433979], [7.139304, 9.9457004], [7.1389091, 9.9474218], [7.1379635, 9.9502981], [7.1396381, 9.9559147], [7.1402032, 9.9582657], [7.141277, 9.9610619], [7.1434673, 9.9885861], [7.1429626, 9.9895005], [7.1442317, 9.9921759], [7.1450464, 9.9961275], [7.1458129, 9.9984438], [7.1478209, 10.0048523], [7.148846, 10.0080992], [7.1493712, 10.0099683], [7.1507129, 10.0140315], [7.1512274, 10.0156947], [7.1512452, 10.0157345], [7.1514904, 10.0165989], [7.1552201, 10.0263868], [7.1563972, 10.0294485], [7.1572457, 10.0309957], [7.157532, 10.0314862], [7.1590342, 10.0350142], [7.1592263, 10.035773], [7.1634551, 10.0451394], [7.1638312, 10.0462247], [7.1647856, 10.0483433], [7.1652344, 10.049716], [7.1716395, 10.0642324], [7.1720424, 10.0650551], [7.1734809, 10.0686277], [7.1759922, 10.0738817], [7.1781852, 10.0776374], [7.1782937, 10.0776913], [7.1821845, 10.0830219], [7.1840337, 10.0862055], [7.1862721, 10.0893087], [7.1867112, 10.0902287], [7.1874219, 10.0917876], [7.1891784, 10.0946785], [7.1933326, 10.0971317], [7.1955288, 10.1000415], [7.1967514, 10.1029357], [7.198977, 10.1076416], [7.2005495, 10.1109726], [7.2018726, 10.1148734], [7.2020901, 10.1171641], [7.2021275, 10.1172012], [7.2049533, 10.1222068], [7.2063397, 10.1244588], [7.208743, 10.1289995], [7.2127177, 10.135175], [7.2186133, 10.144476], [7.2206511, 10.1475556], [7.2233218, 10.1522132], [7.2259682, 10.1564526], [7.2340419, 10.1686007], [7.2350654, 10.1698498], [7.2417576, 10.179861], [7.2446568, 10.1827311], [7.2526798, 10.1897056], [7.2620747, 10.1979943], [7.2627032, 10.2010444], [7.2715319, 10.2208761], [7.2732919, 10.2243389], [7.2771416, 10.2331723], [7.2818863, 10.2440333], [7.287729, 10.2568323], [7.2890175, 10.2598456], [7.2900338, 10.2616896], [7.2910766, 10.2635595], [7.2934608, 10.2664631], [7.3018616, 10.2756905], [7.3046213, 10.2787612], [7.3087476, 10.2831726], [7.3106919, 10.2852984], [7.3135196, 10.2884296], [7.3177271, 10.2930491], [7.3206815, 10.2963961], [7.3238358, 10.2999371], [7.32677, 10.3039303], [7.3283612, 10.304938], [7.3332368, 10.3102805], [7.3433979, 10.3217059], [7.3510017, 10.330022], [7.3515347, 10.3310015], [7.3523018, 10.3314945], [7.3530956, 10.3319922], [7.374783, 10.3455119], [7.3829627, 10.3505489], [7.3959195, 10.3583432], [7.3980714, 10.3598459], [7.4129617, 10.3688379], [7.4168075, 10.3712857], [7.4180822, 10.3720702], [7.4243049, 10.3759732], [7.4305238, 10.3797147], [7.434099, 10.381943], [7.4372519, 10.3838559], [7.4387319, 10.3848884], [7.4539182, 10.3940456], [7.4564247, 10.3956422], [7.4620963, 10.3991789], [7.4686674, 10.4031452], [7.4722076, 10.4039008], [7.4759642, 10.4030788], [7.4798523, 10.4021751], [7.4815624, 10.4019963], [7.4865151, 10.4015014], [7.4884479, 10.4030156], [7.4894116, 10.4038567], [7.490139, 10.4049482]]}}, {"type": "Feature", "properties": {"category": "pipeline", "name": "Auchi to Suleja", "source": "Warri to Kaduna.kmz.geojson", "stroke": "#ff8c00", "stroke-width": 2.6, "stroke-opacity": 1}, "geometry": {"type": "LineString", "coordinates": [[6.2619757, 7.032573], [6.2636946, 7.0390738], [6.2667978, 7.0411471], [6.268231, 7.0420052], [6.2724699, 7.0509801], [6.2728176, 7.0516621], [6.2735003, 7.0549458], [6.2772971, 7.0582714], [6.2788363, 7.061122], [6.2781268, 7.0677804], [6.27749, 7.0767333], [6.280603, 7.085473], [6.2820011, 7.0886461], [6.2834604, 7.09039], [6.2835118, 7.0904387], [6.2851683, 7.0919979], [6.2857486, 7.0926189], [6.2904537, 7.0970475], [6.2922013, 7.0991784], [6.2942959, 7.1031256], [6.2955717, 7.1063367], [6.2966605, 7.109261], [6.2981718, 7.1188183], [6.3011979, 7.1275445], [6.3073126, 7.1303537], [6.3074738, 7.1303975], [6.3159193, 7.1380871], [6.3302831, 7.1485003], [6.3300971, 7.1587123], [6.3289265, 7.1652814], [6.3289184, 7.1653596], [6.3288968, 7.1655685], [6.3313514, 7.1786855], [6.3332296, 7.1866785], [6.3354189, 7.1949381], [6.3380291, 7.1997383], [6.3324614, 7.2214194], [6.34487, 7.2356624], [6.3474786, 7.2452939], [6.3457255, 7.254781], [6.3510558, 7.2650137], [6.3565986, 7.2838635], [6.3723531, 7.3116871], [6.3764136, 7.3291383], [6.3888035, 7.3381024], [6.393354, 7.3505011], [6.3842301, 7.3614901], [6.43569, 7.4941348], [6.4666092, 7.6865513], [6.492716, 7.7217432], [6.5203036, 7.7620778], [6.5656239, 7.8196206], [6.6559677, 7.8691205], [6.679694, 7.9647569], [6.6945476, 8.015913], [6.7382167, 8.0347721], [6.7609925, 8.0740271], [6.7616992, 8.0748508], [6.7737875, 8.0957931], [6.7969964, 8.1261404], [6.7932727, 8.1500651], [6.7936194, 8.1508858], [6.8120595, 8.1989142], [6.8404418, 8.2652403], [6.8735973, 8.3131253], [6.8961834, 8.3454588], [6.898313, 8.3487078], [6.9015442, 8.3528291], [6.9495265, 8.3932199], [6.9517543, 8.442028], [6.9430063, 8.4516438], [6.9538333, 8.4941138], [6.9176941, 8.591862], [6.9374086, 8.690583], [6.9506892, 8.7303567], [6.9532691, 8.8723451], [6.9412668, 8.990065], [6.9567123, 9.0579376], [6.9707126, 9.1784814], [6.9927825, 9.2297922], [6.9970165, 9.2358407], [6.9987638, 9.2409757]]}}, {"type": "Feature", "properties": {"category": "pipeline", "name": "Port Harcourt to Calabar", "source": "Warri to Kaduna.kmz.geojson", "stroke": "#ff8c00", "stroke-width": 2.6, "stroke-opacity": 1}, "geometry": {"type": "LineString", "coordinates": [[8.3240504, 5.0122603], [8.3234846, 5.0076405], [8.3196857, 5.0069829], [8.3190042, 5.0049314], [8.3167368, 5.0049186], [8.2933293, 5.0006789], [8.2823054, 4.9930503], [8.2653407, 4.9929425], [8.264398, 4.9925248], [8.263246, 4.9921071], [8.262513, 4.9918982], [8.2467089, 4.9873052], [8.1887834, 4.9785727], [8.1379218, 4.9710282], [7.5301453, 4.7710684], [7.132924, 4.7765119], [7.1088883, 4.7644371]]}}, {"type": "Feature", "properties": {"category": "asset", "name": "Escravos Terminal", "source": "pipelines-manifolds-geo.json", "marker-color": "#7c8a9c", "marker-size": "small", "marker-opacity": 0.55}, "geometry": {"type": "Point", "coordinates": [5.190825, 5.6099434]}}, {"type": "Feature", "properties": {"category": "asset", "name": "Brass Terminal", "source": "pipelines-manifolds-geo.json", "marker-color": "#7c8a9c", "marker-size": "small", "marker-opacity": 0.55}, "geometry": {"type": "Point", "coordinates": [6.2456016, 4.301615]}}, {"type": "Feature", "properties": {"category": "asset", "name": "Forcados Terminal", "source": "pipelines-manifolds-geo.json", "marker-color": "#7c8a9c", "marker-size": "small", "marker-opacity": 0.55}, "geometry": {"type": "Point", "coordinates": [5.3492274, 5.3430562]}}, {"type": "Feature", "properties": {"category": "asset", "name": "Bonny Terminal", "source": "pipelines-manifolds-geo.json", "marker-color": "#7c8a9c", "marker-size": "small", "marker-opacity": 0.55}, "geometry": {"type": "Point", "coordinates": [7.1605674, 4.4346849]}}, {"type": "Feature", "properties": {"category": "asset", "name": "Forcados South Bank Flowstation", "source": "pipelines-manifolds-geo.json", "marker-color": "#7c8a9c", "marker-size": "small", "marker-opacity": 0.55}, "geometry": {"type": "Point", "coordinates": [5.3256769, 5.3619509]}}, {"type": "Feature", "properties": {"category": "asset", "name": "Abiteye Flow Station", "source": "pipelines-manifolds-geo.json", "marker-color": "#7c8a9c", "marker-size": "small", "marker-opacity": 0.55}, "geometry": {"type": "Point", "coordinates": [5.2772056, 5.6701591]}}, {"type": "Feature", "properties": {"category": "asset", "name": "Escravos Manifold", "source": "pipelines-manifolds-geo.json", "marker-color": "#7c8a9c", "marker-size": "small", "marker-opacity": 0.55}, "geometry": {"type": "Point", "coordinates": [5.1965261, 5.5332522]}}, {"type": "Feature", "properties": {"category": "asset", "name": "Saghara Tie-in Manifold", "source": "pipelines-manifolds-geo.json", "marker-color": "#7c8a9c", "marker-size": "small", "marker-opacity": 0.55}, "geometry": {"type": "Point", "coordinates": [5.1672842, 5.6221787]}}, {"type": "Feature", "properties": {"category": "asset", "name": "Forcados North Bank FLow Station", "source": "pipelines-manifolds-geo.json", "marker-color": "#7c8a9c", "marker-size": "small", "marker-opacity": 0.55}, "geometry": {"type": "Point", "coordinates": [5.3197904, 5.4088875]}}, {"type": "Feature", "properties": {"category": "asset", "name": "Yokri Flowstation", "source": "pipelines-manifolds-geo.json", "marker-color": "#7c8a9c", "marker-size": "small", "marker-opacity": 0.55}, "geometry": {"type": "Point", "coordinates": [5.2668892, 5.4324083]}}, {"type": "Feature", "properties": {"category": "asset", "name": "Escravos Beach FS", "source": "pipelines-manifolds-geo.json", "marker-color": "#7c8a9c", "marker-size": "small", "marker-opacity": 0.55}, "geometry": {"type": "Point", "coordinates": [5.193755, 5.5340509]}}, {"type": "Feature", "properties": {"category": "asset", "name": "North Bank Flow Station II", "source": "pipelines-manifolds-geo.json", "marker-color": "#7c8a9c", "marker-size": "small", "marker-opacity": 0.55}, "geometry": {"type": "Point", "coordinates": [5.3217649, 5.4127523]}}, {"type": "Feature", "properties": {"category": "asset", "name": "Escravos Terminal", "source": "pipelines-manifolds-geo.json", "marker-color": "#7c8a9c", "marker-size": "small", "marker-opacity": 0.55}, "geometry": {"type": "Point", "coordinates": [5.1876415, 5.6140067]}}, {"type": "Feature", "properties": {"category": "asset", "name": "Saghara FS", "source": "pipelines-manifolds-geo.json", "marker-color": "#7c8a9c", "marker-size": "small", "marker-opacity": 0.55}, "geometry": {"type": "Point", "coordinates": [5.1743173, 5.6228749]}}, {"type": "Feature", "properties": {"category": "asset", "name": "Opuama", "source": "pipelines-manifolds-geo.json", "marker-color": "#7c8a9c", "marker-size": "small", "marker-opacity": 0.55}, "geometry": {"type": "Point", "coordinates": [5.0513481, 5.948592]}}, {"type": "Feature", "properties": {"category": "asset", "name": "Otumara FS", "source": "pipelines-manifolds-geo.json", "marker-color": "#7c8a9c", "marker-size": "small", "marker-opacity": 0.55}, "geometry": {"type": "Point", "coordinates": [5.1463572, 5.6564124]}}, {"type": "Feature", "properties": {"category": "asset", "name": "Makaraba Flowstation - CNL", "source": "pipelines-manifolds-geo.json", "marker-color": "#7c8a9c", "marker-size": "small", "marker-opacity": 0.55}, "geometry": {"type": "Point", "coordinates": [5.4321551, 5.7837549]}}, {"type": "Feature", "properties": {"category": "asset", "name": "Agge Manifold", "source": "pipelines-manifolds-geo.json", "marker-color": "#7c8a9c", "marker-size": "small", "marker-opacity": 0.55}, "geometry": {"type": "Point", "coordinates": [5.4055086, 5.1480852]}}, {"type": "Feature", "properties": {"category": "asset", "name": "Brass Creek Manifold", "source": "pipelines-manifolds-geo.json", "marker-color": "#7c8a9c", "marker-size": "small", "marker-opacity": 0.55}, "geometry": {"type": "Point", "coordinates": [5.6079867, 4.9558759]}}, {"type": "Feature", "properties": {"category": "asset", "name": "Benisede FS", "source": "pipelines-manifolds-geo.json", "marker-color": "#7c8a9c", "marker-size": "small", "marker-opacity": 0.55}, "geometry": {"type": "Point", "coordinates": [5.6878676, 5.0008592]}}, {"type": "Feature", "properties": {"category": "asset", "name": "Opukushi FS", "source": "pipelines-manifolds-geo.json", "marker-color": "#7c8a9c", "marker-size": "small", "marker-opacity": 0.55}, "geometry": {"type": "Point", "coordinates": [5.7733478, 4.9119578]}}, {"type": "Feature", "properties": {"category": "asset", "name": "Tunu CPF", "source": "pipelines-manifolds-geo.json", "marker-color": "#7c8a9c", "marker-size": "small", "marker-opacity": 0.55}, "geometry": {"type": "Point", "coordinates": [5.6134733, 4.8826419]}}, {"type": "Feature", "properties": {"category": "asset", "name": "Ogbotobo FS", "source": "pipelines-manifolds-geo.json", "marker-color": "#7c8a9c", "marker-size": "small", "marker-opacity": 0.55}, "geometry": {"type": "Point", "coordinates": [5.5549985, 4.9939454]}}, {"type": "Feature", "properties": {"category": "asset", "name": "Forcados River Manifold", "source": "pipelines-manifolds-geo.json", "marker-color": "#7c8a9c", "marker-size": "small", "marker-opacity": 0.55}, "geometry": {"type": "Point", "coordinates": [5.3690483, 5.393527]}}, {"type": "Feature", "properties": {"category": "asset", "name": "Batan Flowstation", "source": "pipelines-manifolds-geo.json", "marker-color": "#7c8a9c", "marker-size": "small", "marker-opacity": 0.55}, "geometry": {"type": "Point", "coordinates": [5.5379578, 5.5332559]}}, {"type": "Feature", "properties": {"category": "asset", "name": "Odidi CPF", "source": "pipelines-manifolds-geo.json", "marker-color": "#7c8a9c", "marker-size": "small", "marker-opacity": 0.55}, "geometry": {"type": "Point", "coordinates": [5.4691063, 5.5239184]}}, {"type": "Feature", "properties": {"category": "asset", "name": "Jones Creek Flowstation", "source": "pipelines-manifolds-geo.json", "marker-color": "#7c8a9c", "marker-size": "small", "marker-opacity": 0.55}, "geometry": {"type": "Point", "coordinates": [5.3786746, 5.6881705]}}, {"type": "Feature", "properties": {"category": "asset", "name": "Egwa 1 Flowstation", "source": "pipelines-manifolds-geo.json", "marker-color": "#7c8a9c", "marker-size": "small", "marker-opacity": 0.55}, "geometry": {"type": "Point", "coordinates": [5.4546907, 5.5993223]}}, {"type": "Feature", "properties": {"category": "asset", "name": "Egwa manifold Area", "source": "pipelines-manifolds-geo.json", "marker-color": "#7c8a9c", "marker-size": "small", "marker-opacity": 0.55}, "geometry": {"type": "Point", "coordinates": [5.4449271, 5.5969206]}}, {"type": "Feature", "properties": {"category": "asset", "name": "Egwa 2 Flowstation", "source": "pipelines-manifolds-geo.json", "marker-color": "#7c8a9c", "marker-size": "small", "marker-opacity": 0.55}, "geometry": {"type": "Point", "coordinates": [5.4898239, 5.5577329]}}, {"type": "Feature", "properties": {"category": "asset", "name": "Otu-jeremi", "source": "pipelines-manifolds-geo.json", "marker-color": "#7c8a9c", "marker-size": "small", "marker-opacity": 0.55}, "geometry": {"type": "Point", "coordinates": [5.8831669, 5.4346338]}}, {"type": "Feature", "properties": {"category": "asset", "name": "Utorogu Gas Plant", "source": "pipelines-manifolds-geo.json", "marker-color": "#7c8a9c", "marker-size": "small", "marker-opacity": 0.55}, "geometry": {"type": "Point", "coordinates": [5.8785719, 5.4469401]}}, {"type": "Feature", "properties": {"category": "asset", "name": "Rapele Unit", "source": "pipelines-manifolds-geo.json", "marker-color": "#7c8a9c", "marker-size": "small", "marker-opacity": 0.55}, "geometry": {"type": "Point", "coordinates": [5.6670437, 5.5773981]}}, {"type": "Feature", "properties": {"category": "asset", "name": "Ughelli Gas Processing Station (NDPR)", "source": "pipelines-manifolds-geo.json", "marker-color": "#7c8a9c", "marker-size": "small", "marker-opacity": 0.55}, "geometry": {"type": "Point", "coordinates": [5.9363231, 5.5138838]}}, {"type": "Feature", "properties": {"category": "asset", "name": "Eriemu Manifold", "source": "pipelines-manifolds-geo.json", "marker-color": "#7c8a9c", "marker-size": "small", "marker-opacity": 0.55}, "geometry": {"type": "Point", "coordinates": [6.0511482, 5.5280521]}}, {"type": "Feature", "properties": {"category": "asset", "name": "Eriemu Flowstation ( Shoreline)", "source": "pipelines-manifolds-geo.json", "marker-color": "#7c8a9c", "marker-size": "small", "marker-opacity": 0.55}, "geometry": {"type": "Point", "coordinates": [6.0581912, 5.5205285]}}, {"type": "Feature", "properties": {"category": "asset", "name": "Uzere - Eriemu Manifold (Shoreline)", "source": "pipelines-manifolds-geo.json", "marker-color": "#7c8a9c", "marker-size": "small", "marker-opacity": 0.55}, "geometry": {"type": "Point", "coordinates": [6.0803047, 5.5021177]}}, {"type": "Feature", "properties": {"category": "asset", "name": "Oweh Flowstation(Shoreline)", "source": "pipelines-manifolds-geo.json", "marker-color": "#7c8a9c", "marker-size": "small", "marker-opacity": 0.55}, "geometry": {"type": "Point", "coordinates": [6.135142, 5.4882743]}}, {"type": "Feature", "properties": {"category": "asset", "name": "Oweh Tie-in Manifold", "source": "pipelines-manifolds-geo.json", "marker-color": "#7c8a9c", "marker-size": "small", "marker-opacity": 0.55}, "geometry": {"type": "Point", "coordinates": [6.1198, 5.4693064]}}, {"type": "Feature", "properties": {"category": "asset", "name": "Olomoro-Oleh Flowstation ((Shoreline)", "source": "pipelines-manifolds-geo.json", "marker-color": "#7c8a9c", "marker-size": "small", "marker-opacity": 0.55}, "geometry": {"type": "Point", "coordinates": [6.1773437, 5.4592409]}}, {"type": "Feature", "properties": {"category": "asset", "name": "Uzere Flowstation ((Shoreline)", "source": "pipelines-manifolds-geo.json", "marker-color": "#7c8a9c", "marker-size": "small", "marker-opacity": 0.55}, "geometry": {"type": "Point", "coordinates": [6.2435505, 5.3269242]}}, {"type": "Feature", "properties": {"category": "asset", "name": "Afisere Flowstation ((Shoreline)", "source": "pipelines-manifolds-geo.json", "marker-color": "#7c8a9c", "marker-size": "small", "marker-opacity": 0.55}, "geometry": {"type": "Point", "coordinates": [6.0154957, 5.5486294]}}, {"type": "Feature", "properties": {"category": "asset", "name": "Kokori Flowstation((Shoreline)", "source": "pipelines-manifolds-geo.json", "marker-color": "#7c8a9c", "marker-size": "small", "marker-opacity": 0.55}, "geometry": {"type": "Point", "coordinates": [6.070584, 5.6443638]}}, {"type": "Feature", "properties": {"category": "asset", "name": "Ughelli West Flowstation (NDPR)", "source": "pipelines-manifolds-geo.json", "marker-color": "#7c8a9c", "marker-size": "small", "marker-opacity": 0.55}, "geometry": {"type": "Point", "coordinates": [5.9162076, 5.54203]}}, {"type": "Feature", "properties": {"category": "asset", "name": "Ebendo Flowstation", "source": "pipelines-manifolds-geo.json", "marker-color": "#7c8a9c", "marker-size": "small", "marker-opacity": 0.55}, "geometry": {"type": "Point", "coordinates": [6.3570029, 5.6863694]}}, {"type": "Feature", "properties": {"category": "asset", "name": "Idu FS", "source": "pipelines-manifolds-geo.json", "marker-color": "#7c8a9c", "marker-size": "small", "marker-opacity": 0.55}, "geometry": {"type": "Point", "coordinates": [6.5996667, 5.2475667]}}, {"type": "Feature", "properties": {"category": "asset", "name": "Samabiri Cluster", "source": "pipelines-manifolds-geo.json", "marker-color": "#7c8a9c", "marker-size": "small", "marker-opacity": 0.55}, "geometry": {"type": "Point", "coordinates": [6.4593399, 5.2721592]}}, {"type": "Feature", "properties": {"category": "asset", "name": "Ebocha Oil Centre", "source": "pipelines-manifolds-geo.json", "marker-color": "#7c8a9c", "marker-size": "small", "marker-opacity": 0.55}, "geometry": {"type": "Point", "coordinates": [6.6979219, 5.4607633]}}, {"type": "Feature", "properties": {"category": "asset", "name": "OB/OB Gas Plant", "source": "pipelines-manifolds-geo.json", "marker-color": "#7c8a9c", "marker-size": "small", "marker-opacity": 0.55}, "geometry": {"type": "Point", "coordinates": [6.6564722, 5.3913333]}}, {"type": "Feature", "properties": {"category": "asset", "name": "Nembe Creek IV Flowstation", "source": "pipelines-manifolds-geo.json", "marker-color": "#7c8a9c", "marker-size": "small", "marker-opacity": 0.55}, "geometry": {"type": "Point", "coordinates": [6.3639768, 4.4414457]}}, {"type": "Feature", "properties": {"category": "asset", "name": "Nembe II Flowstation", "source": "pipelines-manifolds-geo.json", "marker-color": "#7c8a9c", "marker-size": "small", "marker-opacity": 0.55}, "geometry": {"type": "Point", "coordinates": [6.3240764, 4.4532136]}}, {"type": "Feature", "properties": {"category": "asset", "name": "Nembe Creek 1 Flow Station", "source": "pipelines-manifolds-geo.json", "marker-color": "#7c8a9c", "marker-size": "small", "marker-opacity": 0.55}, "geometry": {"type": "Point", "coordinates": [6.322995, 4.4339775]}}, {"type": "Feature", "properties": {"category": "asset", "name": "Nembe III Flowstation", "source": "pipelines-manifolds-geo.json", "marker-color": "#7c8a9c", "marker-size": "small", "marker-opacity": 0.55}, "geometry": {"type": "Point", "coordinates": [6.285196, 4.450424]}}, {"type": "Feature", "properties": {"category": "asset", "name": "Obama Flow Station", "source": "pipelines-manifolds-geo.json", "marker-color": "#7c8a9c", "marker-size": "small", "marker-opacity": 0.55}, "geometry": {"type": "Point", "coordinates": [6.2655556, 4.6305389]}}, {"type": "Feature", "properties": {"category": "asset", "name": "Kwale Gas Plant", "source": "pipelines-manifolds-geo.json", "marker-color": "#7c8a9c", "marker-size": "small", "marker-opacity": 0.55}, "geometry": {"type": "Point", "coordinates": [6.5152267, 5.6578647]}}, {"type": "Feature", "properties": {"category": "asset", "name": "Akri Flow Station", "source": "pipelines-manifolds-geo.json", "marker-color": "#7c8a9c", "marker-size": "small", "marker-opacity": 0.55}, "geometry": {"type": "Point", "coordinates": [6.6712682, 5.6322509]}}, {"type": "Feature", "properties": {"category": "asset", "name": "Oshie Flowstation", "source": "pipelines-manifolds-geo.json", "marker-color": "#7c8a9c", "marker-size": "small", "marker-opacity": 0.55}, "geometry": {"type": "Point", "coordinates": [6.5048849, 5.1011891]}}, {"type": "Feature", "properties": {"category": "asset", "name": "Tebidaba Flowstation", "source": "pipelines-manifolds-geo.json", "marker-color": "#7c8a9c", "marker-size": "small", "marker-opacity": 0.55}, "geometry": {"type": "Point", "coordinates": [5.9195878, 4.5559964]}}, {"type": "Feature", "properties": {"category": "asset", "name": "Clough Creek Flowstation", "source": "pipelines-manifolds-geo.json", "marker-color": "#7c8a9c", "marker-size": "small", "marker-opacity": 0.55}, "geometry": {"type": "Point", "coordinates": [5.6916426, 4.8519535]}}, {"type": "Feature", "properties": {"category": "asset", "name": "Irri Flow Station", "source": "pipelines-manifolds-geo.json", "marker-color": "#7c8a9c", "marker-size": "small", "marker-opacity": 0.55}, "geometry": {"type": "Point", "coordinates": [6.2444709, 5.4860584]}}, {"type": "Feature", "properties": {"category": "asset", "name": "Tuomo Well 4", "source": "pipelines-manifolds-geo.json", "marker-color": "#7c8a9c", "marker-size": "small", "marker-opacity": 0.55}, "geometry": {"type": "Point", "coordinates": [5.890075, 5.134934]}}, {"type": "Feature", "properties": {"category": "asset", "name": "Ogboinbiri Flowstation", "source": "pipelines-manifolds-geo.json", "marker-color": "#7c8a9c", "marker-size": "small", "marker-opacity": 0.55}, "geometry": {"type": "Point", "coordinates": [5.9605675, 4.8131925]}}, {"type": "Feature", "properties": {"category": "asset", "name": "Brass River Manifold", "source": "pipelines-manifolds-geo.json", "marker-color": "#7c8a9c", "marker-size": "small", "marker-opacity": 0.55}, "geometry": {"type": "Point", "coordinates": [6.2919207, 4.3927373]}}, {"type": "Feature", "properties": {"category": "asset", "name": "Idu Manifold", "source": "pipelines-manifolds-geo.json", "marker-color": "#7c8a9c", "marker-size": "small", "marker-opacity": 0.55}, "geometry": {"type": "Point", "coordinates": [6.6005151, 5.2458814]}}, {"type": "Feature", "properties": {"category": "asset", "name": "Ogoda Manifold (NAOC)", "source": "pipelines-manifolds-geo.json", "marker-color": "#7c8a9c", "marker-size": "small", "marker-opacity": 0.55}, "geometry": {"type": "Point", "coordinates": [6.5727113, 5.1153425]}}, {"type": "Feature", "properties": {"category": "asset", "name": "Nembe III Creek Manifold", "source": "pipelines-manifolds-geo.json", "marker-color": "#7c8a9c", "marker-size": "small", "marker-opacity": 0.55}, "geometry": {"type": "Point", "coordinates": [6.3016349, 4.4292523]}}, {"type": "Feature", "properties": {"category": "asset", "name": "Shell-Agip Manifold", "source": "pipelines-manifolds-geo.json", "marker-color": "#7c8a9c", "marker-size": "small", "marker-opacity": 0.55}, "geometry": {"type": "Point", "coordinates": [6.282732, 4.40085]}}, {"type": "Feature", "properties": {"category": "asset", "name": "Azuzuama Mini Manifold", "source": "pipelines-manifolds-geo.json", "marker-color": "#7c8a9c", "marker-size": "small", "marker-opacity": 0.55}, "geometry": {"type": "Point", "coordinates": [5.9202251, 4.6953841]}}, {"type": "Feature", "properties": {"category": "asset", "name": "CawC II CPF", "source": "pipelines-manifolds-geo.json", "marker-color": "#7c8a9c", "marker-size": "small", "marker-opacity": 0.55}, "geometry": {"type": "Point", "coordinates": [7.0027928, 4.5567732]}}, {"type": "Feature", "properties": {"category": "asset", "name": "Ekulama II FlowStation", "source": "pipelines-manifolds-geo.json", "marker-color": "#7c8a9c", "marker-size": "small", "marker-opacity": 0.55}, "geometry": {"type": "Point", "coordinates": [6.6639591, 4.5479604]}}, {"type": "Feature", "properties": {"category": "asset", "name": "CawC III Flowstation", "source": "pipelines-manifolds-geo.json", "marker-color": "#7c8a9c", "marker-size": "small", "marker-opacity": 0.55}, "geometry": {"type": "Point", "coordinates": [6.9775006, 4.5583951]}}, {"type": "Feature", "properties": {"category": "asset", "name": "Ekulama I Flowstation", "source": "pipelines-manifolds-geo.json", "marker-color": "#7c8a9c", "marker-size": "small", "marker-opacity": 0.55}, "geometry": {"type": "Point", "coordinates": [6.7120329, 4.5593055]}}, {"type": "Feature", "properties": {"category": "asset", "name": "Awoba Flowstation", "source": "pipelines-manifolds-geo.json", "marker-color": "#7c8a9c", "marker-size": "small", "marker-opacity": 0.55}, "geometry": {"type": "Point", "coordinates": [6.8195994, 4.5321589]}}, {"type": "Feature", "properties": {"category": "asset", "name": "Krakrama Flowstation", "source": "pipelines-manifolds-geo.json", "marker-color": "#7c8a9c", "marker-size": "small", "marker-opacity": 0.55}, "geometry": {"type": "Point", "coordinates": [6.8996111, 4.5528056]}}, {"type": "Feature", "properties": {"category": "asset", "name": "Santa Babra (AITEO)", "source": "pipelines-manifolds-geo.json", "marker-color": "#7c8a9c", "marker-size": "small", "marker-opacity": 0.55}, "geometry": {"type": "Point", "coordinates": [6.5031687, 4.5388377]}}, {"type": "Feature", "properties": {"category": "asset", "name": "Robertkiri Flowstation (Belema)", "source": "pipelines-manifolds-geo.json", "marker-color": "#7c8a9c", "marker-size": "small", "marker-opacity": 0.55}, "geometry": {"type": "Point", "coordinates": [6.6314805, 4.5257675]}}, {"type": "Feature", "properties": {"category": "asset", "name": "Belema Flow Station", "source": "pipelines-manifolds-geo.json", "marker-color": "#7c8a9c", "marker-size": "small", "marker-opacity": 0.55}, "geometry": {"type": "Point", "coordinates": [6.6489044, 4.4019362]}}, {"type": "Feature", "properties": {"category": "asset", "name": "CawC I Flowstation", "source": "pipelines-manifolds-geo.json", "marker-color": "#7c8a9c", "marker-size": "small", "marker-opacity": 0.55}, "geometry": {"type": "Point", "coordinates": [7.0472725, 4.551189]}}, {"type": "Feature", "properties": {"category": "asset", "name": "CawC III Manifold", "source": "pipelines-manifolds-geo.json", "marker-color": "#7c8a9c", "marker-size": "small", "marker-opacity": 0.55}, "geometry": {"type": "Point", "coordinates": [6.9657506, 4.5753497]}}, {"type": "Feature", "properties": {"category": "asset", "name": "New Calabar River Manifold", "source": "pipelines-manifolds-geo.json", "marker-color": "#7c8a9c", "marker-size": "small", "marker-opacity": 0.55}, "geometry": {"type": "Point", "coordinates": [6.9983209, 4.5780736]}}, {"type": "Feature", "properties": {"category": "asset", "name": "Awoba Manifold", "source": "pipelines-manifolds-geo.json", "marker-color": "#7c8a9c", "marker-size": "small", "marker-opacity": 0.55}, "geometry": {"type": "Point", "coordinates": [6.812899, 4.556569]}}, {"type": "Feature", "properties": {"category": "asset", "name": "KraKrama Manifold", "source": "pipelines-manifolds-geo.json", "marker-color": "#7c8a9c", "marker-size": "small", "marker-opacity": 0.55}, "geometry": {"type": "Point", "coordinates": [6.9269263, 4.5614981]}}, {"type": "Feature", "properties": {"category": "asset", "name": "San Barth MF", "source": "pipelines-manifolds-geo.json", "marker-color": "#7c8a9c", "marker-size": "small", "marker-opacity": 0.55}, "geometry": {"type": "Point", "coordinates": [6.687965, 4.5072772]}}, {"type": "Feature", "properties": {"category": "asset", "name": "Sego MF", "source": "pipelines-manifolds-geo.json", "marker-color": "#7c8a9c", "marker-size": "small", "marker-opacity": 0.55}, "geometry": {"type": "Point", "coordinates": [6.6567787, 4.495151]}}, {"type": "Feature", "properties": {"category": "asset", "name": "CawC I Tie-in Manifold", "source": "pipelines-manifolds-geo.json", "marker-color": "#7c8a9c", "marker-size": "small", "marker-opacity": 0.55}, "geometry": {"type": "Point", "coordinates": [7.0603695, 4.5506114]}}, {"type": "Feature", "properties": {"category": "asset", "name": "Nembe Creek Tie-in Manifold", "source": "pipelines-manifolds-geo.json", "marker-color": "#7c8a9c", "marker-size": "small", "marker-opacity": 0.55}, "geometry": {"type": "Point", "coordinates": [6.3234549, 4.4353736]}}, {"type": "Feature", "properties": {"category": "asset", "name": "Agbada I M/F", "source": "pipelines-manifolds-geo.json", "marker-color": "#7c8a9c", "marker-size": "small", "marker-opacity": 0.55}, "geometry": {"type": "Point", "coordinates": [6.9752574, 4.9266942]}}, {"type": "Feature", "properties": {"category": "asset", "name": "Ahia Manifold", "source": "pipelines-manifolds-geo.json", "marker-color": "#7c8a9c", "marker-size": "small", "marker-opacity": 0.55}, "geometry": {"type": "Point", "coordinates": [6.7588479, 5.1928369]}}, {"type": "Feature", "properties": {"category": "asset", "name": "Rumuekpe Manifold", "source": "pipelines-manifolds-geo.json", "marker-color": "#7c8a9c", "marker-size": "small", "marker-opacity": 0.55}, "geometry": {"type": "Point", "coordinates": [6.6883622, 4.9813223]}}, {"type": "Feature", "properties": {"category": "asset", "name": "Botem Manifold", "source": "pipelines-manifolds-geo.json", "marker-color": "#7c8a9c", "marker-size": "small", "marker-opacity": 0.55}, "geometry": {"type": "Point", "coordinates": [7.2812579, 4.7180468]}}, {"type": "Feature", "properties": {"category": "asset", "name": "Etelebou Manifold", "source": "pipelines-manifolds-geo.json", "marker-color": "#7c8a9c", "marker-size": "small", "marker-opacity": 0.55}, "geometry": {"type": "Point", "coordinates": [6.361196, 5.0248704]}}, {"type": "Feature", "properties": {"category": "asset", "name": "Zarama MF", "source": "pipelines-manifolds-geo.json", "marker-color": "#7c8a9c", "marker-size": "small", "marker-opacity": 0.55}, "geometry": {"type": "Point", "coordinates": [6.4124994, 5.0930292]}}, {"type": "Feature", "properties": {"category": "asset", "name": "Okordia Manifold", "source": "pipelines-manifolds-geo.json", "marker-color": "#7c8a9c", "marker-size": "small", "marker-opacity": 0.55}, "geometry": {"type": "Point", "coordinates": [6.452344, 5.154242]}}, {"type": "Feature", "properties": {"category": "asset", "name": "Akaramini MF", "source": "pipelines-manifolds-geo.json", "marker-color": "#7c8a9c", "marker-size": "small", "marker-opacity": 0.55}, "geometry": {"type": "Point", "coordinates": [6.4826458, 5.1203442]}}, {"type": "Feature", "properties": {"category": "asset", "name": "Okorede Manifold", "source": "pipelines-manifolds-geo.json", "marker-color": "#7c8a9c", "marker-size": "small", "marker-opacity": 0.55}, "geometry": {"type": "Point", "coordinates": [6.5420048, 5.0832835]}}, {"type": "Feature", "properties": {"category": "asset", "name": "Assa Manifold", "source": "pipelines-manifolds-geo.json", "marker-color": "#7c8a9c", "marker-size": "small", "marker-opacity": 0.55}, "geometry": {"type": "Point", "coordinates": [6.8000821, 5.3692312]}}, {"type": "Feature", "properties": {"category": "asset", "name": "Bomu Manifold K-Dere", "source": "pipelines-manifolds-geo.json", "marker-color": "#7c8a9c", "marker-size": "small", "marker-opacity": 0.55}, "geometry": {"type": "Point", "coordinates": [7.2775417, 4.66275]}}, {"type": "Feature", "properties": {"category": "asset", "name": "Bomu Manifold Legacy", "source": "pipelines-manifolds-geo.json", "marker-color": "#7c8a9c", "marker-size": "small", "marker-opacity": 0.55}, "geometry": {"type": "Point", "coordinates": [7.284382, 4.661949]}}, {"type": "Feature", "properties": {"category": "asset", "name": "Ebube Manifold", "source": "pipelines-manifolds-geo.json", "marker-color": "#7c8a9c", "marker-size": "small", "marker-opacity": 0.55}, "geometry": {"type": "Point", "coordinates": [7.1411663, 4.780629]}}, {"type": "Feature", "properties": {"category": "asset", "name": "IBAA Manifold", "source": "pipelines-manifolds-geo.json", "marker-color": "#7c8a9c", "marker-size": "small", "marker-opacity": 0.55}, "geometry": {"type": "Point", "coordinates": [6.8027759, 4.954584]}}, {"type": "Feature", "properties": {"category": "asset", "name": "Imo River I M/F", "source": "pipelines-manifolds-geo.json", "marker-color": "#7c8a9c", "marker-size": "small", "marker-opacity": 0.55}, "geometry": {"type": "Point", "coordinates": [7.1818507, 4.9790125]}}, {"type": "Feature", "properties": {"category": "asset", "name": "Imo River II Manifold", "source": "pipelines-manifolds-geo.json", "marker-color": "#7c8a9c", "marker-size": "small", "marker-opacity": 0.55}, "geometry": {"type": "Point", "coordinates": [7.1675428, 4.9834464]}}, {"type": "Feature", "properties": {"category": "asset", "name": "Imo River III M/F", "source": "pipelines-manifolds-geo.json", "marker-color": "#7c8a9c", "marker-size": "small", "marker-opacity": 0.55}, "geometry": {"type": "Point", "coordinates": [7.1857659, 4.9789339]}}, {"type": "Feature", "properties": {"category": "asset", "name": "Buguma Manifold", "source": "pipelines-manifolds-geo.json", "marker-color": "#7c8a9c", "marker-size": "small", "marker-opacity": 0.55}, "geometry": {"type": "Point", "coordinates": [6.8487946, 4.7334713]}}, {"type": "Feature", "properties": {"category": "asset", "name": "Ekulama I Junction M/F", "source": "pipelines-manifolds-geo.json", "marker-color": "#7c8a9c", "marker-size": "small", "marker-opacity": 0.55}, "geometry": {"type": "Point", "coordinates": [6.6823546, 4.5321369]}}, {"type": "Feature", "properties": {"category": "asset", "name": "Imom Gate M/F", "source": "pipelines-manifolds-geo.json", "marker-color": "#7c8a9c", "marker-size": "small", "marker-opacity": 0.55}, "geometry": {"type": "Point", "coordinates": [7.1737848, 4.8899165]}}, {"type": "Feature", "properties": {"category": "asset", "name": "Kolo Creek Manifold", "source": "pipelines-manifolds-geo.json", "marker-color": "#7c8a9c", "marker-size": "small", "marker-opacity": 0.55}, "geometry": {"type": "Point", "coordinates": [6.3579083, 4.9029576]}}, {"type": "Feature", "properties": {"category": "asset", "name": "KomKom Manifold", "source": "pipelines-manifolds-geo.json", "marker-color": "#7c8a9c", "marker-size": "small", "marker-opacity": 0.55}, "geometry": {"type": "Point", "coordinates": [7.1580634, 4.8508174]}}, {"type": "Feature", "properties": {"category": "asset", "name": "Mini NTA M/F", "source": "pipelines-manifolds-geo.json", "marker-color": "#7c8a9c", "marker-size": "small", "marker-opacity": 0.55}, "geometry": {"type": "Point", "coordinates": [6.7085715, 5.0702733]}}, {"type": "Feature", "properties": {"category": "asset", "name": "New Ebubu MF", "source": "pipelines-manifolds-geo.json", "marker-color": "#7c8a9c", "marker-size": "small", "marker-opacity": 0.55}, "geometry": {"type": "Point", "coordinates": [7.1535872, 4.8108358]}}, {"type": "Feature", "properties": {"category": "asset", "name": "New Elelenwa Manifold", "source": "pipelines-manifolds-geo.json", "marker-color": "#7c8a9c", "marker-size": "small", "marker-opacity": 0.55}, "geometry": {"type": "Point", "coordinates": [7.1090818, 4.8489562]}}, {"type": "Feature", "properties": {"category": "asset", "name": "New Nkpoku Manifold", "source": "pipelines-manifolds-geo.json", "marker-color": "#7c8a9c", "marker-size": "small", "marker-opacity": 0.55}, "geometry": {"type": "Point", "coordinates": [6.9988944, 4.9116889]}}, {"type": "Feature", "properties": {"category": "asset", "name": "Tora Manifold", "source": "pipelines-manifolds-geo.json", "marker-color": "#7c8a9c", "marker-size": "small", "marker-opacity": 0.55}, "geometry": {"type": "Point", "coordinates": [6.5024083, 4.4846324]}}, {"type": "Feature", "properties": {"category": "asset", "name": "Orubiri MF", "source": "pipelines-manifolds-geo.json", "marker-color": "#7c8a9c", "marker-size": "small", "marker-opacity": 0.55}, "geometry": {"type": "Point", "coordinates": [7.022216, 4.70366]}}, {"type": "Feature", "properties": {"category": "asset", "name": "Soku Flow Station", "source": "pipelines-manifolds-geo.json", "marker-color": "#7c8a9c", "marker-size": "small", "marker-opacity": 0.55}, "geometry": {"type": "Point", "coordinates": [6.6325348, 4.6501239]}}, {"type": "Feature", "properties": {"category": "asset", "name": "Soku Gas Plant", "source": "pipelines-manifolds-geo.json", "marker-color": "#7c8a9c", "marker-size": "small", "marker-opacity": 0.55}, "geometry": {"type": "Point", "coordinates": [6.6136016, 4.6583026]}}, {"type": "Feature", "properties": {"category": "asset", "name": "Agbada II Flowstation", "source": "pipelines-manifolds-geo.json", "marker-color": "#7c8a9c", "marker-size": "small", "marker-opacity": 0.55}, "geometry": {"type": "Point", "coordinates": [7.0173887, 4.9327791]}}, {"type": "Feature", "properties": {"category": "asset", "name": "Isimiri FlowStation", "source": "pipelines-manifolds-geo.json", "marker-color": "#7c8a9c", "marker-size": "small", "marker-opacity": 0.55}, "geometry": {"type": "Point", "coordinates": [7.2456395, 4.8651312]}}, {"type": "Feature", "properties": {"category": "asset", "name": "Rumuekpe Flowstation", "source": "pipelines-manifolds-geo.json", "marker-color": "#7c8a9c", "marker-size": "small", "marker-opacity": 0.55}, "geometry": {"type": "Point", "coordinates": [6.6880871, 4.9805631]}}, {"type": "Feature", "properties": {"category": "asset", "name": "Egbema FlowStation", "source": "pipelines-manifolds-geo.json", "marker-color": "#7c8a9c", "marker-size": "small", "marker-opacity": 0.55}, "geometry": {"type": "Point", "coordinates": [6.7633749, 5.5447846]}}, {"type": "Feature", "properties": {"category": "asset", "name": "Kolo Creek Extension F/S", "source": "pipelines-manifolds-geo.json", "marker-color": "#7c8a9c", "marker-size": "small", "marker-opacity": 0.55}, "geometry": {"type": "Point", "coordinates": [6.3735915, 4.8822115]}}, {"type": "Feature", "properties": {"category": "asset", "name": "Imo River II Flowstation", "source": "pipelines-manifolds-geo.json", "marker-color": "#7c8a9c", "marker-size": "small", "marker-opacity": 0.55}, "geometry": {"type": "Point", "coordinates": [7.1688637, 4.9868904]}}, {"type": "Feature", "properties": {"category": "asset", "name": "Imo River Flowstation", "source": "pipelines-manifolds-geo.json", "marker-color": "#7c8a9c", "marker-size": "small", "marker-opacity": 0.55}, "geometry": {"type": "Point", "coordinates": [7.1808677, 4.9797384]}}, {"type": "Feature", "properties": {"category": "asset", "name": "Imo River III Flowstation", "source": "pipelines-manifolds-geo.json", "marker-color": "#7c8a9c", "marker-size": "small", "marker-opacity": 0.55}, "geometry": {"type": "Point", "coordinates": [7.1859849, 4.9795607]}}, {"type": "Feature", "properties": {"category": "asset", "name": "Orubiri Flow Station", "source": "pipelines-manifolds-geo.json", "marker-color": "#7c8a9c", "marker-size": "small", "marker-opacity": 0.55}, "geometry": {"type": "Point", "coordinates": [7.0048321, 4.6984773]}}, {"type": "Feature", "properties": {"category": "asset", "name": "Kolo Creek Flowstation", "source": "pipelines-manifolds-geo.json", "marker-color": "#7c8a9c", "marker-size": "small", "marker-opacity": 0.55}, "geometry": {"type": "Point", "coordinates": [6.3729047, 4.8875626]}}, {"type": "Feature", "properties": {"category": "asset", "name": "Ahia Flowstation", "source": "pipelines-manifolds-geo.json", "marker-color": "#7c8a9c", "marker-size": "small", "marker-opacity": 0.55}, "geometry": {"type": "Point", "coordinates": [6.7612383, 5.1914996]}}, {"type": "Feature", "properties": {"category": "asset", "name": "Nun-River Flowstation", "source": "pipelines-manifolds-geo.json", "marker-color": "#7c8a9c", "marker-size": "small", "marker-opacity": 0.55}, "geometry": {"type": "Point", "coordinates": [6.0886554, 4.8002658]}}, {"type": "Feature", "properties": {"category": "asset", "name": "Diebu Creek Flowstsation", "source": "pipelines-manifolds-geo.json", "marker-color": "#7c8a9c", "marker-size": "small", "marker-opacity": 0.55}, "geometry": {"type": "Point", "coordinates": [6.0790352, 4.6600353]}}, {"type": "Feature", "properties": {"category": "asset", "name": "Alakiri Flowstation", "source": "pipelines-manifolds-geo.json", "marker-color": "#7c8a9c", "marker-size": "small", "marker-opacity": 0.55}, "geometry": {"type": "Point", "coordinates": [7.0624921, 4.6520601]}}, {"type": "Feature", "properties": {"category": "asset", "name": "Obele Flowstation", "source": "pipelines-manifolds-geo.json", "marker-color": "#7c8a9c", "marker-size": "small", "marker-opacity": 0.55}, "geometry": {"type": "Point", "coordinates": [6.8099437, 5.0075323]}}, {"type": "Feature", "properties": {"category": "asset", "name": "UmuEbulu-Etche Flow Station", "source": "pipelines-manifolds-geo.json", "marker-color": "#7c8a9c", "marker-size": "small", "marker-opacity": 0.55}, "geometry": {"type": "Point", "coordinates": [7.1212339, 4.8931997]}}, {"type": "Feature", "properties": {"category": "asset", "name": "Adibawa Flowstation", "source": "pipelines-manifolds-geo.json", "marker-color": "#7c8a9c", "marker-size": "small", "marker-opacity": 0.55}, "geometry": {"type": "Point", "coordinates": [6.490127, 5.1982921]}}, {"type": "Feature", "properties": {"category": "asset", "name": "Oguta Flowstation", "source": "pipelines-manifolds-geo.json", "marker-color": "#7c8a9c", "marker-size": "small", "marker-opacity": 0.55}, "geometry": {"type": "Point", "coordinates": [6.7081469, 5.6622766]}}, {"type": "Feature", "properties": {"category": "asset", "name": "Agbada Flowstation I", "source": "pipelines-manifolds-geo.json", "marker-color": "#7c8a9c", "marker-size": "small", "marker-opacity": 0.55}, "geometry": {"type": "Point", "coordinates": [6.9774298, 4.9335188]}}, {"type": "Feature", "properties": {"category": "asset", "name": "CawC Junction Manifold", "source": "pipelines-manifolds-geo.json", "marker-color": "#7c8a9c", "marker-size": "small", "marker-opacity": 0.55}, "geometry": {"type": "Point", "coordinates": [7.0617059, 4.5569171]}}, {"type": "Feature", "properties": {"category": "asset", "name": "Greenville LNG", "source": "pipelines-manifolds-geo.json", "marker-color": "#7c8a9c", "marker-size": "small", "marker-opacity": 0.55}, "geometry": {"type": "Point", "coordinates": [6.7723856, 4.9587748]}}, {"type": "Feature", "properties": {"category": "asset", "name": "Ogbele CPF - NDPR", "source": "pipelines-manifolds-geo.json", "marker-color": "#7c8a9c", "marker-size": "small", "marker-opacity": 0.55}, "geometry": {"type": "Point", "coordinates": [6.6538055, 4.9273046]}}, {"type": "Feature", "properties": {"category": "asset", "name": "PINL HB @ Okololaunch", "source": "pipelines-manifolds-geo.json", "marker-color": "#7c8a9c", "marker-size": "small", "marker-opacity": 0.55}, "geometry": {"type": "Point", "coordinates": [7.2435083, 4.5023361]}}, {"type": "Feature", "properties": {"category": "asset", "name": "PINL HB @ Iwokiri", "source": "pipelines-manifolds-geo.json", "marker-color": "#7c8a9c", "marker-size": "small", "marker-opacity": 0.55}, "geometry": {"type": "Point", "coordinates": [7.2435083, 4.5752722]}}, {"type": "Feature", "properties": {"category": "asset", "name": "PINL NNS Warrior (PB)", "source": "pipelines-manifolds-geo.json", "marker-color": "#7c8a9c", "marker-size": "small", "marker-opacity": 0.55}, "geometry": {"type": "Point", "coordinates": [7.2448333, 4.5376667]}}, {"type": "Feature", "properties": {"category": "asset", "name": "PINL NNS Valour (PB)", "source": "pipelines-manifolds-geo.json", "marker-color": "#7c8a9c", "marker-size": "small", "marker-opacity": 0.55}, "geometry": {"type": "Point", "coordinates": [7.1758333, 4.4703333]}}, {"type": "Feature", "properties": {"category": "asset", "name": "PINL HB @ Oloma", "source": "pipelines-manifolds-geo.json", "marker-color": "#7c8a9c", "marker-size": "small", "marker-opacity": 0.55}, "geometry": {"type": "Point", "coordinates": [7.1759472, 4.4485667]}}, {"type": "Feature", "properties": {"category": "asset", "name": "PINL House Boat (Orashi)", "source": "pipelines-manifolds-geo.json", "marker-color": "#7c8a9c", "marker-size": "small", "marker-opacity": 0.55}, "geometry": {"type": "Point", "coordinates": [6.5565, 4.9478333]}}, {"type": "Feature", "properties": {"category": "asset", "name": "PINL Houseboat 5 (Kolo Creek)", "source": "pipelines-manifolds-geo.json", "marker-color": "#7c8a9c", "marker-size": "small", "marker-opacity": 0.55}, "geometry": {"type": "Point", "coordinates": [6.2621667, 4.8638333]}}, {"type": "Feature", "properties": {"category": "asset", "name": "PINL Ndele Military Camp", "source": "pipelines-manifolds-geo.json", "marker-color": "#7c8a9c", "marker-size": "small", "marker-opacity": 0.55}, "geometry": {"type": "Point", "coordinates": [6.7360694, 4.9675694]}}, {"type": "Feature", "properties": {"category": "asset", "name": "PINL Military Camp (Owaza)", "source": "pipelines-manifolds-geo.json", "marker-color": "#7c8a9c", "marker-size": "small", "marker-opacity": 0.55}, "geometry": {"type": "Point", "coordinates": [7.1766667, 4.9795]}}, {"type": "Feature", "properties": {"category": "asset", "name": "PINL Military Camp Agbonchia", "source": "pipelines-manifolds-geo.json", "marker-color": "#7c8a9c", "marker-size": "small", "marker-opacity": 0.55}, "geometry": {"type": "Point", "coordinates": [7.134058, 4.828293]}}, {"type": "Feature", "properties": {"category": "asset", "name": "PINL Iba Manifold Military Camp", "source": "pipelines-manifolds-geo.json", "marker-color": "#7c8a9c", "marker-size": "small", "marker-opacity": 0.55}, "geometry": {"type": "Point", "coordinates": [6.8015278, 4.9558722]}}, {"type": "Feature", "properties": {"category": "asset", "name": "PINL Ogale Military Camp", "source": "pipelines-manifolds-geo.json", "marker-color": "#7c8a9c", "marker-size": "small", "marker-opacity": 0.55}, "geometry": {"type": "Point", "coordinates": [7.154634, 4.823224]}}, {"type": "Feature", "properties": {"category": "asset", "name": "Nkali Flowstation", "source": "pipelines-manifolds-geo.json", "marker-color": "#7c8a9c", "marker-size": "small", "marker-opacity": 0.55}, "geometry": {"type": "Point", "coordinates": [7.1176813, 4.9834517]}}, {"type": "Feature", "properties": {"category": "asset", "name": "Agu Flowstation (SEEPCO)", "source": "pipelines-manifolds-geo.json", "marker-color": "#7c8a9c", "marker-size": "small", "marker-opacity": 0.55}, "geometry": {"type": "Point", "coordinates": [6.8316974, 5.5012291]}}, {"type": "Feature", "properties": {"category": "asset", "name": "Oredo Flow Station", "source": "pipelines-manifolds-geo.json", "marker-color": "#7c8a9c", "marker-size": "small", "marker-opacity": 0.55}, "geometry": {"type": "Point", "coordinates": [5.5848571, 6.0633107]}}, {"type": "Feature", "properties": {"category": "asset", "name": "Ughelli Pumping Station", "source": "pipelines-manifolds-geo.json", "marker-color": "#7c8a9c", "marker-size": "small", "marker-opacity": 0.55}, "geometry": {"type": "Point", "coordinates": [5.9418337, 5.5108426]}}, {"type": "Feature", "properties": {"category": "asset", "name": "Utorogu Flowstation", "source": "pipelines-manifolds-geo.json", "marker-color": "#7c8a9c", "marker-size": "small", "marker-opacity": 0.55}, "geometry": {"type": "Point", "coordinates": [5.8829264, 5.4347641]}}, {"type": "Feature", "properties": {"category": "asset", "name": "Utorogu GPF", "source": "pipelines-manifolds-geo.json", "marker-color": "#7c8a9c", "marker-size": "small", "marker-opacity": 0.55}, "geometry": {"type": "Point", "coordinates": [5.8801109, 5.4462437]}}, {"type": "Feature", "properties": {"category": "asset", "name": "Ovade - Ogharafe GPF", "source": "pipelines-manifolds-geo.json", "marker-color": "#7c8a9c", "marker-size": "small", "marker-opacity": 0.55}, "geometry": {"type": "Point", "coordinates": [5.7169915, 6.0419919]}}, {"type": "Feature", "properties": {"category": "asset", "name": "Utunana Flow Station", "source": "pipelines-manifolds-geo.json", "marker-color": "#7c8a9c", "marker-size": "small", "marker-opacity": 0.55}, "geometry": {"type": "Point", "coordinates": [5.3347789, 5.7103333]}}, {"type": "Feature", "properties": {"category": "asset", "name": "Warri Refinery", "source": "pipelines-manifolds-geo.json", "marker-color": "#7c8a9c", "marker-size": "small", "marker-opacity": 0.55}, "geometry": {"type": "Point", "coordinates": [5.7141222, 5.5697917]}}, {"type": "Feature", "properties": {"category": "asset", "name": "Amuokpe Flowstation", "source": "pipelines-manifolds-geo.json", "marker-color": "#7c8a9c", "marker-size": "small", "marker-opacity": 0.55}, "geometry": {"type": "Point", "coordinates": [5.6915288, 5.8632586]}}, {"type": "Feature", "properties": {"category": "asset", "name": "Bibi Flowstation", "source": "pipelines-manifolds-geo.json", "marker-color": "#7c8a9c", "marker-size": "small", "marker-opacity": 0.55}, "geometry": {"type": "Point", "coordinates": [5.2047323, 5.8165268]}}, {"type": "Feature", "properties": {"category": "asset", "name": "Olero Flowstation", "source": "pipelines-manifolds-geo.json", "marker-color": "#7c8a9c", "marker-size": "small", "marker-opacity": 0.55}, "geometry": {"type": "Point", "coordinates": [5.1321072, 5.8587473]}}, {"type": "Feature", "properties": {"category": "asset", "name": "Opuekeba Flowstation", "source": "pipelines-manifolds-geo.json", "marker-color": "#7c8a9c", "marker-size": "small", "marker-opacity": 0.55}, "geometry": {"type": "Point", "coordinates": [5.0154585, 5.9173078]}}, {"type": "Feature", "properties": {"category": "asset", "name": "Egbaoma Flowstation", "source": "pipelines-manifolds-geo.json", "marker-color": "#7c8a9c", "marker-size": "small", "marker-opacity": 0.55}, "geometry": {"type": "Point", "coordinates": [6.2182938, 5.8782509]}}, {"type": "Feature", "properties": {"category": "asset", "name": "Oben Gas Plant", "source": "pipelines-manifolds-geo.json", "marker-color": "#7c8a9c", "marker-size": "small", "marker-opacity": 0.55}, "geometry": {"type": "Point", "coordinates": [5.866803, 6.0121467]}}, {"type": "Feature", "properties": {"category": "asset", "name": "Sapele West Flowstation", "source": "pipelines-manifolds-geo.json", "marker-color": "#7c8a9c", "marker-size": "small", "marker-opacity": 0.55}, "geometry": {"type": "Point", "coordinates": [5.5827154, 5.897869]}}, {"type": "Feature", "properties": {"category": "asset", "name": "Utorogu Gas Plant (NDPR)", "source": "pipelines-manifolds-geo.json", "marker-color": "#7c8a9c", "marker-size": "small", "marker-opacity": 0.55}, "geometry": {"type": "Point", "coordinates": [5.8789656, 5.446656]}}, {"type": "Feature", "properties": {"category": "asset", "name": "Umusadege CPF", "source": "pipelines-manifolds-geo.json", "marker-color": "#7c8a9c", "marker-size": "small", "marker-opacity": 0.55}, "geometry": {"type": "Point", "coordinates": [6.4235609, 5.7134887]}}, {"type": "Feature", "properties": {"category": "asset", "name": "Beneku Flowstation (Sterling Global)", "source": "pipelines-manifolds-geo.json", "marker-color": "#7c8a9c", "marker-size": "small", "marker-opacity": 0.55}, "geometry": {"type": "Point", "coordinates": [6.4861793, 5.7178837]}}, {"type": "Feature", "properties": {"category": "asset", "name": "Obite Gas Plant", "source": "pipelines-manifolds-geo.json", "marker-color": "#7c8a9c", "marker-size": "small", "marker-opacity": 0.55}, "geometry": {"type": "Point", "coordinates": [6.6606806, 5.2441694]}}, {"type": "Feature", "properties": {"category": "asset", "name": "Etelebou Flowstation", "source": "pipelines-manifolds-geo.json", "marker-color": "#7c8a9c", "marker-size": "small", "marker-opacity": 0.55}, "geometry": {"type": "Point", "coordinates": [6.3604147, 5.0250423]}}, {"type": "Feature", "properties": {"category": "asset", "name": "Ubie West", "source": "pipelines-manifolds-geo.json", "marker-color": "#7c8a9c", "marker-size": "small", "marker-opacity": 0.55}, "geometry": {"type": "Point", "coordinates": [6.5569818, 5.110903]}}, {"type": "Feature", "properties": {"category": "asset", "name": "Amukpe Flowstation", "source": "pipelines-manifolds-geo.json", "marker-color": "#7c8a9c", "marker-size": "small", "marker-opacity": 0.55}, "geometry": {"type": "Point", "coordinates": [5.691721, 5.8634956]}}, {"type": "Feature", "properties": {"category": "asset", "name": "Gbaran CPF", "source": "pipelines-manifolds-geo.json", "marker-color": "#7c8a9c", "marker-size": "small", "marker-opacity": 0.55}, "geometry": {"type": "Point", "coordinates": [6.2986957, 5.0164743]}}, {"type": "Feature", "properties": {"category": "asset", "name": "Umubele Gas Gathering Node NGC", "source": "pipelines-manifolds-geo.json", "marker-color": "#7c8a9c", "marker-size": "small", "marker-opacity": 0.55}, "geometry": {"type": "Point", "coordinates": [7.117963, 4.8946265]}}, {"type": "Feature", "properties": {"category": "asset", "name": "Amukpe Buffer Tank", "source": "pipelines-manifolds-geo.json", "marker-color": "#7c8a9c", "marker-size": "small", "marker-opacity": 0.55}, "geometry": {"type": "Point", "coordinates": [5.6848764, 5.8598663]}}, {"type": "Feature", "properties": {"category": "asset", "name": "Oroni FlowStation", "source": "pipelines-manifolds-geo.json", "marker-color": "#7c8a9c", "marker-size": "small", "marker-opacity": 0.55}, "geometry": {"type": "Point", "coordinates": [6.1435759, 5.3574279]}}, {"type": "Feature", "properties": {"category": "asset", "name": "Evwreni Flow Station", "source": "pipelines-manifolds-geo.json", "marker-color": "#7c8a9c", "marker-size": "small", "marker-opacity": 0.55}, "geometry": {"type": "Point", "coordinates": [6.0404331, 5.3746575]}}, {"type": "Feature", "properties": {"category": "asset", "name": "Sapele GPF", "source": "pipelines-manifolds-geo.json", "marker-color": "#7c8a9c", "marker-size": "small", "marker-opacity": 0.55}, "geometry": {"type": "Point", "coordinates": [5.5850179, 5.898875]}}, {"type": "Feature", "properties": {"category": "asset", "name": "Idama Flowstation (Belema)", "source": "pipelines-manifolds-geo.json", "marker-color": "#7c8a9c", "marker-size": "small", "marker-opacity": 0.55}, "geometry": {"type": "Point", "coordinates": [6.8145268, 4.6274922]}}, {"type": "Feature", "properties": {"category": "asset", "name": "Izombe Flowstation", "source": "pipelines-manifolds-geo.json", "marker-color": "#7c8a9c", "marker-size": "small", "marker-opacity": 0.55}, "geometry": {"type": "Point", "coordinates": [6.8172061, 5.6179189]}}, {"type": "Feature", "properties": {"category": "asset", "name": "Ogbonga", "source": "pipelines-manifolds-geo.json", "marker-color": "#7c8a9c", "marker-size": "small", "marker-opacity": 0.55}, "geometry": {"type": "Point", "coordinates": [7.179445, 4.452198]}}, {"type": "Feature", "properties": {"category": "asset", "name": "Ozeingbe Flow Station", "source": "pipelines-manifolds-geo.json", "marker-color": "#7c8a9c", "marker-size": "small", "marker-opacity": 0.55}, "geometry": {"type": "Point", "coordinates": [5.4379677, 6.0627751]}}, {"type": "Feature", "properties": {"category": "asset", "name": "Calabar Power Plant", "source": "pipelines-manifolds-geo.json", "marker-color": "#7c8a9c", "marker-size": "small", "marker-opacity": 0.55}, "geometry": {"type": "Point", "coordinates": [8.2732723, 5.1904872]}}, {"type": "Feature", "properties": {"category": "asset", "name": "QUA IBO TERMINAL", "source": "pipelines-manifolds-geo.json", "marker-color": "#7c8a9c", "marker-size": "small", "marker-opacity": 0.55}, "geometry": {"type": "Point", "coordinates": [8.0072749, 4.5528275]}}, {"type": "Feature", "properties": {"category": "asset", "name": "IBOM POWER PLANT", "source": "pipelines-manifolds-geo.json", "marker-color": "#7c8a9c", "marker-size": "small", "marker-opacity": 0.55}, "geometry": {"type": "Point", "coordinates": [7.567698, 4.5644502]}}, {"type": "Feature", "properties": {"category": "asset", "name": "Ebe Ekpi", "source": "pipelines-manifolds-geo.json", "marker-color": "#7c8a9c", "marker-size": "small", "marker-opacity": 0.55}, "geometry": {"type": "Point", "coordinates": [8.0063267, 4.6478763]}}, {"type": "Feature", "properties": {"category": "asset", "name": "Ibom Power Plant", "source": "pipelines-manifolds-geo.json", "marker-color": "#7c8a9c", "marker-size": "small", "marker-opacity": 0.55}, "geometry": {"type": "Point", "coordinates": [7.570325, 4.5596069]}}, {"type": "Feature", "properties": {"category": "asset", "name": "Ugada FS", "source": "pipelines-manifolds-geo.json", "marker-color": "#7c8a9c", "marker-size": "small", "marker-opacity": 0.55}, "geometry": {"type": "Point", "coordinates": [6.6850638, 5.544347]}}, {"type": "Feature", "properties": {"category": "asset", "name": "Okoloma Gas Plant", "source": "pipelines-manifolds-geo.json", "marker-color": "#7c8a9c", "marker-size": "small", "marker-opacity": 0.55}, "geometry": {"type": "Point", "coordinates": [7.25414, 4.8447073]}}, {"type": "Feature", "properties": {"category": "asset", "name": "Igbide FS to EVWRENI-UGHELLI FS", "source": "pipelines-manifolds-geo.json", "marker-color": "#7c8a9c", "marker-size": "small", "marker-opacity": 0.55}, "geometry": {"type": "Point", "coordinates": [5.9728803, 5.4159369]}}, {"type": "Feature", "properties": {"category": "asset", "name": "Qua Ibo", "source": "pipelines-manifolds-geo.json", "marker-color": "#7c8a9c", "marker-size": "small", "marker-opacity": 0.55}, "geometry": {"type": "Point", "coordinates": [8.0206175, 4.5972644]}}, {"type": "Feature", "properties": {"category": "asset", "name": "Calabar Gas Plant", "source": "pipelines-manifolds-geo.json", "marker-color": "#7c8a9c", "marker-size": "small", "marker-opacity": 0.55}, "geometry": {"type": "Point", "coordinates": [8.2757524, 5.1747764]}}, {"type": "Feature", "properties": {"category": "asset", "name": "Stubbs Creek margina Fiels", "source": "pipelines-manifolds-geo.json", "marker-color": "#7c8a9c", "marker-size": "small", "marker-opacity": 0.55}, "geometry": {"type": "Point", "coordinates": [8.1005943, 4.5527936]}}, {"type": "Feature", "properties": {"category": "asset", "name": "Ebe Ekpi", "source": "pipelines-manifolds-geo.json", "marker-color": "#7c8a9c", "marker-size": "small", "marker-opacity": 0.55}, "geometry": {"type": "Point", "coordinates": [8.005838, 4.6466513]}}, {"type": "Feature", "properties": {"category": "asset", "name": "Uyo", "source": "pipelines-manifolds-geo.json", "marker-color": "#7c8a9c", "marker-size": "small", "marker-opacity": 0.55}, "geometry": {"type": "Point", "coordinates": [7.8781387, 4.9783428]}}, {"type": "Feature", "properties": {"category": "asset", "name": "Antan Line (Maton)", "source": "pipelines-manifolds-geo.json", "marker-color": "#7c8a9c", "marker-size": "small", "marker-opacity": 0.55}, "geometry": {"type": "Point", "coordinates": [6.8448347, 5.658421]}}, {"type": "Feature", "properties": {"category": "asset", "name": "Escravos", "source": "ESCRAVOS TO WARRI.geojson", "marker-color": "#00b3e6", "marker-size": "medium", "marker-opacity": 1}, "geometry": {"type": "Point", "coordinates": [5.1999651, 5.6163727]}}, {"type": "Feature", "properties": {"category": "asset", "name": "Warri", "source": "ESCRAVOS TO WARRI.geojson", "marker-color": "#00b3e6", "marker-size": "medium", "marker-opacity": 1}, "geometry": {"type": "Point", "coordinates": [5.7107544, 5.5708668]}}, {"type": "Feature", "properties": {"category": "asset", "name": "Kaduna", "source": "Kaduna to Jos.geojson", "marker-color": "#00b3e6", "marker-size": "medium", "marker-opacity": 1}, "geometry": {"type": "Point", "coordinates": [7.4894599, 10.4047106]}}, {"type": "Feature", "properties": {"category": "asset", "name": "Jos", "source": "Kaduna to Jos.geojson", "marker-color": "#00b3e6", "marker-size": "medium", "marker-opacity": 1}, "geometry": {"type": "Point", "coordinates": [8.8794117, 10.0487661]}}, {"type": "Feature", "properties": {"category": "asset", "name": "Maiduguri", "source": "Kaduna to Maiduguri.kmz.geojson", "marker-color": "#00b3e6", "marker-size": "medium", "marker-opacity": 1}, "geometry": {"type": "Point", "coordinates": [13.1299964, 11.8009296]}}, {"type": "Feature", "properties": {"category": "asset", "name": "Suleja", "source": "Kaduna to Suleja.geojson", "marker-color": "#00b3e6", "marker-size": "medium", "marker-opacity": 1}, "geometry": {"type": "Point", "coordinates": [7.1717011, 9.2515538]}}, {"type": "Feature", "properties": {"category": "asset", "name": "Kano", "source": "Kaduna-Kano.geojson", "marker-color": "#00b3e6", "marker-size": "medium", "marker-opacity": 1}, "geometry": {"type": "Point", "coordinates": [8.5737745, 11.9636526]}}, {"type": "Feature", "properties": {"category": "asset", "name": "Ilorin", "source": "Mosimi Area  Pipeline.geojson", "marker-color": "#00b3e6", "marker-size": "medium", "marker-opacity": 1}, "geometry": {"type": "Point", "coordinates": [4.6913898, 8.5673624]}}, {"type": "Feature", "properties": {"category": "asset", "name": "Ibadan", "source": "Mosimi Area  Pipeline.geojson", "marker-color": "#00b3e6", "marker-size": "medium", "marker-opacity": 1}, "geometry": {"type": "Point", "coordinates": [3.8184383, 7.3953307]}}, {"type": "Feature", "properties": {"category": "asset", "name": "Ore", "source": "Mosimi Area  Pipeline.geojson", "marker-color": "#00b3e6", "marker-size": "medium", "marker-opacity": 1}, "geometry": {"type": "Point", "coordinates": [4.8768414, 6.7711317]}}, {"type": "Feature", "properties": {"category": "asset", "name": "Mosimi", "source": "Mosimi Area  Pipeline.geojson", "marker-color": "#00b3e6", "marker-size": "medium", "marker-opacity": 1}, "geometry": {"type": "Point", "coordinates": [3.5545515, 6.7552321]}}, {"type": "Feature", "properties": {"category": "asset", "name": "Gombe", "source": "Mosimi to Ibadan.kmz.geojson", "marker-color": "#00b3e6", "marker-size": "medium", "marker-opacity": 1}, "geometry": {"type": "Point", "coordinates": [11.1147948, 10.2917155]}}, {"type": "Feature", "properties": {"category": "asset", "name": "Gusau", "source": "Mosimi to Ibadan.kmz.geojson", "marker-color": "#00b3e6", "marker-size": "medium", "marker-opacity": 1}, "geometry": {"type": "Point", "coordinates": [6.6282892, 12.218164]}}, {"type": "Feature", "properties": {"category": "asset", "name": "Zaria", "source": "Mosimi to Ibadan.kmz.geojson", "marker-color": "#00b3e6", "marker-size": "medium", "marker-opacity": 1}, "geometry": {"type": "Point", "coordinates": [7.6921821, 11.1036065]}}, {"type": "Feature", "properties": {"category": "asset", "name": "Makurdi", "source": "Mosimi to Ibadan.kmz.geojson", "marker-color": "#00b3e6", "marker-size": "medium", "marker-opacity": 1}, "geometry": {"type": "Point", "coordinates": [8.5714275, 7.6162223]}}, {"type": "Feature", "properties": {"category": "asset", "name": "Yola", "source": "Mosimi to Ibadan.kmz.geojson", "marker-color": "#00b3e6", "marker-size": "medium", "marker-opacity": 1}, "geometry": {"type": "Point", "coordinates": [12.3082579, 9.2814306]}}, {"type": "Feature", "properties": {"category": "asset", "name": "Minna", "source": "Mosimi to Ibadan.kmz.geojson", "marker-color": "#00b3e6", "marker-size": "medium", "marker-opacity": 1}, "geometry": {"type": "Point", "coordinates": [6.6153736, 9.4917139]}}, {"type": "Feature", "properties": {"category": "asset", "name": "Atlas Cove", "source": "Ore to Mosimi Pipeline.kmz.geojson", "marker-color": "#00b3e6", "marker-size": "medium", "marker-opacity": 1}, "geometry": {"type": "Point", "coordinates": [3.3883598, 6.4124037]}}, {"type": "Feature", "properties": {"category": "asset", "name": "Benin", "source": "Path.geojson", "marker-color": "#00b3e6", "marker-size": "medium", "marker-opacity": 1}, "geometry": {"type": "Point", "coordinates": [5.7007229, 6.3399266]}}, {"type": "Feature", "properties": {"category": "asset", "name": "Abudu", "source": "Path.geojson", "marker-color": "#00b3e6", "marker-size": "medium", "marker-opacity": 1}, "geometry": {"type": "Point", "coordinates": [6.0014519, 6.2752999]}}, {"type": "Feature", "properties": {"category": "asset", "name": "Auchi", "source": "Path.geojson", "marker-color": "#00b3e6", "marker-size": "medium", "marker-opacity": 1}, "geometry": {"type": "Point", "coordinates": [6.2619587, 7.0325726]}}, {"type": "Feature", "properties": {"category": "asset", "name": "Port Harcourt", "source": "Port Harcourt to Bonny.geojson", "marker-color": "#00b3e6", "marker-size": "medium", "marker-opacity": 1}, "geometry": {"type": "Point", "coordinates": [7.1087007, 4.7643813]}}, {"type": "Feature", "properties": {"category": "asset", "name": "Bonny", "source": "Port Harcourt to Bonny.geojson", "marker-color": "#00b3e6", "marker-size": "medium", "marker-opacity": 1}, "geometry": {"type": "Point", "coordinates": [7.166724, 4.4319838]}}, {"type": "Feature", "properties": {"category": "asset", "name": "Enugu", "source": "Port Harcourt to Enugu.geojson", "marker-color": "#00b3e6", "marker-size": "medium", "marker-opacity": 1}, "geometry": {"type": "Point", "coordinates": [7.602252, 6.4745966]}}, {"type": "Feature", "properties": {"category": "asset", "name": "Calabar", "source": "Warri to Kaduna.kmz.geojson", "marker-color": "#00b3e6", "marker-size": "medium", "marker-opacity": 1}, "geometry": {"type": "Point", "coordinates": [8.3240409, 5.0122775]}}]}